tree
version=v4
num_class=1
num_tree_per_iteration=1
label_index=0
max_feature_idx=2
objective=binary sigmoid:1
feature_names=delay_months delinquent_months utilisation
monotone_constraints=1 1 1
feature_infos=[0:8] [0:6] [0:1.5]
tree_sizes=1681 1716 1716 1717 1708 1714 1718 1725 1723 1716 1720 1609 1725 1402 1718 1619 1721 1726 1727 1514 1724 1731 1630 1722 1727 1519 1745 1631 1416 1738 1631 1304 1324 1530 1628 1312 1530 1743 1633 1315 1316 1427 1100 1317 1754 1429 1541 1418 778 1326 1103 1429 890 568 1207 886 780 1328 1006 894 1322 675 675 676 1220 676 1113 1549 787 677 790 897 1005 683 682 898 681 1000 461 467 681 675 680 574 572 894 1009 680 686 578 582

Tree=0
num_leaves=15
num_cat=0
split_feature=0 1 0 1 2 2 2 1 2 2 1 2 2 2
split_gain=2120.07 367.864 88.9603 74.985 27.3159 22.8149 5.72866 2.59544 2.33418 2.24082 1.99474 0.788205 0.277481 0.196208
threshold=1.5000000000000002 2.5000000000000004 1.0000000180025095e-35 5.5000000000000009 0.2781583333333334 0.95671261755485903 0.87692500000000007 3.5000000000000004 0.0015057142857142858 0.99118166666666674 1.5000000000000002 0.77616000000000007 1.0089157142857146 1.0405166666666668
decision_type=2 2 2 2 2 2 2 2 2 2 2 2 2 2
left_child=2 4 5 7 8 11 10 -3 -2 -7 -6 -1 -8 -11
right_child=1 3 -4 -5 6 9 12 -9 -10 13 -12 -13 -14 -15
leaf_value=-1.2913887308982865 -1.2498720453641243 -1.1763499233150623 -1.2498720453641243 -1.1176090231796747 -1.2222350292195228 -1.2802701273795303 -1.2054886090525965 -1.1601160213573631 -1.2334499041956313 -1.2719307768551895 -1.2083252812606191 -1.287556929066666 -1.1936001667886869 -1.2673836637026132
leaf_weight=1347.769510731101 17.917426705360413 109.74423857033253 161.08455739915371 122.14861090481281 91.654528915882111 111.12250216305256 81.834400817751884 111.29478511214256 142.47799889743328 110.43337036669254 54.613694861531258 240.85156282782555 41.69247367978096 41.69247367978096
leaf_count=7823 104 637 935 709 532 645 475 646 827 641 317 1398 242 242
internal_value=-1.25856 -1.18812 -1.28546 -1.14956 -1.21906 -1.28856 -1.20934 -1.16777 -1.23562 -1.27484 -1.21674 -1.29083 -1.20099 -1.27075
internal_weight=0 773.378 2012.95 343.188 430.191 1851.87 269.795 221.039 160.395 263.248 146.268 1588.62 123.527 152.126
internal_count=16173 4489 11684 1992 2497 10749 1566 1283 931 1528 849 9221 717 883
is_linear=0
shrinkage=1


Tree=1
num_leaves=15
num_cat=0
split_feature=0 1 0 1 2 2 1 2 1 2 1 2 2 2
split_gain=1898.12 285.886 80.8241 52.5418 35.2838 21.9346 5.34231 5.16862 5.68986 3.29792 2.58478 1.76155 0.688088 0.448434
threshold=1.5000000000000002 2.5000000000000004 1.0000000180025095e-35 5.5000000000000009 0.2781583333333334 0.95671261755485903 3.5000000000000004 0.87692500000000007 1.5000000000000002 0.0015057142857142858 1.5000000000000002 0.99118166666666674 1.0313333333333337 0.77616000000000007
decision_type=2 2 2 2 2 2 2 2 2 2 2 2 2 2
left_child=2 4 5 6 9 13 -3 8 -6 -2 -11 -7 -13 -1
right_child=1 3 -4 -5 7 11 -8 -9 -10 10 -12 12 -14 -15
leaf_value=-0.031507120518438785 0.0076805197890131641 0.072931216575413182 0.0076805197890131641 0.12347107072147985 0.033668347867686764 -0.020144454140067228 0.091588525739888543 0.056826103714254818 0.054943042989568425 0.016868354536083392 0.030884480976914139 -0.01394670263458446 -0.0064408832135180354 -0.028313492015551125
leaf_weight=1330.1822327822447 19.21599492430687 113.67485827207565 165.15368610620499 133.15762639045715 93.15670982003212 111.30827933549881 116.10259039700031 126.72708515822887 55.431876435875893 90.665490835905075 56.775114685297012 104.13773185014725 46.961381047964096 240.34441915154457
leaf_count=7865 111 631 954 717 530 654 639 713 313 519 325 609 274 1418
internal_value=0 0.0651149 -0.02578 0.0979659 0.0379784 -0.0287975 0.0827145 0.0489617 0.0419192 0.0196502 0.0224373 -0.0153285 -0.0116716 -0.0310367
internal_weight=0 804.907 1998.09 362.935 441.972 1832.93 229.777 275.316 148.589 166.657 147.441 262.407 151.099 1570.53
internal_count=16272 4498 11774 1987 2511 10820 1270 1556 843 955 844 1537 883 9283
is_linear=0
shrinkage=0.05


Tree=2
num_leaves=15
num_cat=0
split_feature=0 1 0 1 2 2 2 2 1 2 1 2 1 2
split_gain=1660.5 256.586 79.3524 37.5143 31.1063 17.8391 3.50948 3.32539 2.13204 1.92855 1.79428 0.939831 0.829962 0.642454
threshold=1.5000000000000002 2.5000000000000004 1.0000000180025095e-35 4.5000000000000009 0.2781583333333334 0.95671261755485903 0.87197500000000006 0.0015057142857142858 1.5000000000000002 0.99118166666666674 3.5000000000000004 0.77616000000000007 1.5000000000000002 1.0405166666666668
decision_type=2 2 2 2 2 2 2 2 2 2 2 2 2 2
left_child=2 4 5 10 7 11 8 -2 -6 -7 -3 -1 -9 -11
right_child=1 3 -4 -5 6 9 -8 12 -10 13 -12 -13 -14 -15
leaf_value=-0.031488081086653526 0.0075686735580101291 0.067355963639299327 0.0075686735580101291 0.10685856338045432 0.031939920373251968 -0.021631676658900301 0.049576990254539509 0.015731425708893115 0.04556552621099022 -0.014734680901331882 0.081134604888525585 -0.027402807676343344 0.023991941655606096 -0.0071647510675041581
leaf_weight=1292.2213298082352 17.906984344124794 113.3517761528492 163.0752554833889 170.1094041466713 94.862555265426636 107.68542289733887 130.75237661600113 91.680527329444885 57.070338606834412 105.20821170508862 95.535269111394882 232.64597408473492 57.025426670908928 42.362335801124573
leaf_count=7780 103 606 938 868 530 640 714 520 313 620 502 1395 321 248
internal_value=0 0.0587308 -0.0257733 0.0889985 0.0330581 -0.0288303 0.0431455 0.0157879 0.0373226 -0.0164939 0.0740142 -0.0308832 0.0190383 -0.0126245
internal_weight=0 828.295 1943.2 378.996 449.298 1780.12 282.685 166.613 151.933 255.256 208.887 1524.87 148.706 147.571
internal_count=16098 4477 11621 1976 2501 10683 1557 944 843 1508 1108 9175 841 868
is_linear=0
shrinkage=0.05


Tree=3
num_leaves=15
num_cat=0
split_feature=0 1 0 1 2 2 2 1 2 1 2 2 1 2
split_gain=1425.01 194.824 77.6236 33.8377 19.0865 16.7249 4.38879 4.73233 1.79581 1.68606 1.64708 1.30858 0.936489 0.610085
threshold=1.5000000000000002 2.5000000000000004 1.0000000180025095e-35 5.5000000000000009 0.40812500000000007 0.95671261755485903 0.89237437500000005 1.5000000000000002 0.77616000000000007 3.5000000000000004 0.0015057142857142858 0.99118166666666674 1.5000000000000002 0.14051285714285719
decision_type=2 2 2 2 2 2 2 2 2 2 2 2 2 2
left_child=2 4 5 9 10 8 7 -6 -1 -3 -2 -7 13 -12
right_child=1 3 -4 -5 6 11 -8 -9 -10 -11 12 -13 -14 -15
leaf_value=-0.030052983819404452 0.008595390643077884 0.060881640684543797 0.008595390643077884 0.098293560266467947 0.024791089166805266 -0.01951931616883687 0.046666521722037918 0.045165315341003397 -0.024807509206190126 0.072670706573526103 0.014279888784532914 -0.012068640184787304 0.025559369510975871 0.022653500937787913
leaf_weight=1276.3189795911312 18.854661762714386 122.75397427380085 164.62913002073765 148.33827251195908 80.346753999590874 110.00919675827026 130.5476721227169 49.286994084715843 228.14731046557426 125.71406525373459 70.414033949375153 145.49985867738724 67.739057809114456 40.077785685658455
leaf_count=7827 108 635 943 718 441 662 695 264 1390 634 396 862 374 223
internal_value=0 0.0533741 -0.0241914 0.0789875 0.0310235 -0.0272614 0.0399216 0.0328239 -0.0292745 0.0671138 0.0191344 -0.0153401 0.0206843 0.0174931
internal_weight=0 854.073 1924.6 396.806 457.267 1759.98 260.181 129.634 1504.47 248.468 197.086 255.509 178.231 110.492
internal_count=16172 4488 11684 1987 2501 10741 1400 705 9217 1269 1101 1524 993 619
is_linear=0
shrinkage=0.05


Tree=4
num_leaves=15
num_cat=0
split_feature=0 1 0 1 2 2 2 1 1 1 2 2 2 2
split_gain=1316.77 161.357 69.166 26.1892 20.6687 14.1525 3.39034 6.49701 1.73228 1.7087 1.63536 1.22419 0.612511 0.549388
threshold=1.5000000000000002 2.5000000000000004 1.0000000180025095e-35 4.5000000000000009 0.2781583333333334 0.95671261755485903 0.87197500000000006 1.5000000000000002 3.5000000000000004 1.5000000000000002 0.0065903571428571435 1.0405166666666668 0.77616000000000007 0.14051285714285719
decision_type=2 2 2 2 2 2 2 2 2 2 2 2 2 2
left_child=2 4 5 8 9 12 7 -6 -3 13 -11 -7 -1 -2
right_child=1 3 -4 -5 6 11 -8 -9 -10 10 -12 -13 -14 -15
leaf_value=-0.029080809651371449 0.0094048925158770908 0.055636342400106412 0.0069993042806036345 0.087586976498216521 0.024056472102263731 -0.017281404483596132 0.043941429998724149 0.043941429998724149 0.067488683424875698 0.011637493030057742 0.024056472102263731 -0.0076830547553147473 -0.025583979351853262 0.018454664431178474
leaf_weight=1256.7590878903866 77.607883036136627 126.86995440721512 166.6338823735714 181.09699830412865 98.433816254138947 214.57726649940014 140.02763640880585 60.378829598426819 103.13047386705875 20.863522812724113 49.057062909007072 42.072588488459587 225.47877812385559 23.03672981262207
leaf_count=7846 434 638 950 849 534 1295 729 317 505 117 269 249 1394 128
internal_value=0 0.0501629 -0.0237364 0.0730196 0.0300328 -0.0266841 0.0379573 0.0324391 0.06122 0.0160083 0.022047 -0.0157439 -0.0285665 0.0116375
internal_weight=0 880.503 1905.52 411.097 469.405 1738.89 298.84 158.813 230 170.565 69.9206 256.65 1482.24 100.645
internal_count=16254 4520 11734 1992 2528 10784 1580 851 1143 948 386 1544 9240 562
is_linear=0
shrinkage=0.05


Tree=5
num_leaves=15
num_cat=0
split_feature=0 1 0 1 2 2 2 2 1 2 2 2 1 2
split_gain=1167.75 139.673 62.948 25.183 15.334 11.473 8.3724 3.33228 4.07271 1.60293 0.897161 0.566467 0.448538 0.0227234
threshold=1.5000000000000002 2.5000000000000004 1.0000000180025095e-35 5.5000000000000009 0.2781583333333334 0.95671261755485903 0.1561366666666667 0.87692500000000007 1.5000000000000002 1.0313333333333337 0.0015057142857142858 0.77616000000000007 3.5000000000000004 1.0089157142857146
decision_type=2 2 2 2 2 2 2 2 2 2 2 2 2 2
left_child=2 4 5 6 10 11 -3 8 -6 -7 -2 -1 -8 -9
right_child=1 3 -4 -5 7 9 12 13 -10 -11 -12 -13 -14 -15
leaf_value=-0.027455801748176981 0.0068477827914280656 0.03620164226989777 0.0068477827914280656 0.084268040107003797 0.023062630650199364 -0.017115139923996468 0.056643359136241779 0.040004480937454422 0.040004480937454422 -0.0065496971339099666 0.017667892512344643 -0.024097830010290394 0.066084411236173438 0.046155034458464299
leaf_weight=1225.275105535984 19.054164677858353 42.282526671886444 167.44682577252388 156.01236629486084 99.099994331598282 201.83708058297634 100.6756137907505 97.502040892839432 61.672877535223961 45.699258804321289 154.48004731535912 223.80613587796688 121.85681383311749 46.276583448052406
leaf_count=7785 108 205 951 704 531 1231 494 498 317 272 849 1405 578 235
internal_value=0 0.046986 -0.0223637 0.0679809 0.0284023 -0.025249 0.0581046 0.0351673 0.0297687 -0.0151988 0.0163963 -0.0269541 0.0620857 0.0409567
internal_weight=0 898.913 1864.06 420.827 478.086 1696.62 264.815 304.551 160.773 247.536 173.534 1449.08 222.532 143.779
internal_count=16163 4519 11644 1981 2538 10693 1277 1581 848 1503 957 9190 1072 733
is_linear=0
shrinkage=0.05


Tree=6
num_leaves=15
num_cat=0
split_feature=0 1 0 2 2 1 2 1 2 2 1 1 2 2
split_gain=1074.91 115.709 49.7846 18.9739 14.5042 13.4306 2.83367 2.33936 2.30691 1.95553 0.450049 0.447459 0.240923 0.209475
threshold=1.5000000000000002 2.5000000000000004 1.0000000180025095e-35 0.2781583333333334 0.99118166666666674 5.5000000000000009 0.87197500000000006 1.5000000000000002 0.78949423076923086 0.0015057142857142858 1.5000000000000002 3.5000000000000004 1.0313333333333337 0.94652115384615398
decision_type=2 2 2 2 2 2 2 2 2 2 2 2 2 2
left_child=2 3 4 9 8 11 7 -5 -1 -2 -11 -3 -8 -10
right_child=1 5 -4 6 -6 -7 12 -9 13 10 -12 -13 -14 -15
leaf_value=-0.026982971307750486 0.0041679732623155887 0.051470560419386538 0.0041679732623155887 0.024530768669584854 -0.009338524353730988 0.074873130251362593 0.038217403743914115 0.037759268235831006 -0.023329411257300807 0.013599924701640051 0.019708180925842676 0.059393617190380603 0.048633921167074351 -0.019704903089531187
leaf_weight=1220.1388970464468 19.125347495079041 130.62071214616299 165.77263468503952 98.721641942858696 145.10487602651119 164.80418783426285 123.19117592275143 61.63198821246624 183.66972997784615 94.349561005830765 59.56178180873394 135.83088260889053 23.324059009552002 128.91310496628284
leaf_count=7883 108 627 938 523 880 724 617 311 1170 518 320 629 116 805
internal_value=0 0.0444051 -0.0219492 0.0274251 -0.0245305 0.0631935 0.0348864 0.0298177 -0.0259618 0.0140685 0.0160757 0.0557165 0.0401941 -0.0219022
internal_weight=0 911.161 1843.6 479.906 1677.83 431.256 306.869 160.354 1532.72 173.037 153.911 266.452 146.515 312.583
internal_count=16169 4493 11676 2513 10738 1980 1567 834 9858 946 838 1256 733 1975
is_linear=0
shrinkage=0.05


Tree=7
num_leaves=15
num_cat=0
split_feature=0 1 0 1 2 2 2 2 1 1 2 1 2 2
split_gain=931.282 116.853 58.8309 19.7517 13.6889 10.7941 3.31988 1.69344 1.39774 1.09964 0.914658 0.517553 0.264746 0.19941
threshold=1.5000000000000002 2.5000000000000004 1.0000000180025095e-35 5.5000000000000009 0.94652115384615398 0.28482462121212127 1.0405166666666668 0.96676333333333342 3.5000000000000004 1.5000000000000002 0.0015057142857142858 1.5000000000000002 0.98252214285714301 0.77616000000000007
decision_type=2 2 2 2 2 2 2 2 2 2 2 2 2 2
left_child=2 5 4 8 13 10 12 9 -3 -7 -2 -12 -6 -1
right_child=1 3 -4 -5 6 7 -8 -9 -10 -11 11 -13 -14 -15
leaf_value=-0.026237143363239918 0.0074882596525318052 0.045496446276016109 0.0074882596525318052 0.072902812058314254 -0.017999940611428261 0.023138897354119687 -0.00049851297863244678 0.035156093784488834 0.05477143723087468 0.031215386815458657 0.01233910554855912 0.018684449564841919 -0.014035203997966917 -0.023565391014917662
leaf_weight=1188.2961444854736 18.813883274793625 136.07728116214275 164.19818280637264 165.99557474255562 104.34187525510788 136.48110096156597 41.341176390647888 91.947659179568291 142.31025582551956 84.579698815941811 96.886856481432915 60.030237272381783 128.46925359964371 188.77370432019234
leaf_count=7808 106 640 927 714 660 704 248 451 645 419 528 319 792 1220
internal_value=0 0.0404185 -0.0210156 0.0589611 -0.0238529 0.0234728 -0.0135721 0.0290446 0.0504168 0.0263557 0.0134403 0.0148695 -0.0158815 -0.0258883
internal_weight=0 933.123 1815.42 444.383 1651.22 488.739 274.152 313.008 278.388 221.061 175.731 156.917 232.811 1377.07
internal_count=16181 4526 11655 1999 10728 2527 1700 1574 1285 1123 953 847 1452 9028
is_linear=0
shrinkage=0.05


Tree=8
num_leaves=15
num_cat=0
split_feature=0 1 0 1 2 2 2 1 2 1 2 2 1 2
split_gain=809.966 89.9841 52.2566 20.8934 13.5893 11.9393 2.9061 1.75842 1.65573 0.795713 0.649234 0.488793 0.23895 0.0656567
threshold=1.5000000000000002 2.5000000000000004 1.0000000180025095e-35 5.5000000000000009 0.28482462121212127 0.95671261755485903 0.96676333333333342 1.5000000000000002 0.0015057142857142858 3.5000000000000004 0.77616000000000007 1.0313333333333337 1.5000000000000002 0.99118166666666674
decision_type=2 2 2 2 2 2 2 2 2 2 2 2 2 2
left_child=2 4 5 9 8 10 7 -6 -2 -3 -1 13 -10 -7
right_child=1 3 -4 -5 6 11 -8 -9 12 -11 -12 -13 -14 -15
leaf_value=-0.025125522851543493 0.0063827612165259706 0.040666263830147875 0.0063827612165259706 0.067546449203235201 0.021232929351600822 -0.014820809204139552 0.036155396406223943 0.031116179128957588 0.011793363385410873 0.048220951775471581 -0.021655975641946545 -0.0075139080518139157 0.01631697215738406 -0.012181514686466784
leaf_weight=1178.1134416162968 19.423517018556595 135.83283489942551 168.59645372629166 168.54592072963715 132.64336086809635 100.62221816182137 95.60799141228199 82.663616314530373 97.323358356952667 141.06076385080814 218.51612301170826 44.907410591840744 61.534831181168556 97.236065208911896
leaf_count=7870 109 628 948 712 677 639 462 404 527 628 1432 270 324 602
internal_value=0 0.0372112 -0.0200913 0.0534608 0.0223363 -0.0228161 0.0286419 0.0251538 0.0112411 0.0446746 -0.0245986 -0.0125027 0.0136367 -0.0135915
internal_weight=0 934.636 1807.99 445.44 489.197 1639.4 310.915 215.307 178.282 276.894 1396.63 242.766 158.858 197.858
internal_count=16232 4471 11761 1968 2503 10813 1543 1081 960 1256 9302 1511 851 1241
is_linear=0
shrinkage=0.05


Tree=9
num_leaves=15
num_cat=0
split_feature=0 1 0 2 1 2 1 2 1 2 2 2 1 2
split_gain=766.949 81.077 42.2319 13.4793 12.74 12.0788 1.60899 1.40146 1.33455 1.18654 1.06949 0.641169 0.26927 0.0622337
threshold=1.5000000000000002 2.5000000000000004 1.0000000180025095e-35 0.28482462121212127 5.5000000000000009 0.94652115384615398 1.5000000000000002 0.0015057142857142858 3.5000000000000004 0.87197500000000006 0.99294166666666672 0.77616000000000007 1.5000000000000002 0.98252214285714301
decision_type=2 2 2 2 2 2 2 2 2 2 2 2 2 2
left_child=2 3 5 7 8 11 9 -2 -3 -5 13 -1 -9 -7
right_child=1 4 -4 6 -6 10 -8 12 -10 -11 -12 -13 -14 -15
leaf_value=-0.02435872182555537 0.0044954987267126403 0.039871266044821455 0.0044954987267126403 0.020735782501594097 0.062258565930343894 -0.016157475297226873 0.03270468049693772 0.011060072513087028 0.04843648213669105 0.029529880292143047 -0.0088364347342326684 -0.020666976818810842 0.015689654573598916 -0.012181164409932339
leaf_weight=1156.8989463895559 20.205303505063057 140.90385815501213 166.49753728508949 101.07930654287338 171.48481795191765 102.14252576231956 134.17249643802643 99.951519250869751 146.14338284730911 83.744115829467773 132.71395415067673 183.82055751979351 62.995864927768707 31.271412670612335
leaf_count=7853 113 642 933 518 714 660 644 538 641 402 819 1222 329 199
internal_value=0 0.0359961 -0.019451 0.0220473 0.0511904 -0.0219336 0.0282502 0.011149 0.0443851 0.0248579 -0.0121334 -0.0238683 0.0129347 -0.015323
internal_weight=0 960.681 1773.34 502.149 458.532 1606.85 318.996 183.153 287.047 184.823 266.128 1340.72 162.947 133.414
internal_count=16227 4541 11686 2544 1997 10753 1564 980 1283 920 1678 9075 867 859
is_linear=0
shrinkage=0.05


Tree=10
num_leaves=15
num_cat=0
split_feature=0 1 0 1 2 2 2 2 1 2 1 0 2 2
split_gain=693.579 76.9521 42.6434 13.6881 13.0201 8.03379 1.94022 1.83493 1.50406 2.26561 1.00793 1.08124 0.606268 0.0550639
threshold=1.5000000000000002 2.5000000000000004 1.0000000180025095e-35 5.5000000000000009 0.98252214285714301 0.2781583333333334 0.74922376344086039 0.0015057142857142858 1.5000000000000002 0.99967666666666677 3.5000000000000004 2.5000000000000004 1.0313333333333337 0.94001043956043973
decision_type=2 2 2 2 2 2 2 2 2 2 2 2 2 2
left_child=2 5 4 10 6 7 -1 -2 9 -7 11 -3 -6 -8
right_child=1 3 -4 -5 12 8 13 -9 -10 -11 -12 -13 -14 -15
leaf_value=-0.023360867652162394 0.0054330893995444595 0.035278374200527443 0.0054330893995444595 0.060559509313107822 -0.0092773221408288444 0.019614296374476911 -0.019520474673420659 0.014399302120062869 0.029776509945807744 0.029776509945807744 0.045857771866777329 0.045857771866777329 -0.0023834372088080329 -0.016905055168037204
leaf_weight=1111.3250903785229 19.357346415519714 117.91845101118088 171.19101789593697 171.99468970298767 119.88775330781937 164.57750730216503 189.5618449151516 158.38647116720676 136.15981420874596 25.354772880673409 148.41299828886986 27.352064222097397 44.4826740026474 111.15820662677288
leaf_count=7663 108 530 957 708 756 816 1280 838 645 119 642 123 270 728
internal_value=0 0.0344687 -0.0182403 0.0491143 -0.020813 0.0208618 -0.0223636 0.0122049 0.0255288 0.0223436 0.0422287 0.038233 -0.00743736 -0.0186129
internal_weight=0 969.514 1747.61 465.678 1576.42 503.836 1412.05 177.744 326.092 189.932 293.684 145.271 164.37 300.72
internal_count=16183 4529 11654 2003 10697 2526 9671 946 1580 935 1295 653 1026 2008
is_linear=0
shrinkage=0.05


Tree=11
num_leaves=14
num_cat=0
split_feature=0 1 0 2 2 1 0 0 2 2 2 2 1
split_gain=625.22 61.9122 36.5058 11.0475 9.27534 6.85659 5.03675 2.98918 2.03261 1.87955 0.697463 0.671089 0.287928
threshold=1.5000000000000002 3.5000000000000004 1.0000000180025095e-35 0.46604628896585859 0.94652115384615398 5.5000000000000009 2.5000000000000004 2.5000000000000004 1.022383035714286 0.0015057142857142858 0.14051285714285719 0.99118166666666674 2.5000000000000004
decision_type=2 2 2 2 2 2 2 2 2 2 2 2 2
left_child=2 3 4 6 -1 -3 9 8 -5 -2 -11 -6 -12
right_child=1 5 -4 7 11 -7 -8 -9 -10 10 12 -13 -14
leaf_value=-0.022624711617963186 0.0035431929582872106 0.040801161876632651 0.0035431929582872106 0.028317196104098538 -0.01501331077042448 0.056280074691434902 0.028317196104098538 0.040801161876632651 0.040801161876632651 0.011771662165428267 0.015595024398606584 -0.0097752411645310924 0.022795292955302044
leaf_weight=1302.4382460713387 23.439551740884781 151.38103851675987 169.17529320716858 300.11094702780247 125.04323890805244 174.82595901191235 17.84409986436367 21.972919806838036 40.704470708966255 137.4497200101614 84.573998928070068 140.36244383454323 24.55174432694912
leaf_count=9085 125 647 943 1419 822 713 84 99 187 710 428 875 109
internal_value=0 0.0314733 -0.0185045 0.0225022 -0.0208842 0.0492435 0.0151008 0.0283172 0.0269231 0.0129681 0.014326 -0.0122902 0.0174073
internal_weight=0 976.854 1737.02 650.647 1567.84 326.207 287.859 362.788 340.815 270.015 246.575 265.406 109.126
internal_count=16246 4521 11725 3161 10782 1360 1456 1705 1606 1372 1247 1697 537
is_linear=0
shrinkage=0.05


Tree=12
num_leaves=15
num_cat=0
split_feature=0 1 0 1 2 2 2 1 2 2 1 2 2 1
split_gain=563.245 62.3053 34.6013 11.1672 8.76978 7.73633 1.05356 1.56626 0.818091 0.79959 0.142069 0.122199 0.0808905 0.0140582
threshold=1.5000000000000002 2.5000000000000004 1.0000000180025095e-35 5.5000000000000009 0.27164000000000005 0.95671261755485903 0.96676333333333342 1.5000000000000002 1.0405166666666668 0.0015057142857142858 3.5000000000000004 0.98252214285714301 0.86066250000000011 1.5000000000000002
decision_type=2 2 2 2 2 2 2 2 2 2 2 2 2 2
left_child=2 4 5 10 9 12 7 -6 11 -2 -3 -7 -1 -11
right_child=1 3 -4 -5 6 8 -8 -9 -10 13 -12 -13 -14 -15
leaf_value=-0.021481933846094509 0.0040210061241002931 0.034372127791946663 0.0040210061241002931 0.053347201673374492 0.017253582533123438 -0.014620243338998638 0.02734167013996815 0.026093472849185756 -0.0047977295318659859 0.0095507010975051689 0.039178273768849206 -0.011447110417787809 -0.019167650810512329 0.01148136868292645
leaf_weight=1159.4984032064676 19.091936990618706 142.78749172389507 170.03296563029289 176.79862815141678 145.89173813164234 72.960693776607513 100.8868016153574 88.360239312052727 41.304670751094818 99.174510359764099 153.12516286969185 122.6327878087759 135.38588264584541 60.14897233247757
leaf_count=8227 106 629 946 716 716 482 464 412 252 524 648 782 934 308
internal_value=0 0.030111 -0.017357 0.0432029 0.0179997 -0.0197311 0.0227641 0.0206847 -0.0113474 0.00897319 0.0369827 -0.0126991 -0.0212549 0.0103466
internal_weight=0 986.265 1701.82 472.711 513.554 1531.78 335.139 234.252 236.898 178.415 295.913 195.593 1294.88 159.323
internal_count=16146 4523 11623 1993 2530 10677 1592 1128 1516 938 1277 1264 9161 832
is_linear=0
shrinkage=0.05


Tree=13
num_leaves=12
num_cat=0
split_feature=0 1 2 2 1 2 1 1 2 1 2
split_gain=500.399 80.6907 9.74587 9.01971 8.1276 2.02208 2.48226 0.854842 0.673545 0.2943 0.0887112
threshold=1.0000000180025095e-35 2.5000000000000004 0.27164000000000005 0.95671261755485903 5.5000000000000009 0.96676333333333342 1.5000000000000002 3.5000000000000004 1.0405166666666668 1.5000000000000002 0.94652115384615398
decision_type=2 2 2 2 2 2 2 2 2 2 2
left_child=3 2 9 10 7 6 -4 -3 -5 -2 -1
right_child=1 4 5 8 -6 -7 -8 -9 -10 -11 -12
leaf_value=-0.020726062133180369 0.0067307879993423331 0.031451403508840625 0.01267365362602167 -0.011070553467047632 0.049026764996621591 0.025526690905309984 0.023391841444307102 0.038129733871023391 -0.0037346308013928237 0.010441674221963826 -0.015664412221461227
leaf_weight=1263.3248255550861 270.62821988761425 144.02720077335835 146.88049152493477 192.81356240808964 177.72250890731812 102.14850440621376 90.371359199285507 155.83778664469719 38.900143086910248 72.011125192046165 24.78817293047905
leaf_count=9071 1474 628 717 1256 716 466 418 654 238 372 171
internal_value=0 0.0245892 0.0135207 -0.0190048 0.0403347 0.0195199 0.0168374 0.0350373 -0.00986034 0.00753881 -0.0206409
internal_weight=0 1159.63 682.04 1519.83 477.587 339.4 237.252 299.865 231.714 342.639 1288.11
internal_count=16181 5445 3447 10736 1998 1601 1135 1282 1494 1846 9242
is_linear=0
shrinkage=0.05


Tree=14
num_leaves=15
num_cat=0
split_feature=0 1 2 1 2 2 2 1 0 1 2 0 2 1
split_gain=449.081 67.494 8.88022 8.73154 5.94244 1.18363 1.1506 1.04387 0.738586 0.951302 0.703649 0.326156 0.0407676 0.0160778
threshold=1.0000000180025095e-35 2.5000000000000004 0.27164000000000005 5.5000000000000009 0.98252214285714301 1.0405166666666668 0.87197500000000006 1.5000000000000002 2.5000000000000004 4.5000000000000009 0.94652115384615398 1.5000000000000002 0.77616000000000007 3.5000000000000004
decision_type=2 2 2 2 2 2 2 2 2 2 2 2 2 2
left_child=4 2 11 8 10 -6 7 -4 9 13 12 -2 -1 -3
right_child=1 3 6 -5 5 -7 -8 -9 -10 -11 -12 -13 -14 -15
leaf_value=-0.02035791865817678 0.005311868438766916 0.026487950035183134 0.012165207278831398 0.046113406534068868 -0.011983465133900065 -0.0020369838408956309 0.021473171037939928 0.020266343597769049 0.037256356877194544 0.037256356877194544 -0.015296617773622331 0.0084576096569216053 -0.018520472163934879 0.030542840243605263
leaf_weight=1077.3548731207848 167.92908175289631 116.48185467720032 111.48763954639435 176.60986073315144 120.62058208882809 40.282447397708893 162.85140570998192 69.51666621863842 66.877689778804779 23.462654650211334 98.848976135253906 179.56020835042 173.20276592671871 89.871278405189514
leaf_count=7874 929 504 549 709 780 247 742 319 282 97 670 936 1231 375
internal_value=0 0.0226128 0.0126243 0.0371454 -0.0186912 -0.0095213 0.0183148 0.0153708 0.0316702 0.0298902 -0.0197768 0.00695699 -0.0201184 0.0283927
internal_weight=0 1164.65 691.345 473.303 1510.31 160.903 343.856 181.004 296.693 229.816 1349.41 347.489 1250.56 206.353
internal_count=16244 5442 3475 1967 10802 1027 1610 868 1258 976 9775 1865 9105 879
is_linear=0
shrinkage=0.05


Tree=15
num_leaves=14
num_cat=0
split_feature=0 1 1 2 2 2 2 2 1 2 0 2 2
split_gain=416.222 60.4034 12.1854 8.14198 7.18155 6.38423 1.41916 0.606374 0.405273 0.38278 2.21554 0.172355 0.0492622
threshold=1.0000000180025095e-35 2.5000000000000004 5.5000000000000009 0.90102500000000008 0.1561366666666667 0.27164000000000005 0.87692500000000007 0.95671261755485903 1.5000000000000002 0.96452550000000004 2.5000000000000004 0.77616000000000007 1.0405166666666668
decision_type=2 2 2 2 2 2 2 2 2 2 2 2 2
left_child=3 5 4 11 -3 8 -7 -5 -2 10 -6 -1 -9
right_child=1 2 -4 7 9 6 -8 12 -10 -11 -12 -13 -14
leaf_value=-0.020155617787210485 0.0065967912200552052 0.012396968770141856 0.046124477189760059 -0.014392177549140664 0.027758088893628702 0.012396968770141856 0.020942778937594955 -0.0098552629406867924 0.010829215571116553 0.037686721156155831 0.037686721156155831 -0.017155171119905204 -0.0073447001002307916
leaf_weight=1058.1841184198856 268.25100128352642 48.334242433309555 175.75782871246338 93.283007562160492 160.54846361279488 181.15697750449181 159.69708296656609 193.14707005023956 75.773209661245346 57.264257863163948 39.092537462711334 99.592346772551537 39.745396852493286
leaf_count=7841 1451 206 704 667 675 864 722 1277 388 241 163 717 244
internal_value=0 0.0219634 0.0355307 -0.0179425 0.0293 0.012397 0.0172449 -0.0109103 0.00755769 0.0326323 0.0310019 -0.0199125 -0.00946004
internal_weight=0 1165.88 480.997 1483.95 305.24 684.878 340.854 326.175 344.024 256.905 199.641 1157.78 232.892
internal_count=16160 5414 1989 10746 1285 3425 1586 2188 1839 1079 838 8558 1521
is_linear=0
shrinkage=0.05


Tree=16
num_leaves=15
num_cat=0
split_feature=0 1 1 2 2 2 2 1 2 2 0 2 2 2
split_gain=372.547 62.9186 8.85966 7.71295 7.10555 4.12612 1.18346 1.5281 0.877379 0.859761 0.405357 0.331931 0.245052 0.181897
threshold=1.0000000180025095e-35 2.5000000000000004 4.5000000000000009 0.95423333333333349 0.28482462121212127 0.1561366666666667 1.0089157142857146 1.5000000000000002 0.99118166666666674 0.77616000000000007 1.5000000000000002 0.64428190476190483 0.96452550000000004 1.0405166666666668
decision_type=2 2 2 2 2 2 2 2 2 2 2 2 2 2
left_child=3 4 5 9 10 -3 7 11 -5 -1 -2 -6 -7 -10
right_child=1 2 -4 8 6 12 -8 -9 13 -11 -12 -13 -14 -15
leaf_value=-0.019148448881574118 0.004337502581377572 0.013921140864505625 0.042521908944638004 -0.01220020671949173 0.0085848153763864923 0.02971758417819231 0.023612944656819901 0.01960928667221035 -0.0071567143133039442 -0.015192937827666411 0.0077989607080169434 0.013550158030511045 0.036170710162775378 -0.0030428353986916659
leaf_weight=1040.4298661053181 166.26040694117546 43.360227718949318 213.13771238923073 100.92105031013489 58.238188952207565 173.69613353908062 50.327549770474434 112.64363779127598 96.41497215628624 187.1663863658905 183.58300651609898 116.86607831716537 47.691983684897423 40.221846342086792
leaf_count=7816 914 185 856 688 284 727 223 509 628 1358 948 546 200 248
internal_value=0 0.0209007 0.0348222 -0.0169604 0.0111931 0.0284868 0.0163566 0.0150101 -0.00866063 -0.0185582 0.00617098 0.0119569 0.0312641 -0.00597662
internal_weight=0 1165.8 477.886 1465.15 687.919 264.748 338.075 287.748 237.558 1227.6 349.843 175.104 221.388 136.637
internal_count=16130 5392 1968 10738 3424 1112 1562 1339 1564 9174 1862 830 927 876
is_linear=0
shrinkage=0.05


Tree=17
num_leaves=15
num_cat=0
split_feature=0 1 2 2 1 1 2 2 1 0 2 2 0 2
split_gain=356.538 48.3473 10.6633 7.58488 5.18165 3.13269 1.13436 1.12648 0.972519 1.3185 0.236365 0.217726 0.112782 0.00777355
threshold=1.0000000180025095e-35 2.5000000000000004 0.94652115384615398 0.64428190476190483 5.5000000000000009 1.5000000000000002 0.20947777777777779 1.0405166666666668 3.5000000000000004 2.5000000000000004 0.99118166666666674 0.96676333333333342 1.5000000000000002 0.95671261755485903
decision_type=2 2 2 2 2 2 2 2 2 2 2 2 2 2
left_child=2 3 -1 5 8 12 -7 10 9 -3 13 -5 -2 -4
right_child=1 4 7 11 -6 6 -8 -9 -10 -11 -12 -13 -14 -15
leaf_value=-0.018437913222383012 0.0048215960093950681 0.02221202130812101 -0.011867057530123007 0.019225081327839091 0.03968044689358436 0.010634480839865203 0.019225081327839091 0.00085381714751768588 0.031539062885355518 0.031539062885355518 -0.0064949689213224379 0.022184490963007064 0.0067417431756744521 -0.0094252179721032101
leaf_weight=1195.2743113040924 169.19812093675137 120.08254252374172 24.112233757972717 138.83523812890053 175.99084186553955 66.850793167948723 49.681108713150024 37.720929011702538 160.16803534328938 28.062712386250496 95.386837467551231 103.35126201808453 171.14803513884544 95.589104816317558
leaf_count=9054 928 509 173 642 704 340 228 233 656 118 624 458 869 655
internal_value=0 0.0205181 -0.0164643 0.0120787 0.03265 0.00825675 0.0153097 -0.00709727 0.0285215 0.0250695 -0.00848918 0.0192251 0.00580409 -0.0100113
internal_weight=0 1183.37 1448.08 699.065 484.304 456.878 116.532 252.809 308.313 148.145 215.088 242.187 340.346 119.701
internal_count=16191 5452 10739 3465 1987 2365 568 1685 1283 627 1452 1100 1797 828
is_linear=0
shrinkage=0.05


Tree=18
num_leaves=15
num_cat=0
split_feature=0 1 2 2 1 2 2 1 1 2 2 0 2 2
split_gain=294.034 43.4341 6.29126 5.79513 5.33918 1.44119 1.07787 0.916787 0.842603 0.38495 0.277672 0.0853738 0.0437859 0.0383192
threshold=1.0000000180025095e-35 2.5000000000000004 0.40812500000000007 0.99118166666666674 5.5000000000000009 0.77616000000000007 0.87692500000000007 1.5000000000000002 1.5000000000000002 0.0065903571428571435 0.14571111111111115 2.5000000000000004 1.0313333333333337 1.0313333333333337
decision_type=2 2 2 2 2 2 2 2 2 2 2 2 2 2
left_child=3 2 8 5 11 -1 7 -4 10 -10 -2 -3 -5 -8
right_child=1 4 6 12 -6 -7 13 -9 9 -11 -12 -13 -14 -15
leaf_value=-0.016937417248625766 0.0043819469810386534 0.024970482441680819 0.0092924103162066486 -0.005772516887122485 0.037197790004099958 -0.012755687194920921 0.01789928480232374 0.017525761238375903 0.0050575960616176321 0.0092924103162066486 0.0086883051664324827 0.029029963779619819 -0.0036365705725485763 0.022248534748622137
leaf_weight=1014.4906195253134 252.68613535165787 238.31530585885048 90.24822573363781 93.397211864590645 177.61998152732849 281.05301307141781 138.7629057019949 58.871735826134682 21.240723267197609 66.963940024375916 44.816176190972328 68.290762469172478 42.409922480583191 27.286564722657204
leaf_count=7821 1359 989 434 614 711 2035 617 263 111 327 224 281 263 119
internal_value=0 0.0186488 0.0106683 -0.0150105 0.0301542 -0.0160408 0.0159035 0.012638 0.00636038 0.0106485 0.0050576 0.0259661 -0.00513696 0.0187429
internal_weight=0 1185.1 700.876 1431.35 484.226 1295.54 315.169 149.12 385.707 88.2047 297.502 306.606 135.807 166.049
internal_count=16168 5435 3454 10733 1981 9856 1433 697 2021 438 1583 1270 877 736
is_linear=0
shrinkage=0.05


Tree=19
num_leaves=13
num_cat=0
split_feature=0 1 1 2 2 2 0 2 1 2 2 1
split_gain=271.282 33.933 7.81507 7.04635 6.46608 1.1111 0.506123 0.341904 0.308455 0.0845682 0.0559856 0.0376777
threshold=1.0000000180025095e-35 2.5000000000000004 5.5000000000000009 0.27164000000000005 0.98252214285714301 0.87197500000000006 1.5000000000000002 0.77616000000000007 3.5000000000000004 1.0405166666666668 1.0313333333333337 1.5000000000000002
decision_type=2 2 2 2 2 2 2 2 2 2 2 2
left_child=4 3 8 6 7 -5 -2 -1 -3 -6 -7 -8
right_child=1 2 -4 5 9 10 11 -9 -10 -11 -12 -13
leaf_value=-0.016229281338385661 0.0036422310429748855 0.020820722179076327 0.036435399059679983 0.012888905451506824 -0.005666280572900792 0.017752880179267707 0.006699362983304976 -0.013910452048833287 0.024930360801809132 -0.0028473466770941973 0.020820722179076327 0.0085465928241381002
leaf_weight=1005.9354969263077 166.70144198834896 148.59966644644737 177.13060542941093 187.75859366357327 119.59537360072136 141.51707641780376 105.34378497302532 256.68454821407795 157.24595931172371 38.466742396354675 27.958681464195251 74.118039727210999
leaf_count=7847 910 622 710 878 795 626 545 1884 639 238 121 373
internal_value=0 0.0178006 0.0279976 0.0107692 -0.0145757 0.0156895 0.00566087 -0.0157693 0.023008 -0.00500247 0.0186984 0.0075054
internal_weight=0 1186.37 482.976 703.398 1420.68 357.234 346.163 1262.62 305.846 158.062 169.476 179.462
internal_count=16188 5424 1971 3453 10764 1625 1828 9731 1261 1033 747 918
is_linear=0
shrinkage=0.05


Tree=20
num_leaves=15
num_cat=0
split_feature=0 1 0 2 1 2 2 0 2 2 2 2 2 1
split_gain=250.571 28.2033 17.1623 4.88819 4.52733 5.91361 3.21541 1.11687 2.71573 0.818803 0.509145 0.491312 0.263222 0.0635517
threshold=1.5000000000000002 2.5000000000000004 1.0000000180025095e-35 0.94652115384615398 4.5000000000000009 0.15061000000000002 0.27164000000000005 2.5000000000000004 0.96452550000000004 0.99294166666666672 0.77616000000000007 1.0313333333333337 0.0015057142857142858 1.5000000000000002
decision_type=2 2 2 2 2 2 2 2 2 2 2 2 2 2
left_child=2 6 3 10 5 -3 12 8 -7 -5 -1 -8 -2 -14
right_child=1 4 -4 9 -6 7 11 -9 -10 -11 -12 -13 13 -15
leaf_value=-0.016086579075970199 0.0023204830185382277 0.011376521196229433 0.0023204830185382277 -0.010840992794803104 0.03359003625480083 0.021288300577293182 0.013568037093568268 0.03359003625480083 0.03359003625480083 -0.0050176222878807776 -0.012802529750554556 0.02110645176558576 0.0057684964049267151 0.0080322903052557678
leaf_weight=997.73899814486504 20.260598868131638 41.368876248598099 174.86080230772495 118.44880768656731 214.49312525987625 146.13755686581135 324.005096539855 47.061692833900452 35.980811059474945 128.64436873793602 162.73847655951977 26.257224127650261 100.23427627980709 64.312981992959976
leaf_count=7872 109 173 952 836 862 601 1470 192 148 834 1233 113 515 318
internal_value=0 0.0193249 -0.0124413 -0.0142755 0.0280516 0.0235531 0.0113765 0.026859 0.0247379 -0.00784161 -0.0156375 0.0141916 0.00599345 0.00669647
internal_weight=0 1020.11 1582.43 1407.57 485.042 270.549 535.07 229.18 182.118 247.093 1160.48 350.262 184.808 164.547
internal_count=16228 4501 11727 10775 1976 1114 2525 941 749 1670 9105 1583 942 833
is_linear=0
shrinkage=0.05


Tree=21
num_leaves=15
num_cat=0
split_feature=0 1 0 1 2 2 2 2 2 1 1 2 2 1
split_gain=213.6 25.8745 13.0518 4.9568 3.22052 1.63472 1.06799 0.327043 0.309437 0.505648 0.260932 0.222722 0.068567 0.0377796
threshold=1.5000000000000002 2.5000000000000004 1.0000000180025095e-35 4.5000000000000009 0.94652115384615398 0.0015057142857142858 0.96676333333333342 0.77616000000000007 0.2781583333333334 1.5000000000000002 3.5000000000000004 1.0405166666666668 0.98252214285714301 5.5000000000000009
decision_type=2 2 2 2 2 2 2 2 2 2 2 2 2 2
left_child=2 5 4 10 7 -2 8 -1 -7 -10 -3 12 -6 -5
right_child=1 3 -4 13 11 6 -8 -9 9 -11 -12 -13 -14 -15
leaf_value=-0.014715250938011321 0.0012771375105403225 0.019667197902802639 0.0012771375105403225 0.026899486916034977 -0.0098438237658971146 0.0078691625080911393 0.015353601683402218 -0.012006128599286618 0.0089110840148351033 0.013789227782291366 0.023722921574195081 -0.0043837287071539751 -0.0076605456922384301 0.03291802836548114
leaf_weight=982.24013414978981 18.973332837224007 152.03472584486008 174.51854059100151 36.320211157202721 90.786016702651978 171.47980591654778 104.87175931036472 161.44051763415337 153.06878952682018 92.006829515099525 120.62287585437298 39.573858886957169 116.91051985323429 174.11464489996433
leaf_count=7838 102 631 949 146 651 865 454 1234 715 405 488 246 783 701
internal_value=0 0.0177567 -0.0116053 0.0261589 -0.0132214 0.010211 0.0107923 -0.0143437 0.00960994 0.010791 0.0215416 -0.0079939 -0.00865747 0.0320114
internal_weight=0 1023.49 1565.47 483.092 1390.95 540.401 521.427 1143.68 416.555 245.076 272.658 247.27 207.697 210.435
internal_count=16208 4507 11701 1966 10752 2541 2439 9072 1985 1120 1119 1680 1434 847
is_linear=0
shrinkage=0.05


Tree=22
num_leaves=14
num_cat=0
split_feature=0 1 2 2 1 2 2 2 2 2 1 2 1
split_gain=200.356 35.0498 5.30934 5.17487 3.90237 7.2251 1.20501 0.463837 0.376133 0.357084 0.403124 0.0708773 0.0304443
threshold=1.0000000180025095e-35 2.5000000000000004 0.94652115384615398 0.27164000000000005 5.5000000000000009 0.1561366666666667 1.0313333333333337 0.77616000000000007 1.0313333333333337 0.95942500000000008 1.5000000000000002 0.99294166666666672 1.5000000000000002
decision_type=2 2 2 2 2 2 2 2 2 2 2 2 2
left_child=2 3 7 12 5 -3 9 -1 11 10 -5 -4 -2
right_child=1 4 8 6 -6 -7 -8 -9 -10 -11 -12 -13 -14
leaf_value=-0.015031692921406365 0.0029107781802461949 0.0035053085584941567 -0.0082068984737992765 0.0081334333363542698 0.031021663780839443 0.024671405582578538 0.022008003947208549 -0.011909710004521498 -0.0021294661601617584 0.013831972005636376 0.012563335992787434 -0.0060474717553822069 0.0035053085584941567
leaf_weight=972.68139530718327 279.50287972390652 47.839508891105652 116.7161220908165 145.9004877358675 177.56974920630455 268.4779004752636 27.208374619483948 163.60480754077435 43.12384557723999 87.822686910629272 90.290270730853081 84.361864805221558 75.432802438735962
leaf_count=7843 1486 198 835 682 717 1093 116 1261 270 381 397 563 376
internal_value=0 0.0147672 -0.0131545 0.00760357 0.0249736 0.0214914 0.0118991 -0.0145931 -0.00642845 0.0109851 0.00987271 -0.00733533 0.00333152
internal_weight=0 1200.04 1380.49 706.158 493.887 316.317 351.222 1136.29 244.202 324.013 236.191 201.078 354.936
internal_count=16218 5446 10772 3438 2008 1291 1576 9104 1668 1460 1079 1398 1862
is_linear=0
shrinkage=0.05


Tree=23
num_leaves=15
num_cat=0
split_feature=0 1 1 2 2 2 0 1 2 1 2 0 2 2
split_gain=177.194 28.7799 6.97803 4.67064 3.41961 0.772324 0.458053 0.455817 1.3545 0.436793 0.184049 0.157717 0.336242 0.11961
threshold=1.0000000180025095e-35 2.5000000000000004 5.5000000000000009 0.99294166666666672 0.40812500000000007 0.77616000000000007 2.5000000000000004 1.5000000000000002 0.99967666666666677 4.5000000000000009 1.0405166666666668 1.5000000000000002 0.0015057142857142858 0.87197500000000006
decision_type=2 2 2 2 2 2 2 2 2 2 2 2 2 2
left_child=3 4 6 5 11 -1 9 8 13 -3 -5 -2 -13 -6
right_child=1 2 -4 10 7 -7 -8 -9 -10 -11 -12 12 -14 -15
leaf_value=-0.013758692188435482 0.0034036481527318328 0.016794571183549076 0.031576880245237533 -0.0042376401338293781 0.0063776553910919994 -0.010641903924407704 0.022890438105652843 0.013901584567925077 0.013901584567925077 0.022890438105652843 -0.00012374298614459861 0.0034036481527318328 0.0063776553910919994 0.0091415603501193727
leaf_weight=961.10294607281685 167.5967560261488 219.49937877058983 174.52653111517429 87.865803182125092 89.555475354194641 278.0728921443224 71.636843040585518 134.11962071061134 25.91975511610508 24.693929851055145 39.259740561246872 19.952178403735161 205.37138839066029 64.864985272288322
leaf_count=7833 910 897 707 588 422 2092 290 581 111 99 245 107 1016 285
internal_value=0 0.0142025 0.023502 -0.0121324 0.00773197 -0.0130684 0.0189543 0.0116139 0.00984521 0.017711 -0.00297804 0.00460363 0.0054772 0.00740317
internal_weight=0 1197.74 490.357 1366.3 707.38 1239.18 315.83 314.46 180.34 244.193 127.126 392.92 225.324 154.42
internal_count=16183 5425 1993 10758 3432 9925 1286 1399 818 996 833 2033 1123 707
is_linear=0
shrinkage=0.05


Tree=24
num_leaves=15
num_cat=0
split_feature=0 1 2 2 0 1 2 2 1 2 1 2 2 2
split_gain=171.388 28.1943 5.86405 5.01438 3.34171 1.88217 3.07104 0.911837 0.452542 0.27337 0.257409 1.47125 0.11088 0.103962
threshold=1.0000000180025095e-35 3.5000000000000004 0.14051285714285719 0.95671261755485903 2.5000000000000004 2.5000000000000004 0.95671261755485903 0.27164000000000005 5.5000000000000009 0.77616000000000007 1.5000000000000002 0.87197500000000006 0.99118166666666674 0.62784826086956536
decision_type=2 2 2 2 2 2 2 2 2 2 2 2 2 2
left_child=3 2 -2 9 5 7 -7 -4 -3 -1 11 13 -5 -9
right_child=1 8 4 12 -6 6 -8 10 -10 -11 -12 -13 -14 -15
leaf_value=-0.014372013909335683 0.0035310916306529605 0.025666675612130027 0.0035310916306529605 -0.0071335046112207231 0.025666675612130027 0.011157676561436507 0.025666675612130027 0.0035310916306529605 0.028861736820876269 -0.011963058503123715 0.011157676561436507 0.011157676561436507 -0.0047240040899385379 0.0061859908506169689
leaf_weight=950.84153632074594 350.28828756511211 158.0075558423996 36.116234183311462 88.050749704241753 31.282425418496132 76.461284950375557 25.948672071099281 59.597567543387413 174.35860235989094 179.20551064610481 141.55617317557335 92.389342963695526 132.06233015656471 54.656081974506378
leaf_count=7826 1808 635 180 633 131 314 106 283 709 1397 613 402 868 256
internal_value=0 0.0132999 0.00854203 -0.0126554 0.0119172 0.010846 0.0168876 0.00919639 0.0256667 -0.0140009 0.0100102 0.008726 -0.00571577 0.00455113
internal_weight=0 1200.66 868.296 1350.16 518.008 486.725 102.41 384.315 332.366 1130.05 348.199 206.643 220.113 114.254
internal_count=16161 5437 4093 10724 2285 2154 420 1734 1344 9223 1554 941 1501 539
is_linear=0
shrinkage=0.05


Tree=25
num_leaves=13
num_cat=0
split_feature=0 1 2 2 1 0 0 2 2 2 2 2
split_gain=158.376 20.3493 4.33552 3.54098 3.50104 2.07936 0.75129 0.412561 0.258357 0.19732 0.168594 0.00196642
threshold=1.0000000180025095e-35 2.5000000000000004 0.87197500000000006 0.95942500000000008 4.5000000000000009 2.5000000000000004 1.5000000000000002 0.14051285714285719 0.0015057142857142858 0.74922376344086039 1.0089157142857146 0.98252214285714301
decision_type=2 2 2 2 2 2 2 2 2 2 2 2
left_child=3 2 6 9 5 -3 -2 8 -8 -1 -4 -5
right_child=1 4 10 11 -6 -7 7 -9 -10 -11 -12 -13
leaf_value=-0.013002555128759766 0.0031601427658375482 0.015115750816801516 0.012727399141844082 -0.006273862922323778 0.026244828933108186 0.026014639308547277 0.0031601427658375482 0.0084982918981687892 0.0061839230908471102 -0.011010676162718204 0.015115750816801516 -0.0053681622955843982
leaf_weight=928.87675669044256 175.09483508765697 218.8681960105896 113.09819017350674 61.68686580657959 209.4171235114336 57.689670071005821 20.211205303668976 228.30451665818691 129.51549699902534 199.14989650249481 56.145787641406059 155.63909238576889
leaf_count=7725 947 891 491 448 852 233 108 1057 649 1570 238 1038
internal_value=0 0.0133956 0.00805579 -0.0115339 0.0213001 0.0174748 0.00589418 0.00714884 0.00504847 -0.012661 0.0150443 -0.0056528
internal_weight=0 1208.35 722.37 1345.35 485.975 276.558 553.126 378.031 149.727 1128.03 169.244 217.326
internal_count=16247 5466 3490 10781 1976 1124 2761 1814 757 9295 729 1486
is_linear=0
shrinkage=0.05


Tree=26
num_leaves=15
num_cat=0
split_feature=0 1 1 2 2 2 0 2 2 2 2 1 2 2
split_gain=137.824 22.7016 3.85937 3.68504 3.31473 2.40973 1.01205 0.726608 0.447414 0.107879 0.0961564 0.0867178 0.360626 0.0526127
threshold=1.0000000180025095e-35 2.5000000000000004 5.5000000000000009 0.94652115384615398 0.95942500000000008 0.1561366666666667 1.5000000000000002 0.0015057142857142858 0.99294166666666672 0.77616000000000007 1.0405166666666668 1.5000000000000002 0.40812500000000007 0.87197500000000006
decision_type=2 2 2 2 2 2 2 2 2 2 2 2 2 2
left_child=3 4 5 9 6 -3 -2 -8 -5 -1 -10 13 -13 -9
right_child=1 2 -4 8 -6 -7 7 11 10 -11 -12 12 -14 -15
leaf_value=-0.012999290221052232 0.0014913665786443755 0.0063035067800285621 0.026165932440075063 -0.0081172419730765298 0.0139506311197682 0.018559482778002089 0.0014913665786443755 0.0049040191974068998 -0.0046944216789081943 -0.011186021449868274 -0.0016400596296304087 0.0060675830233147881 0.010990187376801431 0.0072266678713089148
leaf_weight=935.39910793304443 179.2874958217144 48.673681914806366 172.51877936720848 117.26069959998131 113.48804794251919 269.16582128405571 21.175263613462448 215.81372846662998 86.173939645290375 151.94626879692078 38.700977772474289 79.855701223015785 79.016838431358337 33.081551417708397
leaf_count=7852 968 200 707 858 484 1087 113 1049 582 1209 243 382 341 145
internal_value=0 0.0117897 0.0200822 -0.0115129 0.00613558 0.0167083 0.00465688 0.00597345 -0.00589915 -0.0127564 -0.00376837 0.00630351 0.00630351 0.00524041
internal_weight=0 1212.08 490.358 1329.48 721.719 317.84 608.231 428.943 242.136 1087.35 124.875 407.768 158.873 248.895
internal_count=16220 5476 1994 10744 3482 1287 2998 2030 1683 9061 825 1917 723 1194
is_linear=0
shrinkage=0.05


Tree=27
num_leaves=14
num_cat=0
split_feature=0 1 1 2 2 1 2 2 2 2 0 2 2
split_gain=128.893 21.5549 4.36695 3.7405 3.56111 0.538144 1.57681 0.426848 0.119409 0.0883199 0.0689387 0.192544 0.0674946
threshold=1.0000000180025095e-35 2.5000000000000004 5.5000000000000009 0.98252214285714301 0.28482462121212127 1.5000000000000002 0.99967666666666677 0.77616000000000007 0.99118166666666674 0.45117000000000002 1.5000000000000002 0.0015057142857142858 1.0405166666666668
decision_type=2 2 2 2 2 2 2 2 2 2 2 2 2
left_child=3 4 -3 7 10 6 9 -1 -5 -6 -2 -12 -10
right_child=1 2 -4 8 5 -7 -8 -9 12 -11 11 -13 -14
leaf_value=-0.013027361473123195 0.0012663636999095281 0.01552540863571651 0.025563838718591497 -0.0075256368870527824 0.0023893347410689735 0.011401573998951461 0.011401573998951461 -0.010507478459218164 -0.0042322941518138325 0.0054718887624610139 0.0012663636999095281 0.0023893347410689735 -0.0016464519974747301
leaf_weight=931.46065531671047 173.95313860476017 311.53309889137745 173.4940102994442 22.033314049243927 30.175244376063347 149.27865345776081 26.729713380336761 241.91095054149628 92.61762835085392 149.37642803788185 20.817963734269142 170.44479066133499 37.071684405207634
leaf_count=7893 939 1260 714 158 142 640 113 1888 628 675 111 847 233
internal_value=0 0.0110215 0.0191614 -0.0115619 0.005525 0.00908027 0.00735352 -0.0125172 -0.0041398 0.00496994 0.00204839 0.00238933 -0.00351139
internal_weight=0 1205.8 485.027 1325.09 720.776 355.56 206.281 1173.37 151.723 179.552 365.216 191.263 129.689
internal_count=16241 5441 1974 10800 3467 1570 930 9781 1019 817 1897 958 861
is_linear=0
shrinkage=0.05


Tree=28
num_leaves=12
num_cat=0
split_feature=0 1 1 2 2 2 1 2 1 1 2
split_gain=121.059 20.6877 3.16411 2.80265 2.22074 0.603298 0.914826 0.42665 0.240976 0.0927515 0.0521318
threshold=1.0000000180025095e-35 2.5000000000000004 5.5000000000000009 0.99118166666666674 0.28482462121212127 1.0089157142857146 1.5000000000000002 0.77616000000000007 3.5000000000000004 1.5000000000000002 0.94652115384615398
decision_type=2 2 2 2 2 2 2 2 2 2 2
left_child=3 4 8 7 9 6 -6 -1 -3 -2 -9
right_child=1 2 -4 -5 5 -7 -8 10 -10 -11 -12
leaf_value=-0.011587769686061294 0.003101828150671474 0.014798488574263245 0.025218133250591347 -0.003319516651873319 0.0059249823303243292 0.013965256641484659 0.011623296571970339 -0.0099018888641370564 0.018131255557414235 0.0050694953682180535 -0.0080735568341362401
leaf_weight=915.30293038487434 286.45886623859406 152.22124579548836 170.06443446874619 131.02671003341675 185.57509143650532 54.996251478791237 117.52670279145241 152.6008964329958 161.52673505246639 79.887402459979057 108.92013038694859
leaf_count=7830 1507 620 703 871 842 231 505 1233 647 393 809
internal_value=0 0.0116559 0.0196533 -0.0102873 0.00629522 0.00909258 0.00816544 -0.0110596 0.0165664 0.00354354 -0.00917407
internal_weight=0 1208.26 483.812 1307.85 724.444 358.098 303.102 1176.82 313.748 366.346 261.521
internal_count=16191 5448 1970 10743 3478 1578 1347 9872 1267 1900 2042
is_linear=0
shrinkage=0.05


Tree=29
num_leaves=15
num_cat=0
split_feature=0 1 0 0 1 2 2 2 1 2 2 2 2 1
split_gain=101.225 15.7379 6.557 4.92746 3.95115 3.41096 2.24357 1.51072 0.620661 0.480918 0.464722 0.435094 0.402198 0.339705
threshold=1.5000000000000002 4.5000000000000009 1.0000000180025095e-35 2.5000000000000004 2.5000000000000004 0.94652115384615398 0.98654166666666676 0.87197500000000006 3.5000000000000004 0.14051285714285719 0.77616000000000007 0.52256875000000014 0.98252214285714301 5.5000000000000009
decision_type=2 2 2 2 2 2 2 2 2 2 2 2 2 2
left_child=2 3 5 4 7 10 8 9 11 -2 -1 -6 -7 -3
right_child=1 13 -4 -5 6 12 -8 -9 -10 -11 -12 -13 -14 -15
leaf_value=-0.011458756431584127 0.0011226694623914901 0.021070495468092837 0.00045103282541717935 0.021070495468092837 0.0049752042994210578 -0.0071050359275334277 0.021070495468092837 0.0091070493853561054 0.01425365082157639 0.0048309300186042889 -0.0083280453209023993 0.011491116869863191 -0.0027991888563112096 0.025465143106482391
leaf_weight=904.80215236544609 145.40715439617634 37.480400204658508 177.30103123188019 73.106776371598244 55.918835297226906 85.276197612285614 28.308165326714516 167.30473111569881 84.126164898276329 221.19101558625698 152.02090587466955 50.998968094587326 152.68651287257671 169.02801740169525
leaf_count=7806 730 150 954 301 229 642 114 712 337 1015 1237 207 1030 702
internal_value=0 0.0118452 -0.00856467 0.00874027 0.00751721 -0.00979863 0.0131579 0.00517947 0.0109041 0.00336714 -0.0110167 0.00910705 -0.00436551 0.0241677
internal_weight=0 1032.87 1472.09 826.362 753.255 1294.79 219.352 533.903 191.044 366.598 1056.82 106.918 237.963 206.508
internal_count=16166 4497 11669 3645 3344 10715 887 2457 773 1745 9043 436 1672 852
is_linear=0
shrinkage=0.05


Tree=30
num_leaves=14
num_cat=0
split_feature=0 1 0 2 2 1 1 0 2 1 2 2 2
split_gain=89.7171 15.8144 5.27389 6.5452 1.77064 1.0072 0.761989 0.384577 0.430601 0.298058 0.245288 0.243989 0.0221006
threshold=1.0000000180025095e-35 3.5000000000000004 2.5000000000000004 0.95942500000000008 0.94652115384615398 5.5000000000000009 2.5000000000000004 1.5000000000000002 0.0015057142857142858 2.5000000000000004 0.77616000000000007 0.99294166666666672 1.0405166666666668
decision_type=2 2 2 2 2 2 2 2 2 2 2 2 2
left_child=4 2 3 7 10 -3 -5 -2 -9 -10 -1 -6 -13
right_child=1 5 -4 6 11 -7 -8 8 9 -11 -12 12 -14
leaf_value=-0.010893642683388993 0.0007418998120320504 0.018612798892798554 0.018612798892798554 0.012389358350962137 -0.0074428036112365098 0.022721780298399191 0.018612798892798554 0.0007418998120320504 0.0032865848690122263 0.0064208267047065814 -0.0085184346229433914 -0.004646922435773743 -0.0030090197149914592
leaf_weight=900.90353494137526 172.82044138014317 161.31842125952244 46.360960140824318 113.73699203133583 114.49089787900448 168.6563720703125 25.290582850575447 24.590366527438164 393.73138606548309 95.287813067436218 148.8006179407239 87.244850665330887 38.006687164306641
leaf_count=7838 930 646 194 480 856 704 102 125 1838 388 1218 595 240
internal_value=0 0.00930389 0.00576327 0.00480176 -0.00967734 0.0186128 0.0146558 0.00278753 0.00347306 0.00390916 -0.0105654 -0.00576141 -0.00417768
internal_weight=0 1201.79 871.819 825.458 1289.45 329.975 139.028 686.43 513.61 489.019 1049.7 239.742 125.252
internal_count=16154 5407 4057 3863 10747 1350 582 3281 2351 2226 9056 1691 835
is_linear=0
shrinkage=0.05


Tree=31
num_leaves=11
num_cat=0
split_feature=0 1 0 2 1 2 2 2 1 2
split_gain=86.1068 10.3667 4.8401 2.82143 2.20047 1.45887 0.790265 0.566101 0.320713 0.084497
threshold=1.0000000180025095e-35 3.5000000000000004 2.5000000000000004 0.96676333333333342 2.5000000000000004 1.0405166666666668 0.14051285714285719 0.94652115384615398 5.5000000000000009 1.0089157142857146
decision_type=2 2 2 2 2 2 2 2 2 2
left_child=5 2 3 6 9 7 -2 -1 -3 -5
right_child=1 8 -4 4 -6 -7 -8 -9 -10 -11
leaf_value=-0.0099021764678019972 0.0025891320986821584 0.01686976748863158 0.01686976748863158 0.0061836620833772855 0.01686976748863158 0.00047538328103357793 0.0059588128233175053 -0.0069187960071737378 0.019359243216098939 0.009406853083350479
leaf_weight=1041.0671304538846 338.13548223674297 164.33713518083096 46.020684629678726 50.459456950426102 25.085039436817169 38.253603041172028 363.37521357834339 200.68715310096741 174.29228159785271 52.75902447104454
leaf_count=9051 1737 658 192 214 101 242 1608 1449 731 220
internal_value=0 0.00944833 0.00656297 0.0055994 0.0123953 -0.00912992 0.00434059 -0.00942597 0.0168698 0.00790561
internal_weight=0 1214.46 875.835 829.814 128.304 1280.01 701.511 1241.75 338.629 103.218
internal_count=16203 5461 4072 3880 535 10742 3345 10500 1389 434
is_linear=0
shrinkage=0.05


Tree=32
num_leaves=11
num_cat=0
split_feature=0 1 0 1 2 2 2 2 2 2
split_gain=81.2496 9.26245 3.75256 3.13064 2.36244 1.6637 0.737536 0.30571 0.295888 0.00754518
threshold=1.5000000000000002 5.5000000000000009 1.0000000180025095e-35 2.5000000000000004 0.77616000000000007 0.1561366666666667 0.0015057142857142858 0.2781583333333334 0.94652115384615398 0.99118166666666674
decision_type=2 2 2 2 2 2 2 2 2 2
left_child=2 3 4 6 -1 -5 -2 -8 -6 -10
right_child=1 -3 -4 5 8 -7 7 -9 9 -11
leaf_value=-0.0098773474002693713 -0.00062931353501803145 0.021547144844561036 -0.00062931353501803145 0.0064264490403336625 -0.0069451207902448027 0.014328308655600986 0.0050130210401974316 0.0076484742600301595 -0.0044601933327024302 -0.0036933941786917572
leaf_weight=883.57210803031921 19.794606894254684 168.32923233509064 174.71154589951038 52.038603976368904 147.56848796457052 266.23930864036083 171.92279557883739 357.83916765451431 108.60665093362331 131.39658954739571
leaf_count=7806 105 709 938 212 1224 1070 849 1562 823 882
internal_value=0 0.0108325 -0.0075042 0.00873187 -0.00844787 0.0126799 0.00642645 0.00642645 -0.00517198 -0.00405745
internal_weight=0 1036.16 1445.86 867.834 1271.14 318.278 549.557 529.762 387.572 240.003
internal_count=16180 4507 11673 3798 10735 1282 2516 2411 2929 1705
is_linear=0
shrinkage=0.05


Tree=33
num_leaves=13
num_cat=0
split_feature=0 1 2 2 2 1 2 2 2 1 1 2
split_gain=75.7379 9.37937 3.75967 2.69155 0.748233 0.744963 0.340515 0.240213 0.16954 0.120405 0.0991718 0.00545081
threshold=1.0000000180025095e-35 4.5000000000000009 0.14051285714285719 0.98252214285714301 0.77616000000000007 2.5000000000000004 0.96676333333333342 0.96452550000000004 0.28482462121212127 1.5000000000000002 5.5000000000000009 1.0405166666666668
decision_type=2 2 2 2 2 2 2 2 2 2 2 2
left_child=3 2 9 4 -1 6 8 -7 -4 -2 -3 -5
right_child=1 10 5 11 -6 7 -8 -9 -10 -11 -12 -13
leaf_value=-0.010104083300466417 0.0022474532728513231 0.015011180430360739 0.0039828274944787171 -0.0024804145367343673 -0.0068606963617311514 0.010532540105381594 0.010310753903160228 0.014793813991187815 0.0074701076038486405 0.0039828274944787171 0.019355275346776547 -0.0016753858131090264
leaf_weight=875.44407276809216 255.60894024372101 37.638956308364868 44.974285989999771 112.92986026406288 235.51516637951136 183.56636720895767 110.58312183618546 50.623198077082634 248.11876617372036 109.36319176852703 168.20781314373016 38.021200060844421
leaf_count=7791 1346 151 219 788 1905 738 463 203 1101 501 712 241
internal_value=0 0.00893326 0.00692477 -0.00857249 -0.0094233 0.00923858 0.00789411 0.0115127 0.00695036 0.0028667 0.0186374 -0.00229001
internal_weight=0 1208.68 1002.84 1261.91 1110.96 637.866 403.676 234.19 293.093 364.972 205.847 150.951
internal_count=16159 5434 4571 10725 9696 2724 1783 941 1320 1847 863 1029
is_linear=0
shrinkage=0.05


Tree=34
num_leaves=14
num_cat=0
split_feature=0 1 1 2 2 2 2 0 2 2 1 2 2
split_gain=58.0239 10.229 2.62045 1.59752 1.56577 1.41152 0.710761 0.902297 0.516367 0.411869 0.417988 0.160661 0.0642165
threshold=1.0000000180025095e-35 2.5000000000000004 5.5000000000000009 0.94001043956043973 0.28482462121212127 0.97099000000000013 0.1561366666666667 2.5000000000000004 1.0313333333333337 0.41415000000000007 3.5000000000000004 0.95942500000000008 0.77616000000000007
decision_type=2 2 2 2 2 2 2 2 2 2 2 2 2
left_child=3 4 5 12 -2 6 -3 9 11 -8 -11 -6 -1
right_child=1 2 -4 -5 8 -7 7 -9 -10 10 -12 -13 -14
leaf_value=-0.0093243947959292788 0.001051994656238832 0.0030384103578144934 0.017799141575534045 -0.0046207442116972036 0.0043591696505139157 0.017280183740976698 0.0051243480648173606 0.016332032903695184 0.012332588504370806 0.0062576781379242337 0.012325908275165637 0.0062576781379242337 -0.00789265228788146
leaf_weight=874.02422924339771 371.4735127389431 51.338396012783051 167.19597932696342 246.7213738784194 238.28178967535496 54.615100517868996 45.99356584250927 40.927448362112045 26.610676646232605 56.946958318352699 64.936994627118111 88.987566933035851 136.75547057390213
leaf_count=7837 1913 209 711 1773 1056 219 185 164 110 230 260 374 1146
internal_value=0 0.00708341 0.0127226 -0.00825664 0.00332416 0.00997811 0.0083848 0.00967856 0.00569961 0.00796938 0.00956469 0.00512435 -0.00913868
internal_weight=0 1207.31 481.954 1257.5 725.354 314.758 260.143 208.805 353.88 167.878 121.884 327.269 1010.78
internal_count=16187 5431 1978 10756 3453 1267 1048 839 1540 675 490 1430 8983
is_linear=0
shrinkage=0.05


Tree=35
num_leaves=11
num_cat=0
split_feature=0 0 1 2 0 1 2 2 2 1
split_gain=65.341 4.79672 3.63767 3.90209 1.0769 0.813343 0.458009 0.384546 0.0460568 0.0348319
threshold=1.0000000180025095e-35 2.5000000000000004 4.5000000000000009 0.96676333333333342 1.5000000000000002 2.5000000000000004 0.0015057142857142858 0.94652115384615398 1.0313333333333337 3.5000000000000004
decision_type=2 2 2 2 2 2 2 2 2 2
left_child=7 2 3 4 -2 -5 -6 -1 -9 -8
right_child=1 -3 -4 5 6 -7 9 8 -10 -11
leaf_value=-0.0082353912931371464 0.0013426029494474103 0.016871870407224182 0.015272355721522194 0.010378195932780752 0.0013426029494474103 0.015272355721522194 0.005913221452624403 -0.0062786004877765245 -0.0042228815475062386 0.0072391886594116682
leaf_weight=1010.7252690643072 173.95037844777107 149.17483219504356 125.56450100243092 107.78361576795578 25.943958759307861 36.923275798559189 513.22818265855312 193.51732481271029 42.465545415878296 80.964881330728531
leaf_count=9038 933 621 530 450 129 148 2316 1419 272 324
internal_value=0 0.00848797 0.0072982 0.00621653 0.00482871 0.0137469 0.00580284 -0.00780375 -0.00592805 0.00610576
internal_weight=0 1213.53 1064.36 938.794 794.087 144.707 620.137 1246.71 235.983 594.193
internal_count=16180 5451 4830 4300 3702 598 2769 10729 1691 2640
is_linear=0
shrinkage=0.05


Tree=36
num_leaves=13
num_cat=0
split_feature=0 1 0 2 2 1 2 2 2 1 1 1
split_gain=52.7059 8.73849 3.90157 2.64244 1.97597 1.24215 0.450097 0.373354 0.0697463 0.0581491 0.0378106 0.0148341
threshold=1.0000000180025095e-35 3.5000000000000004 2.5000000000000004 0.95942500000000008 1.0405166666666668 2.5000000000000004 0.99294166666666672 0.17455185185185187 0.94652115384615398 2.5000000000000004 5.5000000000000009 1.5000000000000002
decision_type=2 2 2 2 2 2 2 2 2 2 2 2
left_child=4 2 3 7 6 -5 8 9 -1 -2 -3 -9
right_child=1 10 -4 5 -6 -7 -8 11 -10 -11 -12 -13
leaf_value=-0.0082788382940728739 0.0011224932645764677 0.014154599855942564 0.014154599855942564 0.0070888163905598201 0.0037609776757130996 0.014154599855942564 -0.0042845787100220739 0.0032336817370290749 -0.0067269139283771808 0.003519252763541713 0.015495566421961898 0.0040007319859486539
leaf_weight=1006.7328175008297 328.23270991444588 162.34197314083576 43.685010313987732 118.18185038864613 37.151362404227257 25.699520736932755 85.370397716760635 166.60515303909779 109.80924637615681 26.765073359012604 162.98656032979488 173.22731398046017
leaf_count=9057 1700 651 181 493 237 103 593 763 841 110 699 726
internal_value=0 0.00716043 0.00456866 0.00373706 -0.00751158 0.0098823 -0.00786285 0.00245217 -0.00813237 0.00131258 0.0141546 0.00363527
internal_weight=0 1207.73 882.397 838.712 1239.06 143.881 1201.91 694.83 1116.54 354.998 325.329 339.832
internal_count=16154 5426 4076 3895 10728 596 10491 3299 9898 1810 1350 1489
is_linear=0
shrinkage=0.05


Tree=37
num_leaves=15
num_cat=0
split_feature=0 1 0 2 1 2 2 2 0 2 1 2 2 2
split_gain=50.8554 4.1986 2.85326 1.76105 0.817318 0.682358 0.417173 0.356455 0.14645 0.100636 0.0945948 0.300901 0.169756 0.0203793
threshold=1.5000000000000002 2.5000000000000004 1.0000000180025095e-35 0.77616000000000007 4.5000000000000009 0.0015057142857142858 0.99118166666666674 0.2781583333333334 2.5000000000000004 1.0405166666666668 1.5000000000000002 1.0066875000000002 0.4587816666666667 0.64428190476190483
decision_type=2 2 2 2 2 2 2 2 2 2 2 2 2 2
left_child=2 5 3 -1 8 -2 -5 -7 -3 -8 11 13 -12 -9
right_child=1 4 -4 6 -6 7 9 10 -10 -11 12 -13 -14 -15
leaf_value=-0.0078587365208349271 0.00019136338575299005 0.0096747589088774372 0.00019136338575299005 -0.004938729578869672 0.014662126395261078 0.0042885228849044547 -0.0023597820608201765 0.0043621528553157108 0.012876739094904697 0.00019136338575299005 0.0052949641772107748 0.0081092926338446596 0.0088276666890699032 0.0057263569996760652
leaf_weight=854.36222159862518 20.634426593780518 224.01050536334515 176.83144696056843 250.98045402020216 204.48306128382683 172.80282644927502 90.343097150325775 62.863411650061607 57.070606231689453 38.964996099472046 20.51931856572628 22.520920276641846 133.87061184644699 124.81931464374065
leaf_count=7810 109 902 947 2055 870 847 630 289 229 248 88 93 561 546
internal_value=0 0.00880267 -0.00574799 -0.00659811 0.0122029 0.00582745 -0.0037528 0.00620397 0.0103682 -0.00143073 0.0070976 0.00631966 0.00810929 0.00529496
internal_weight=0 1043.6 1411.48 1234.65 485.564 558.031 380.289 537.396 281.081 129.308 364.594 210.204 154.39 187.683
internal_count=16224 4534 11690 10743 2001 2533 2933 2424 1131 878 1577 928 649 835
is_linear=0
shrinkage=0.05


Tree=38
num_leaves=14
num_cat=0
split_feature=0 0 1 2 2 1 2 2 1 2 2 2 2
split_gain=42.7515 4.14313 3.07653 1.53078 1.21717 1.22186 1.04232 0.368324 0.180715 0.420461 0.108991 0.0751014 0.0136617
threshold=1.0000000180025095e-35 2.5000000000000004 4.5000000000000009 0.94652115384615398 0.14051285714285719 2.5000000000000004 0.99773562500000013 0.27164000000000005 1.5000000000000002 1.0066875000000002 0.98252214285714301 0.64428190476190483 1.0313333333333337
decision_type=2 2 2 2 2 2 2 2 2 2 2 2 2
left_child=3 2 4 -1 -2 7 -7 -6 9 11 -5 -9 -12
right_child=1 -3 -4 10 5 6 -8 8 -10 -11 12 -13 -14
leaf_value=-0.0077000989966145572 0.0019097954999848041 0.013998668897311294 0.012658647344308839 -0.0046209294475128004 0.0019097954999848041 0.0070052485004268392 0.012658647344308839 0.0019097954999848041 0.0060330053891958701 0.0060330053891958701 -0.0026504726333152076 0.0034143601116445725 -0.001510195593299222
leaf_weight=1000.3006535321474 349.66589912772179 154.26562161743641 122.64808967709541 84.884043678641319 37.23500169813633 167.51842060685158 21.715132400393486 65.865167289972305 147.18186476826668 23.493864059448242 107.66790972650051 124.72982349991798 41.349374651908875
leaf_count=9106 1775 645 523 664 181 673 87 304 619 97 763 546 265
internal_value=0 0.00636049 0.00523678 -0.00684824 0.00425327 0.00564187 0.00894754 0.00405368 0.00467032 0.0037098 -0.0031879 0.00260731 -0.00234624
internal_weight=0 1214.32 1060.05 1234.2 937.405 587.739 189.234 398.506 361.271 214.089 233.901 190.595 149.017
internal_count=16248 5450 4805 10798 4282 2507 760 1747 1566 947 1692 850 1028
is_linear=0
shrinkage=0.05


Tree=39
num_leaves=11
num_cat=0
split_feature=0 1 2 2 1 2 2 1 2 0
split_gain=38.2388 5.9368 2.13024 1.88178 1.05966 0.874481 0.322848 0.196701 0.0821715 0.015608
threshold=1.0000000180025095e-35 4.5000000000000009 0.77616000000000007 0.96676333333333342 2.5000000000000004 0.14051285714285719 0.99294166666666672 1.5000000000000002 0.94652115384615398 2.5000000000000004
decision_type=2 2 2 2 2 2 2 2 2 2
left_child=2 3 -1 5 -5 -2 8 -7 -4 -9
right_child=1 -3 6 4 -6 7 -8 9 -10 -11
leaf_value=-0.0079999010792034878 0.0015730898873038493 0.013812699179989538 -0.0052984427960250588 0.0064349379498182362 0.013812699179989538 0.003483732997977346 -0.0013447740455647971 0.0053818709386343902 -0.0034069221546302133 0.0064349379498182362
leaf_weight=850.58938345313072 369.62861059606075 197.59184536337852 142.13045958429575 110.63232244551182 48.902006521821022 184.4684980660677 122.47179850935936 261.46576227247715 111.57189264893532 39.755385905504227
leaf_count=7867 1862 846 1223 459 196 841 833 1081 864 161
internal_value=0 0.00590166 -0.00661411 0.00434929 0.00932272 0.00341184 -0.00346772 0.0048051 -0.00448324 0.0056001
internal_weight=0 1212.44 1226.76 1014.85 159.534 855.318 376.174 485.69 253.702 301.221
internal_count=16233 5446 10787 4600 655 3945 2920 2083 2087 1242
is_linear=0
shrinkage=0.05


Tree=40
num_leaves=11
num_cat=0
split_feature=0 1 2 2 1 2 2 2 1 2
split_gain=33.4853 5.66405 2.37684 1.50343 1.37371 0.554376 0.454024 0.0431532 0.00927806 0.00737516
threshold=1.0000000180025095e-35 2.5000000000000004 0.98252214285714301 0.2781583333333334 5.5000000000000009 1.0405166666666668 0.77616000000000007 0.96676333333333342 3.5000000000000004 1.0525345238095241
decision_type=2 2 2 2 2 2 2 2 2 2
left_child=2 3 6 -2 8 -4 -1 -5 -3 -9
right_child=1 4 5 7 -6 -7 -8 9 -10 -11
leaf_value=-0.0072050658238256918 0.00086521795424170762 0.007577902660248232 -0.0017349028168473842 0.0049642538872482159 0.013836720552560008 0.0051475357934017887 -0.004642454458731223 0.0058930787389731279 0.0086342681034101178 0.007577902660248232
leaf_weight=840.9612774476409 369.94842427968979 159.51474961638451 111.14248579740524 257.77269028127193 163.67872554063797 38.588016718626022 227.30030367523432 91.022587344050407 157.74202618002892 19.506953656673431
leaf_count=7825 1896 643 789 1133 713 246 1898 378 634 80
internal_value=0 0.00587824 -0.00583846 0.00312065 0.010096 6.11981e-05 -0.00666466 0.00537769 0.00812861 0.00628874
internal_weight=0 1219.19 1217.99 738.251 480.936 149.731 1068.26 368.302 317.257 110.53
internal_count=16235 5477 10758 3487 1990 1035 9723 1591 1277 458
is_linear=0
shrinkage=0.05


Tree=41
num_leaves=12
num_cat=0
split_feature=0 1 2 2 0 0 1 2 2 1 1
split_gain=32.6403 3.77526 1.9451 1.32015 0.593376 0.265995 0.535338 0.115597 0.0683938 0.0377023 0.0057987
threshold=1.0000000180025095e-35 5.5000000000000009 0.14051285714285719 0.99118166666666674 2.5000000000000004 2.5000000000000004 3.5000000000000004 1.0405166666666668 0.74922376344086039 2.5000000000000004 1.5000000000000002
decision_type=2 2 2 2 2 2 2 2 2 2 2
left_child=3 2 4 8 9 6 -4 -5 -1 10 -2
right_child=1 -3 5 7 -6 -7 -8 -9 -10 -11 -12
leaf_value=-0.0070680295503198947 0.00052270862637156083 0.012410935358995597 0.0058408496720605552 -0.0024166166759636027 0.0058408496720605552 0.0087871765227581482 0.0087871765227581482 0.00084335081607877821 -0.0060255346333882784 0.0023301557927721656 0.001072477616488682
leaf_weight=824.4624478071928 263.54835826158524 162.56688819825649 496.13698124885559 90.567549988627434 16.943916007876396 70.551200076937675 104.81880135834217 38.079869270324707 263.13925348967314 35.387864753603935 59.531414002180099
leaf_count=7714 1380 711 2131 635 71 286 421 242 2202 144 291
internal_value=0 0.00533988 0.00423108 -0.00625533 0.00134379 0.00584085 0.00548093 -0.0014526 -0.00682157 0.000801156 0.000627007
internal_weight=0 1209.49 1046.92 1216.25 375.412 671.507 600.956 128.647 1087.6 358.468 323.08
internal_count=16228 5435 4724 10793 1886 2838 2552 877 9916 1815 1671
is_linear=0
shrinkage=0.05


Tree=42
num_leaves=9
num_cat=0
split_feature=0 2 1 0 2 0 1 1
split_gain=26.9752 2.85366 1.90845 1.38974 1.22776 0.693652 0.517405 0.067587
threshold=1.5000000000000002 0.0015057142857142858 3.5000000000000004 2.5000000000000004 0.98252214285714301 1.0000000180025095e-35 2.5000000000000004 5.5000000000000009
decision_type=2 2 2 2 2 2 2 2
left_child=4 -2 3 6 5 -1 -3 -4
right_child=1 2 7 -5 -6 -7 -8 -9
leaf_value=-0.0056400381509259896 -0.0042405502323063851 0.0040055244918324366 0.010068483536377766 0.010068483536377766 8.8757825402523027e-05 -0.0042405502323063851 0.0076026083851988297 0.011349278995131979
leaf_weight=1059.69045894593 30.998329788446426 528.53502844274044 157.11404670774937 43.228014037013054 146.36610569059849 173.91560336947441 124.83987779915333 163.79870942234993
leaf_count=9745 151 2374 632 178 1013 929 503 719
internal_value=0 0.00639385 0.00687495 0.00539142 -0.00424055 -0.00475387 0.00470338 0.0100685
internal_weight=0 1048.51 1017.52 696.603 1379.97 1233.61 653.375 320.913
internal_count=16244 4557 4406 3055 11687 10674 2877 1351
is_linear=0
shrinkage=0.05


Tree=43
num_leaves=11
num_cat=0
split_feature=0 1 2 1 2 2 2 2 2 2
split_gain=31.455 2.59353 1.41444 0.749679 0.945525 0.552957 0.283315 0.0766991 0.0500306 0.0436518
threshold=1.0000000180025095e-35 2.5000000000000004 0.94652115384615398 5.5000000000000009 0.94893803763440865 0.87197500000000006 0.1561366666666667 0.27164000000000005 0.99294166666666672 1.0313333333333337
decision_type=2 2 2 2 2 2 2 2 2 2
left_child=2 5 -1 4 6 7 -3 -2 -4 -7
right_child=1 3 8 -5 -6 9 -8 -9 -10 -11
leaf_value=-0.0065265850398903442 0.0026108277748586716 0.0030522862168493154 -0.0029490917355193733 0.011417740599142974 0.011417740599142974 0.0059224421770419835 0.0065782959446393204 0.0038655933383900665 -0.0014567759168050663 0.0083837170702327109
leaf_weight=972.91567449271679 366.46132102608681 53.037303552031517 109.14966014027596 159.38035279512405 63.180039823055267 146.73585736751556 198.96860390901566 194.70296612381935 122.703698143363 28.62074987590313
leaf_count=9091 1879 215 855 702 254 614 800 862 835 117
internal_value=0 0.00571547 -0.00569047 0.00859706 0.00713912 0.00384962 0.00569618 0.00305229 -0.00216896 0.00569618
internal_weight=0 1211.09 1204.77 474.566 315.186 736.521 252.006 561.164 231.853 175.357
internal_count=16224 5443 10781 1971 1269 3472 1015 2741 1690 731
is_linear=0
shrinkage=0.05


Tree=44
num_leaves=15
num_cat=0
split_feature=0 1 0 0 2 2 1 1 2 2 2 1 2 1
split_gain=27.5403 3.05858 1.33733 1.28137 1.74091 0.951266 0.924442 0.419428 0.346858 0.204745 0.151498 0.0440426 0.0304159 0.0144099
threshold=1.5000000000000002 5.5000000000000009 1.0000000180025095e-35 2.5000000000000004 0.17455185185185187 0.96676333333333342 2.5000000000000004 3.5000000000000004 0.77616000000000007 0.39961857142857149 0.0015057142857142858 1.5000000000000002 0.94652115384615398 1.5000000000000002
decision_type=2 2 2 2 2 2 2 2 2 2 2 2 2 2
left_child=2 3 8 4 10 7 -7 11 -1 -9 -2 -6 -10 -12
right_child=1 -3 -4 -5 5 6 -8 9 12 -11 13 -13 -14 -15
leaf_value=-0.0054608901028275654 -0.00021834736336598886 0.012859355947002205 -0.00021834736336598886 0.011099162929850713 0.0032053273081065685 0.0060427789795856135 0.011099162929850713 0.0040563967559159699 -0.0042134290304684163 0.0060427789795856135 0.0010253315036427551 0.0040563967559159699 -0.0032059468757799172 0.0019781612426733129
leaf_weight=823.12777338922024 26.322160646319389 160.63386704027653 176.24278220534325 86.711553022265434 173.7308157235384 109.34564289450645 40.076754197478294 22.169153109192848 139.79137812554836 66.882036447525024 83.689980834722519 177.10679391026497 231.01190593838692 83.001925244927406
leaf_count=7814 132 710 942 354 783 451 161 89 1228 269 415 736 1689 372
internal_value=0 0.00653182 -0.00428553 0.00534879 0.00469807 0.00604597 0.00949537 0.0048554 -0.00488522 0.00792324 0.000572711 0.0040564 -0.00359607 0.00150875
internal_weight=0 1029.67 1370.17 869.037 782.325 589.311 149.422 439.889 1193.93 89.0512 193.014 350.838 370.803 166.692
internal_count=16145 4472 11673 3762 3408 2489 612 1877 10731 358 919 1519 2917 787
is_linear=0
shrinkage=0.05


Tree=45
num_leaves=12
num_cat=0
split_feature=0 1 2 2 0 2 2 1 2 2 2
split_gain=21.8063 2.50628 1.81497 0.866142 0.399247 0.423432 0.323741 0.443908 0.31706 0.199066 0.0848533
threshold=1.5000000000000002 5.5000000000000009 0.0015057142857142858 0.99294166666666672 1.0000000180025095e-35 0.76965125000000012 0.14051285714285719 2.5000000000000004 0.97099000000000013 0.27164000000000005 1.0313333333333337
decision_type=2 2 2 2 2 2 2 2 2 2 2
left_child=3 2 -2 4 5 -1 -4 9 -9 -8 -11
right_child=1 -3 6 -5 -6 -7 7 8 -10 10 -12
leaf_value=-0.0065427437164826477 -0.0048691689285466954 0.010430090907916143 0.0021522411942077819 -0.00086190739399145944 -0.0048691689285466954 -0.0048691689285466954 0.0021522411942077819 0.0052662193253978258 0.0095810490614514146 0.0037866706420642813 0.0066651941944854479
leaf_weight=819.5877251252532 29.565114185214043 161.57079084217548 171.51435512304306 123.22555063664913 179.02262599766254 251.39231808483601 39.194740101695061 212.79985356330872 55.396492451429367 342.62246765196323 28.957111567258835
leaf_count=7813 144 717 804 841 957 2117 188 856 223 1475 118
internal_value=0 0.00472032 0.0036614 -0.00486917 -0.0052632 -0.00593425 0.00411159 0.00460265 0.00618974 0.00355391 0.00402828
internal_weight=0 1041.62 880.05 1373.23 1250 1070.98 850.485 678.971 268.196 410.774 371.58
internal_count=16253 4525 3808 11728 10887 9930 3664 2860 1079 1781 1593
is_linear=0
shrinkage=0.05


Tree=46
num_leaves=13
num_cat=0
split_feature=0 1 0 2 2 1 1 2 2 2 2 2
split_gain=19.2301 3.43685 1.22997 0.963488 0.75615 0.695435 0.474405 0.117457 0.0469841 0.0236495 0.0057664 0.00148751
threshold=1.0000000180025095e-35 5.5000000000000009 2.5000000000000004 0.95671261755485903 0.96452550000000004 2.5000000000000004 3.5000000000000004 0.14051285714285719 0.77616000000000007 0.87692500000000007 1.0405166666666668 0.46604628896585859
decision_type=2 2 2 2 2 2 2 2 2 2 2 2
left_child=3 2 4 8 6 -6 7 -2 -1 11 -5 -9
right_child=1 -3 -4 10 5 -7 -8 9 -10 -11 -12 -13
leaf_value=-0.0052461625394936455 0.0012436213329117237 0.011350898181946423 0.0092291475759367515 -0.0014723113515607972 0.0038387990959725831 0.0092291475759367515 0.0055692812831940964 0.0021012989408888991 -0.0042020265208981391 0.003376411750419913 -0.00075513707163247146 0.0024560095863078069
leaf_weight=814.18416215479374 345.90822847187519 159.9167448580265 85.193836614489555 173.73321990668774 111.79675386846066 43.270901665091515 100.69826953113079 121.48058271408081 155.67191452533007 71.832464650273323 37.502683594822884 174.374028429389
leaf_count=7800 1762 712 348 1290 461 174 405 543 1367 301 239 752
internal_value=0 0.00453974 0.00349709 -0.00441697 0.00298433 0.00617723 0.00236947 0.00191076 -0.00508307 0.00253332 -0.00134914 0.00231793
internal_weight=0 1214.47 1054.56 1181.09 969.361 155.068 814.294 713.595 969.856 367.687 211.236 295.855
internal_count=16154 5458 4746 10696 4398 635 3763 3358 9167 1596 1529 1295
is_linear=0
shrinkage=0.05


Tree=47
num_leaves=12
num_cat=0
split_feature=0 1 2 2 0 1 0 2 2 2 2
split_gain=15.4644 3.21211 1.07007 0.795503 0.579332 0.224232 0.662618 0.206472 1.35342 0.0777415 0.0305078
threshold=1.0000000180025095e-35 5.5000000000000009 0.77616000000000007 0.162415 2.5000000000000004 3.5000000000000004 2.5000000000000004 1.0405166666666668 0.96676333333333342 0.95671261755485903 0.20947777777777779
decision_type=2 2 2 2 2 2 2 2 2 2 2
left_child=2 3 -1 4 -2 6 8 9 10 -4 -5
right_child=1 -3 7 5 -6 -7 -8 -9 -10 -11 -12
leaf_value=-0.0047761127422231882 0.00073950139548268571 0.010867143154277665 -0.0027306066916772784 0.00073950139548268571 0.0042832498175397133 0.0062785240403149048 0.0062785240403149048 0.0018712111429099836 0.0062785240403149048 -0.0011889205319078162 0.0015926945116589665
leaf_weight=816.02277223020792 365.50681827962399 158.66217218339443 159.7617281973362 17.999486148357391 18.211248323321342 144.41797184944153 33.718753710389137 39.053830727934837 133.21491858363152 172.07399520277977 346.34917671978474
leaf_count=7849 1844 709 1407 83 76 583 137 249 546 1279 1494
internal_value=0 0.00425156 -0.00376458 0.00325148 0.00142819 0.00428325 0.00428325 -0.00153217 0.00306365 -0.00193714 0.00143363
internal_weight=0 1218.08 1186.91 1059.42 383.718 675.7 531.282 370.89 497.564 331.836 364.349
internal_count=16256 5472 10784 4763 1920 2843 2260 2935 2123 2686 1577
is_linear=0
shrinkage=0.05


Tree=48
num_leaves=6
num_cat=0
split_feature=0 1 0 1 1
split_gain=13.7789 2.05586 0.906379 0.250033 0.0294091
threshold=1.0000000180025095e-35 4.5000000000000009 2.5000000000000004 2.5000000000000004 3.5000000000000004
decision_type=2 2 2 2 2
left_child=-1 2 3 -2 -5
right_child=1 -3 -4 4 -6
leaf_value=-0.0033586114621309126 0.0024228070275620541 0.0088768299413790105 0.0085283977226377171 0.0037818424469364294 0.0050779579421225103
leaf_weight=1175.6976939886808 717.0379935503006 198.46914295852184 76.344847977161407 129.38891027867794 94.026450663805008
leaf_count=10711 3373 875 312 521 378
internal_value=0 0.00423065 0.00331593 0.00288418 0.00434752
internal_weight=0 1215.27 1016.8 940.453 223.415
internal_count=16170 5459 4584 4272 899
is_linear=0
shrinkage=0.05


Tree=49
num_leaves=11
num_cat=0
split_feature=0 1 2 2 2 1 0 2 2 2
split_gain=14.8237 2.82572 1.02194 1.06477 0.74912 0.528439 0.333242 0.0359079 0.0294204 0.000786802
threshold=1.0000000180025095e-35 1.5000000000000002 1.0066875000000002 0.0065903571428571435 0.95671261755485903 4.5000000000000009 2.5000000000000004 1.0313333333333337 0.87197500000000006 0.98252214285714301
decision_type=2 2 2 2 2 2 2 2 2 2
left_child=4 2 8 -3 -1 6 -5 9 -2 -6
right_child=1 3 -4 5 7 -7 -8 -9 -10 -11
leaf_value=-0.0039434791500400617 0.00081866654487739604 0.00098611368669966333 0.0065370472290604449 0.0065370472290604449 -0.0011346943931258694 0.0093570286160225922 0.0093570286160225922 0.00065554018471045096 0.0019319060276964208 -0.0008656756580034177
leaf_weight=968.42193377017975 403.78806090354919 38.794449388980865 22.488908365368843 415.39138892292976 63.461442410945892 191.14455327391624 66.928720355033875 41.522740736603737 69.622786059975624 105.64572004973888
leaf_count=9240 2019 180 92 1730 504 845 272 267 293 760
internal_value=0 0.00452125 0.00161864 0.00653705 -0.0033562 0.0070304 0.00653705 -0.000650141 0.000986114 -0.000972708
internal_weight=0 1208.16 495.9 712.259 1179.05 673.465 482.32 210.63 473.411 169.107
internal_count=16202 5431 2404 3027 10771 2847 2002 1531 2312 1264
is_linear=0
shrinkage=0.05


Tree=50
num_leaves=9
num_cat=0
split_feature=0 1 2 2 1 2 2 2
split_gain=13.1084 1.33951 0.580352 0.358233 0.324112 0.07033 0.0330408 0.0077352
threshold=1.0000000180025095e-35 2.5000000000000004 0.27164000000000005 0.94652115384615398 5.5000000000000009 1.012753076923077 0.98252214285714301 0.2021766666666667
decision_type=2 2 2 2 2 2 2 2
left_child=3 2 7 -1 -3 -4 -5 -2
right_child=1 4 5 6 -6 -7 -8 -9
leaf_value=-0.0040395059435252003 0.0010005839871847623 0.00494495483604871 0.0035441918248656427 -0.0026281273906078781 0.0077897067892058851 0.00494495483604871 -0.0013589460347596496 0.0019793095334543417
leaf_weight=942.71037190407515 343.7305174767971 310.74346838891506 321.52062164247036 82.400799289345741 156.04213544726372 51.542014673352242 146.96153455972672 21.778618514537811
leaf_count=9046 1761 1253 1387 665 704 210 1026 104
internal_value=0 0.00381509 0.00248454 -0.00360795 0.00591055 0.00386961 -0.00182434 0.00106414
internal_weight=0 1205.36 738.572 1172.07 466.786 373.063 229.362 365.509
internal_count=16156 5419 3462 10737 1957 1597 1691 1865
is_linear=0
shrinkage=0.05


Tree=51
num_leaves=12
num_cat=0
split_feature=0 0 1 2 1 2 2 1 2 2 2
split_gain=12.3605 1.10108 0.964706 1.06605 0.217605 0.19494 0.0913557 0.0147029 0.0128593 0.00739297 0.00532519
threshold=1.0000000180025095e-35 2.5000000000000004 3.5000000000000004 0.96676333333333342 2.5000000000000004 0.98252214285714301 0.14051285714285719 5.5000000000000009 1.0405166666666668 0.1561366666666667 0.94652115384615398
decision_type=2 2 2 2 2 2 2 2 2 2 2
left_child=5 2 3 6 -5 10 -2 -3 -7 -4 -1
right_child=1 7 9 4 -6 8 -8 -9 -10 -11 -12
leaf_value=-0.0038572014595967918 0.00094492134036409502 0.0069250500278355614 0.0045232409054600511 0.0037382775368755327 0.006081862920316667 -0.0021059610849587227 0.0020809830527672821 0.008527652932857524 -0.00097386412015301239 0.0062223343233210387 -0.0032485988565281471
leaf_weight=941.88496299088001 340.25499865412712 86.544579982757568 20.269115746021271 108.09098157286644 22.985745280981064 108.77342164516449 374.58574390411377 62.965662926435471 36.025584191083908 191.69864569604397 80.651906825602055
leaf_count=9069 1728 354 85 444 92 782 1620 285 230 816 652
internal_value=0 0.0036439 0.00307073 0.00230991 0.00608186 -0.00356866 0.00154231 0.00765215 -0.00183291 0.00608186 -0.00381242
internal_weight=0 1207.4 1057.89 845.917 131.077 1167.34 714.841 149.51 144.799 211.968 1022.54
internal_count=16157 5424 4785 3884 536 10733 3348 639 1012 901 9721
is_linear=0
shrinkage=0.05


Tree=52
num_leaves=7
num_cat=0
split_feature=0 0 1 2 0 1
split_gain=13.2449 1.8995 0.844659 0.240785 0.229849 0.00663238
threshold=1.0000000180025095e-35 2.5000000000000004 4.5000000000000009 0.99294166666666672 1.5000000000000002 3.5000000000000004
decision_type=2 2 2 2 2 2
left_child=3 2 4 -1 -2 -6
right_child=1 -3 -4 -5 5 -7
leaf_value=-0.0038260909608272609 0.00098738020876035378 0.0091340316707393242 0.0070585977537588945 -0.0014636629426970976 0.0029209408161738012 0.0034701826665503137
leaf_weight=1042.7954644933343 176.65858063101768 149.56762138009071 120.53617750108242 122.14792904257774 678.34052588045597 95.667609468102455
leaf_count=9889 943 640 535 838 2983 385
internal_value=0 0.00387008 0.00312726 -0.00357985 0.00262191 0.00299322
internal_weight=0 1220.77 1071.2 1164.94 950.667 774.008
internal_count=16213 5486 4846 10727 4311 3368
is_linear=0
shrinkage=0.05


Tree=53
num_leaves=4
num_cat=0
split_feature=0 1 1
split_gain=9.6099 1.80813 0.413462
threshold=1.0000000180025095e-35 2.5000000000000004 5.5000000000000009
decision_type=2 2 2
left_child=-1 -2 -3
right_child=1 2 -4
leaf_value=-0.0036541399574322774 0.0011536321912215325 0.0040453839407751232 0.0072086030932921197
leaf_weight=1161.5000824779272 738.93637201189995 318.25529065728188 157.47166764736176
leaf_count=10723 3457 1284 716
internal_value=0 0.00270427 0.00510537
internal_weight=0 1214.66 475.727
internal_count=16180 5457 2000
is_linear=0
shrinkage=0.05


Tree=54
num_leaves=10
num_cat=0
split_feature=0 1 2 0 0 1 2 2 1
split_gain=12.973 1.96399 0.441571 0.395971 0.14315 0.620545 0.110504 0.0993742 0.0825762
threshold=1.0000000180025095e-35 5.5000000000000009 0.99118166666666674 1.5000000000000002 2.5000000000000004 2.5000000000000004 1.0313333333333337 0.90102500000000008 4.5000000000000009
decision_type=2 2 2 2 2 2 2 2 2
left_child=2 3 7 -2 5 -5 -4 -1 -7
right_child=1 -3 6 4 -6 8 -8 -9 -10
leaf_value=-0.0036500968912012172 0.0013671136128273072 0.0095434377341177563 -0.0013283069197379174 0.0027900631007839352 0.0058947294119244924 0.004844745063512422 0.0013671136128273072 -0.0022483549575880455 0.0058947294119244924
leaf_weight=876.9288339689374 178.52188716828823 155.104815736413 82.475025415420532 544.12643149495125 88.294173285365105 218.45955067873001 39.953938871622086 154.99848895519972 24.199305295944214
leaf_count=8553 952 707 588 2435 361 879 258 1302 99
internal_value=0 0.00430287 -0.00310539 0.00352307 0.00396084 0.00373661 -0.000263889 -0.00344193 0.00583894
internal_weight=0 1208.71 1154.36 1053.6 875.079 786.785 122.429 1031.93 242.659
internal_count=16134 5433 10701 4726 3774 3413 846 9855 978
is_linear=0
shrinkage=0.05


Tree=55
num_leaves=7
num_cat=0
split_feature=0 1 0 0 1 1
split_gain=7.20033 1.81543 0.213885 0.077329 0.290131 0.0320061
threshold=1.0000000180025095e-35 5.5000000000000009 1.5000000000000002 2.5000000000000004 2.5000000000000004 3.5000000000000004
decision_type=2 2 2 2 2 2
left_child=-1 2 -2 4 -4 -6
right_child=1 -3 3 -5 5 -7
leaf_value=-0.0027079835622444144 0.00047613529022252199 0.0078225817730664445 0.0015652144845291521 0.0038010551057855351 0.0029127400291987151 0.0038010551057855351
leaf_weight=1158.8305724784732 178.62290686368942 156.11610062420368 541.22837391495705 87.032529875636101 126.34615033864975 118.02361388504505
leaf_count=10754 952 714 2419 356 508 477
internal_value=0 0.00280718 0.00205564 0.00237804 0.00221576 0.00364434
internal_weight=0 1207.37 1051.25 872.631 785.598 244.37
internal_count=16180 5426 4712 3760 3404 985
is_linear=0
shrinkage=0.05


Tree=56
num_leaves=6
num_cat=0
split_feature=0 0 1 1 1
split_gain=8.48292 0.738149 0.43737 0.0606241 0.0133342
threshold=1.0000000180025095e-35 2.5000000000000004 4.5000000000000009 2.5000000000000004 1.5000000000000002
decision_type=2 2 2 2 2
left_child=-1 2 3 4 -2
right_child=1 -3 -4 -5 -6
leaf_value=-0.0030018361664362974 0.0017749147580109932 0.0062812290048603605 0.0053802401477889743 0.0028867607861635357 0.0022665753189732916
leaf_weight=1154.6756372526288 498.84966354072094 148.73812998831272 118.26913724839687 221.65388165414333 220.0427457690239
leaf_count=10745 2405 639 530 892 960
internal_value=0 0.00298968 0.0025218 0.00215704 0.00192834
internal_weight=0 1207.55 1058.82 940.546 718.892
internal_count=16171 5426 4787 4257 3365
is_linear=0
shrinkage=0.05


Tree=57
num_leaves=11
num_cat=0
split_feature=0 2 0 2 1 2 1 2 2 2
split_gain=4.14652 1.28893 0.290098 0.375637 0.880276 0.173737 0.0932162 0.0499256 0.0186549 0.000663909
threshold=1.0000000180025095e-35 0.94652115384615398 2.5000000000000004 0.96676333333333342 5.5000000000000009 0.44385500000000006 2.5000000000000004 0.99118166666666674 0.94893803763440865 1.0313333333333337
decision_type=2 2 2 2 2 2 2 2 2 2
left_child=1 -1 3 4 5 -2 -5 -3 -7 -9
right_child=2 7 -4 6 -6 8 -8 9 -10 -11
leaf_value=-0.0034119734134245186 -0.00027503299877784443 -3.0456207013521554e-05 0.0036648477398236092 0.0021523164151972026 0.003589612039898746 0.0010964695208213425 0.0036648477398236092 0.0012141901563301621 0.0021523164151972026 0.001713477041944695
leaf_weight=925.05554929375648 501.07797738909721 101.85391040891409 149.12235893309116 107.11840225756168 85.396055862307549 298.56413216888905 46.706891342997551 83.056073486804962 21.643014490604401 41.691011309623718
leaf_count=9046 2425 825 642 439 392 1259 192 595 90 270
internal_value=0 -0.00258481 0.00160523 0.00131244 0.000922569 0.000792067 0.00358961 0.000792067 0.00121419 0.00145855
internal_weight=0 1151.66 1209.63 1060.51 906.681 821.285 153.825 226.601 320.207 124.747
internal_count=16175 10736 5439 4797 4166 3774 631 1690 1349 865
is_linear=0
shrinkage=0.05


Tree=58
num_leaves=8
num_cat=0
split_feature=0 2 1 2 0 2 1
split_gain=6.08267 1.03797 0.693334 0.201509 0.154418 0.138761 0.0520687
threshold=1.5000000000000002 0.0015057142857142858 4.5000000000000009 0.98252214285714301 1.0000000180025095e-35 0.74922376344086039 2.5000000000000004
decision_type=2 2 2 2 2 2 2
left_child=3 -2 6 4 5 -1 -3
right_child=1 2 -4 -5 -6 -7 -8
leaf_value=-0.00346913018026156 -0.0024532645153036831 0.0020409300104995286 0.0056769584102863424 -0.00070899052411719263 -0.0024532645153036831 -0.0024532645153036831 0.0029026306538322208
leaf_weight=775.3749018907547 31.454117938876152 541.40567284822464 191.65931588411331 148.07829518616199 177.97490249574184 225.76026602834463 274.35088258981705
leaf_count=7693 153 2399 864 1041 948 1997 1105
internal_value=0 0.0026529 0.00297494 -0.00245326 -0.00267153 -0.00312209 0.00233393
internal_weight=0 1038.87 1007.42 1327.19 1179.11 1001.14 815.757
internal_count=16200 4521 4368 11679 10638 9690 3504
is_linear=0
shrinkage=0.05


Tree=59
num_leaves=7
num_cat=0
split_feature=0 1 2 2 0 1
split_gain=5.11922 0.897153 0.656482 0.103506 0.0607707 0.031161
threshold=1.0000000180025095e-35 4.5000000000000009 0.94652115384615398 1.0405166666666668 2.5000000000000004 5.5000000000000009
decision_type=2 2 2 2 2 2
left_child=2 4 -1 -4 -2 -3
right_child=1 5 3 -5 -6 -7
leaf_value=-0.0030025511572249045 0.0016523199323515655 0.0038264729700050316 -0.00050585364303839251 0.0016523199323515655 0.0031087574477453163 0.0057028272528945149
leaf_weight=921.52444815635681 947.04260109364986 36.495919898152351 189.10540957003832 37.998304009437561 71.909742936491966 156.13640321791172
leaf_count=9058 4280 150 1450 244 294 720
internal_value=0 0.00224717 -0.00240973 -1.59279e-06 0.00165232 0.00536893
internal_weight=0 1211.58 1148.63 227.104 1018.95 192.632
internal_count=16196 5444 10752 1694 4574 870
is_linear=0
shrinkage=0.05


Tree=60
num_leaves=11
num_cat=0
split_feature=0 1 0 2 1 2 2 1 1 0
split_gain=4.7232 1.71021 0.767872 0.441311 0.21679 0.0628776 0.0350319 0.0174129 0.0108004 0.000447952
threshold=1.0000000180025095e-35 4.5000000000000009 2.5000000000000004 0.98252214285714301 2.5000000000000004 1.0405166666666668 0.95671261755485903 5.5000000000000009 3.5000000000000004 1.5000000000000002
decision_type=2 2 2 2 2 2 2 2 2 2
left_child=3 2 4 6 9 -5 -1 -3 -6 -2
right_child=1 7 -4 5 8 -7 -8 -9 -10 -11
leaf_value=-0.0026352035559906025 0.00066059073415985874 0.00634772519421474 0.00634772519421474 -0.00057956876073511794 0.0020917983534428342 0.00066059073415985874 -0.0013664707719316671 0.0071189456079645544 0.0028596889566095242 0.00071357589297788373
leaf_weight=942.00539140403271 180.02215528488159 37.935376778244972 73.625570267438889 108.75668157637119 129.38724914193153 36.789752304553986 61.337890386581421 156.03085967898369 96.44933557510376 553.33687606453896
leaf_count=9255 959 156 301 790 520 236 496 721 389 2468
internal_value=0 0.00227322 0.00146083 -0.00218617 0.0010795 0.000384449 -0.00255908 0.00656931 0.00243091 0.000660591
internal_weight=0 1226.79 1032.82 1148.89 959.196 145.546 1003.34 193.966 225.837 733.359
internal_count=16291 5514 4637 10777 4336 1026 9751 877 909 3427
is_linear=0
shrinkage=0.05


Tree=61
num_leaves=5
num_cat=0
split_feature=0 1 0 1
split_gain=3.68006 0.783008 0.488533 0.24303
threshold=1.0000000180025095e-35 4.5000000000000009 2.5000000000000004 2.5000000000000004
decision_type=2 2 2 2
left_child=-1 2 3 -2
right_child=1 -3 -4 -5
leaf_value=-0.0021063758521360997 0.00054702301291917701 0.0048017406316342983 0.0048017406316342983 0.0024318732105895425
leaf_weight=1148.4270872697234 739.35577669739723 187.1034023463726 75.551858946681023 221.85201598703861
leaf_count=10792 3456 849 309 893
internal_value=0 0.00183257 0.00129261 0.000984132
internal_weight=0 1223.86 1036.76 961.208
internal_count=16299 5507 4658 4349
is_linear=0
shrinkage=0.05


Tree=62
num_leaves=5
num_cat=0
split_feature=0 1 0 0
split_gain=4.86962 0.889468 0.355745 0.0275465
threshold=1.0000000180025095e-35 5.5000000000000009 3.5000000000000004 1.5000000000000002
decision_type=2 2 2 2
left_child=-1 2 3 -2
right_child=1 -3 -4 -5
leaf_value=-0.0019252173630703734 0.0013834634350426635 0.0061804544466500357 0.0061804544466500357 0.0020826024985530086
leaf_weight=1143.9458408504725 179.04737249016762 152.97051753103733 17.812350049614906 855.24663737416267
leaf_count=10763 953 710 73 3684
internal_value=0 0.00262748 0.00210552 0.00196303
internal_weight=0 1205.08 1052.11 1034.29
internal_count=16183 5420 4710 4637
is_linear=0
shrinkage=0.05


Tree=63
num_leaves=5
num_cat=0
split_feature=0 1 0 1
split_gain=3.32535 1.10419 0.415485 0.0797896
threshold=1.0000000180025095e-35 3.5000000000000004 2.5000000000000004 2.5000000000000004
decision_type=2 2 2 2
left_child=-1 2 3 -2
right_child=1 -3 -4 -5
leaf_value=-0.0016646563275455124 0.00073479175683163647 0.0046363272305240052 0.0046363272305240052 0.0020964294692356724
leaf_weight=1142.4240936785936 733.51719215512276 314.33620902895927 46.74726390838623 125.69976887106895
leaf_count=10764 3425 1368 191 505
internal_value=0 0.00208737 0.00119884 0.000936199
internal_weight=0 1220.3 905.964 859.217
internal_count=16253 5489 4121 3930
is_linear=0
shrinkage=0.05


Tree=64
num_leaves=10
num_cat=0
split_feature=0 2 2 0 1 2 1 0 2
split_gain=4.32009 0.773927 0.484635 0.277395 0.442419 0.0404864 0.0217115 0.0193292 0.0102169
threshold=1.5000000000000002 0.0015057142857142858 0.98252214285714301 2.5000000000000004 2.5000000000000004 0.94652115384615398 4.5000000000000009 4.5000000000000009 0.77616000000000007
decision_type=2 2 2 2 2 2 2 2 2
left_child=2 -2 5 4 -3 8 -6 -5 -1
right_child=1 3 -4 7 6 -7 -8 -9 -10
leaf_value=-0.0021246645587158571 -0.0016447837454902359 0.0017086596806153464 0.0010444631544944767 0.0047038794540487476 0.0036824441982464193 -0.0008784653184175698 0.0046391843596437447 0.0067912539070014728 -0.0016259812605210256
leaf_weight=957.93367852270603 31.496636345982552 531.94559688866138 148.12051844596863 119.18035401403904 217.18436679244041 79.268870703876019 118.01040926575661 18.614098936319351 135.94030464440584
leaf_count=8783 153 2355 1047 514 874 653 536 84 1248
internal_value=0 0.00266551 -0.00164478 0.00294721 0.00261039 -0.00198493 0.00403208 0.00503275 -0.00206423
internal_weight=0 1036.43 1321.26 1004.93 867.14 1173.14 335.195 137.794 1093.87
internal_count=16247 4516 11731 4363 3765 10684 1410 598 10031
is_linear=0
shrinkage=0.05


Tree=65
num_leaves=5
num_cat=0
split_feature=0 1 0 0
split_gain=2.28861 0.328668 0.056541 0.0168702
threshold=1.0000000180025095e-35 5.5000000000000009 2.5000000000000004 1.5000000000000002
decision_type=2 2 2 2
left_child=-1 2 3 -2
right_child=1 -3 -4 -5
leaf_value=-0.0014731024117276882 0.00076871248728667082 0.0037961947836921621 0.0025865621254824826 0.0013181111986776276
leaf_weight=1140.7834468856454 175.49260979890823 154.22933219373226 82.189276725053787 800.95689399540424
leaf_count=10778 934 720 337 3463
internal_value=0 0.00164532 0.00132867 0.00122026
internal_weight=0 1212.87 1058.64 976.45
internal_count=16232 5454 4734 4397
is_linear=0
shrinkage=0.05


Tree=66
num_leaves=9
num_cat=0
split_feature=0 2 0 2 1 0 2 1
split_gain=2.99177 0.922128 0.535021 0.437278 0.270631 0.114411 0.0339867 0.0182776
threshold=1.5000000000000002 0.0015057142857142858 2.5000000000000004 0.95671261755485903 4.5000000000000009 1.0000000180025095e-35 0.76965125000000012 3.5000000000000004
decision_type=2 2 2 2 2 2 2 2
left_child=3 -2 4 5 7 6 -1 -3
right_child=1 2 -4 -5 -6 -7 -8 -9
leaf_value=-0.0026651616219365358 -0.0018229129882239928 0.0011844123300359301 0.0049107933545347905 0.00028041152949049555 0.003843519172280447 -0.0018229129882239928 -0.0018337979973741783 0.0019386950558264147
leaf_weight=773.80864077806473 30.873074591159821 652.34390723705292 145.53889171779156 207.97599215060472 119.18104869127274 180.72026669979095 158.33095179498196 94.340943083167076
leaf_count=7787 150 2833 632 1534 543 962 1454 381
internal_value=0 0.00175865 0.00211398 -0.00182291 0.00163876 -0.00221589 -0.00252606 0.00128218
internal_weight=0 1042.28 1011.4 1320.84 865.866 1112.86 932.14 746.685
internal_count=16276 4539 4389 11737 3757 10203 9241 3214
is_linear=0
shrinkage=0.05


Tree=67
num_leaves=13
num_cat=0
split_feature=0 1 2 2 2 1 1 0 2 2 2 2
split_gain=2.5081 0.646671 0.920367 0.630332 0.334932 0.393622 0.303274 0.179117 0.106635 0.0356109 0.00351107 2.30135e-05
threshold=1.0000000180025095e-35 5.5000000000000009 0.14051285714285719 0.90102500000000008 0.96676333333333342 2.5000000000000004 4.5000000000000009 2.5000000000000004 0.99294166666666672 0.74922376344086039 1.0405166666666668 0.98252214285714301
decision_type=2 2 2 2 2 2 2 2 2 2 2 2
left_child=3 2 7 9 6 -6 -4 -2 11 -1 -10 -5
right_child=1 -3 4 8 5 -7 -8 -9 10 -11 -12 -13
leaf_value=-0.0019449956600409738 -0.00064940286016200704 0.0051501808604059555 0.0017912469833979636 4.2471481086865312e-05 0.0021408876485426334 0.0051501808604059555 0.0051501808604059555 0.0017912469833979636 0.0017160426162823419 -0.00089377392178087661 0.0021408876485426334 9.4703687492024129e-05
leaf_weight=764.70813512802124 357.04659898579121 151.8274607360363 489.78822182118893 134.12617145478725 115.21532011032104 57.403859034180641 22.478497937321663 18.621713817119598 82.531809270381927 92.843072406947613 37.138952985405922 25.346351340413094
leaf_count=7712 1791 711 2077 1161 471 233 93 77 592 871 239 195
internal_value=0 0.00210683 0.00166671 -0.00116111 0.0027563 0.00465923 0.00210724 -0.000321794 0.000900208 -0.00183236 0.00202164 5.13116e-05
internal_weight=0 1212.38 1060.55 1136.69 684.886 172.619 512.267 375.668 279.143 857.551 119.671 159.473
internal_count=16223 5453 4742 10770 2874 704 2170 1868 2187 8583 831 1356
is_linear=0
shrinkage=0.05


Tree=68
num_leaves=6
num_cat=0
split_feature=0 0 1 0 0
split_gain=1.19503 0.959001 0.168485 0.065581 0.000985843
threshold=5.5000000000000009 1.0000000180025095e-35 5.5000000000000009 2.5000000000000004 2.5000000000000004
decision_type=2 2 2 2 2
left_child=1 -1 3 -3 -4
right_child=-2 2 4 -5 -6
leaf_value=-0.0017547260536144964 0.014571915228979319 -6.1151106479643365e-05 0.0017109815244822973 0.0013955466592683323 0.0021331510235352365
leaf_weight=1131.8061376661062 11.865081220865248 981.36219644546509 91.35103777050972 82.861721411347389 51.464111551642418
leaf_count=10733 55 4426 428 340 242
internal_value=0 -0.000709824 0.000270592 5.34727e-05 0.00187689
internal_weight=0 2338.85 1207.04 1064.22 142.815
internal_count=16224 16169 5436 4766 670
is_linear=0
shrinkage=0.05


Tree=69
num_leaves=5
num_cat=0
split_feature=0 0 1 1
split_gain=2.73075 0.131385 0.0786767 0.0209552
threshold=1.0000000180025095e-35 1.5000000000000002 5.5000000000000009 1.5000000000000002
decision_type=2 2 2 2
left_child=-1 -2 3 -3
right_child=1 2 -4 -5
leaf_value=-0.0020646053014596664 8.8929633412411404e-05 0.0010559770539664138 0.00261822320634191 0.0015684220613301242
leaf_weight=1136.6681133136153 177.38091398775578 328.68064726889133 150.95224162936211 553.32589289546013
leaf_count=10795 945 1486 709 2307
internal_value=0 0.00134666 0.00156234 0.00137887
internal_weight=0 1210.34 1032.96 882.007
internal_count=16242 5447 4502 3793
is_linear=0
shrinkage=0.05


Tree=70
num_leaves=6
num_cat=0
split_feature=0 2 1 2 2
split_gain=3.87087 0.685929 0.264991 0.094355 0.00114278
threshold=1.5000000000000002 0.0015057142857142858 4.5000000000000009 0.95671261755485903 1.0405166666666668
decision_type=2 2 2 2 2
left_child=3 -2 -3 -1 -5
right_child=1 2 -4 4 -6
leaf_value=-0.0027855834809161809 -0.0026009132141472436 0.0013602936352498677 0.0034487941912780314 -0.0026009132141472436 -0.00025788220905241017
leaf_weight=1103.3958752825856 28.54059199988842 815.78469310700893 186.63597628474236 169.03020706027746 38.092666208744049
leaf_count=10191 139 3497 858 1286 245
internal_value=0 0.00149264 0.00175219 -0.00260091 -0.00160847
internal_weight=0 1030.96 1002.42 1310.52 207.123
internal_count=16216 4494 4355 11722 1531
is_linear=0
shrinkage=0.05


Tree=71
num_leaves=7
num_cat=0
split_feature=0 2 1 0 2 2
split_gain=1.31532 0.805085 0.175923 0.0921874 0.0298871 0.00395287
threshold=1.0000000180025095e-35 0.98252214285714301 3.5000000000000004 2.5000000000000004 0.77616000000000007 0.94001043956043973
decision_type=2 2 2 2 2 2
left_child=1 4 3 -2 -1 -6
right_child=2 -3 -4 -5 5 -7
leaf_value=-0.0020106485878533743 0.0010549112084305083 0.0010549112084305083 0.0022436592044996883 0.0022436592044996883 -0.0015162135686521403 -0.001044388211005366
leaf_weight=768.2181811183691 850.34743896126747 144.33263039588928 311.0181632488966 44.504879102110863 126.24542876332998 87.744603984057903
leaf_count=7798 3883 1024 1364 182 1175 737
internal_value=0 -0.00132017 0.00105491 0.00105491 -0.00186353 -0.0013285
internal_weight=0 1126.54 1205.87 894.852 982.208 213.99
internal_count=16163 10734 5429 4065 9710 1912
is_linear=0
shrinkage=0.05


Tree=72
num_leaves=8
num_cat=0
split_feature=0 2 0 2 1 0 2
split_gain=1.52247 0.161526 0.111934 0.249495 0.0503127 0.032242 0.0233553
threshold=1.0000000180025095e-35 0.94270555555555569 1.5000000000000002 0.0015057142857142858 4.5000000000000009 2.5000000000000004 0.77616000000000007
decision_type=2 2 2 2 2 2 2
left_child=1 6 -2 -4 5 -5 -1
right_child=2 -3 3 4 -6 -7 -8
leaf_value=-0.0016367272311761175 0.00016703006162596006 -3.7137934419016142e-05 0.00016703006162596006 0.0014811402732348457 0.0025055353414287491 0.0025055353414287491 -0.00089425648537207246
leaf_weight=770.45390128344297 177.98876044154167 226.08612500876188 29.33137720823288 741.0212022960186 185.07271540164948 70.801413670182228 127.52770943939686
leaf_count=7833 949 1706 144 3188 852 290 1188
internal_value=0 -0.00123195 0.00132562 0.0015262 0.0017566 0.00158299 -0.0015324
internal_weight=0 1124.07 1204.22 1026.23 996.895 811.823 897.982
internal_count=16150 10727 5423 4474 4330 3478 9021
is_linear=0
shrinkage=0.05


Tree=73
num_leaves=5
num_cat=0
split_feature=1 0 0 1
split_gain=0.709026 0.414426 0.0339925 0.00119325
threshold=5.5000000000000009 1.0000000180025095e-35 2.5000000000000004 2.5000000000000004
decision_type=2 2 2 2
left_child=1 -1 -2 -3
right_child=2 3 -4 -5
leaf_value=-0.00067334401568861662 0.002859677858290196 0.00066764012503585553 0.0044904207983332859 0.00079323796462188738
leaf_weight=1124.4344717785716 93.249680131673813 742.5986203700304 58.762998104095459 312.72260242700577
leaf_count=10734 439 3452 278 1266
internal_value=0 -5.72811e-06 0.0035153 0.000705574
internal_weight=0 2179.76 152.013 1055.32
internal_count=16169 15452 717 4718
is_linear=0
shrinkage=0.05


Tree=74
num_leaves=5
num_cat=0
split_feature=0 1 1 1
split_gain=0.995755 0.227126 0.0377509 0.000143522
threshold=1.5000000000000002 5.5000000000000009 2.5000000000000004 3.5000000000000004
decision_type=2 2 2 2
left_child=-1 2 -2 -4
right_child=1 -3 3 -5
leaf_value=-0.0014990902305831099 2.5611384056901169e-05 0.0023578321021404027 0.00065246045164549173 0.00075589890556002537
leaf_weight=1299.2731871977448 568.08706547319889 151.79663217067719 161.50549598038197 156.23145139217377
leaf_count=11657 2523 717 649 637
internal_value=0 0.000577423 0.000270014 0.000705533
internal_weight=0 1037.62 885.824 317.737
internal_count=16183 4526 3809 1286
is_linear=0
shrinkage=0.05


Tree=75
num_leaves=7
num_cat=0
split_feature=0 0 1 1 0 1
split_gain=0.8192 0.230222 0.511533 0.0432908 0.0247268 0.000724835
threshold=1.5000000000000002 2.5000000000000004 2.5000000000000004 4.5000000000000009 1.0000000180025095e-35 3.5000000000000004
decision_type=2 2 2 2 2 2
left_child=4 2 -2 5 -1 -4
right_child=1 -3 3 -5 -6 -7
leaf_value=-0.00092437204468541305 -0.00019095447378692917 0.0028841869347168759 0.0017009851006486644 0.0028841869347168759 -0.00028673260349565589 0.0020138073000439296
leaf_weight=1128.9833549708128 553.18692168593407 145.33725756406784 125.26761615276337 117.47582526504993 176.9874274879694 90.285946607589722
leaf_count=10799 2461 635 503 540 944 365
internal_value=0 0.00104601 0.000741643 0.00228669 -0.000838244 0.00184071
internal_weight=0 1031.55 886.216 333.029 1305.97 215.554
internal_count=16247 4504 3869 1408 11743 868
is_linear=0
shrinkage=0.05


Tree=76
num_leaves=5
num_cat=0
split_feature=1 0 0 1
split_gain=1.08594 0.795051 0.117977 0.0498055
threshold=3.5000000000000004 2.5000000000000004 1.0000000180025095e-35 5.5000000000000009
decision_type=2 2 2 2
left_child=1 2 -1 -2
right_child=3 -3 -4 -5
leaf_value=-0.0012885007379002302 0.0024292893369581309 0.0024292893369581309 -0.00050819336367146869 0.003361200367257091
leaf_weight=1118.4915150478482 157.17473886907101 46.192241683602333 857.48499152064323 149.168556407094
leaf_count=10704 641 189 3914 706
internal_value=0 -0.000760628 -0.000950311 0.00242929
internal_weight=0 2022.17 1975.98 306.343
internal_count=16154 14807 14618 1347
is_linear=0
shrinkage=0.05


Tree=77
num_leaves=8
num_cat=0
split_feature=0 0 1 0 1 1 0
split_gain=1.00073 0.772225 0.206296 0.141192 0.252644 0.0607479 0.0398747
threshold=5.5000000000000009 1.5000000000000002 5.5000000000000009 2.5000000000000004 2.5000000000000004 4.5000000000000009 1.0000000180025095e-35
decision_type=2 2 2 2 2 2 2
left_child=1 6 3 4 -3 -6 -1
right_child=-2 2 -4 -5 5 -7 -8
leaf_value=-0.00057226208644555116 0.014287232158990491 0.00028444907618958685 0.0031560175865531326 0.0030186111379051448 0.0018157878184226492 0.0030186111379051448 0.00023366794266784492
leaf_weight=1125.6920370608568 11.94122292101383 551.32667350769043 139.33695228397846 84.713578328490257 220.70438072085381 24.144590586423874 177.12156264483929
leaf_count=10782 56 2451 660 348 889 100 945
internal_value=0 0.000344029 0.00137352 0.00108831 0.000879401 0.00221245 -0.000462598
internal_weight=0 2323.04 1020.23 880.889 796.176 244.849 1302.81
internal_count=16231 16175 4448 3788 3440 989 11727
is_linear=0
shrinkage=0.05


Tree=78
num_leaves=3
num_cat=0
split_feature=0 1
split_gain=0.315434 0.254718
threshold=5.5000000000000009 1.5000000000000002
decision_type=2 2
left_child=1 -1
right_child=-2 -3
leaf_value=-0.00010138470043716086 0.0079658691181314547 0.001042431537883131
leaf_weight=1621.7472674176097 12.295016497373579 694.35873585939407
leaf_count=13155 58 2977
internal_value=0 0.000241828
internal_weight=0 2316.11
internal_count=16190 16132
is_linear=0
shrinkage=0.05


Tree=79
num_leaves=3
num_cat=0
split_feature=0 0
split_gain=0.491444 0.0860714
threshold=1.0000000180025095e-35 2.5000000000000004
decision_type=2 2
left_child=-1 -2
right_child=1 -3
leaf_value=-0.0008933324547718655 0.00040559346937923913 0.0017098485755078963
leaf_weight=1117.9742040038109 1063.0067871063948 142.80111415684223
leaf_count=10713 4808 625
internal_value=0 0.000561342
internal_weight=0 1205.81
internal_count=16146 5433
is_linear=0
shrinkage=0.05


Tree=80
num_leaves=5
num_cat=0
split_feature=0 1 0 1
split_gain=0.485916 0.0799723 0.0655947 0.178886
threshold=1.0000000180025095e-35 5.5000000000000009 2.5000000000000004 2.5000000000000004
decision_type=2 2 2 2
left_child=-1 2 3 -2
right_child=1 -3 -4 -5
leaf_value=-0.00026797820321877453 0.00051282359024566932 0.0022513034708450913 0.0022513034708450913 0.0020674608906520674
leaf_weight=1112.8576696366072 732.91889314353466 151.54187771677971 82.789317771792412 247.02284169197083
leaf_count=10674 3415 720 340 998
internal_value=0 0.00117792 0.00102289 0.000906423
internal_weight=0 1214.27 1062.73 979.942
internal_count=16147 5473 4753 4413
is_linear=0
shrinkage=0.05


Tree=81
num_leaves=5
num_cat=0
split_feature=0 0 1 1
split_gain=0.90215 0.221374 0.311794 0.0363634
threshold=1.0000000180025095e-35 2.5000000000000004 3.5000000000000004 5.5000000000000009
decision_type=2 2 2 2
left_child=-1 2 -2 -4
right_child=1 -3 3 -5
leaf_value=-0.00068609194062246447 0.00060007515865639427 0.0031010186676555416 0.0020694063724618602 0.0031010186676555416
leaf_weight=1122.0391374528408 853.1715981811285 146.04702951014042 119.95800189673901 92.581994369626045
leaf_count=10763 3895 640 488 439
internal_value=0 0.00128068 0.00102854 0.00273761
internal_weight=0 1211.76 1065.71 212.54
internal_count=16225 5462 4822 927
is_linear=0
shrinkage=0.05


Tree=82
num_leaves=5
num_cat=0
split_feature=1 0 0 1
split_gain=1.2091 0.7694 0.0212963 0.000922055
threshold=2.5000000000000004 2.5000000000000004 1.0000000180025095e-35 4.5000000000000009
decision_type=2 2 2 2
left_child=1 2 -1 -2
right_child=3 -3 -4 -5
leaf_value=-0.00094369932636307208 0.002236449937351487 0.002236449937351487 -0.0005948273491126596 0.0024369417824254514
leaf_weight=1120.1189368441701 281.21449387073517 15.956696182489393 730.77924904227257 180.77597689628601
leaf_count=10749 1136 67 3409 840
internal_value=0 -0.000617859 -0.000806352 0.00223645
internal_weight=0 1866.85 1850.9 461.99
internal_count=16201 14225 14158 1976
is_linear=0
shrinkage=0.05


Tree=83
num_leaves=4
num_cat=0
split_feature=0 1 1
split_gain=0.276944 0.344995 0.0724895
threshold=2.5000000000000004 5.5000000000000009 2.5000000000000004
decision_type=2 2 2
left_child=2 -2 -1
right_child=1 -3 -4
leaf_value=-0.00058798798808800702 -0.00016469527495400354 0.0047700158833609025 -0.00016469527495400354
leaf_weight=1852.9262349009514 88.297865301370621 58.070058077573776 336.22496186196804
leaf_count=14165 363 278 1423
internal_value=0 0.00181219 -0.000427208
internal_weight=0 146.368 2189.15
internal_count=16229 641 15588
is_linear=0
shrinkage=0.05


Tree=84
num_leaves=4
num_cat=0
split_feature=1 2 0
split_gain=0.441936 0.866137 0.569869
threshold=2.5000000000000004 0.95423333333333349 2.5000000000000004
decision_type=2 2 2
left_child=1 2 -1
right_child=-2 -3 -4
leaf_value=-0.00075590462239017841 0.0016991095489220578 0.0016991095489220578 0.0016991095489220578
leaf_weight=1514.38243778795 462.59410765767097 331.35411890596151 13.035439118742941
leaf_count=12084 1982 2064 55
internal_value=0 -2.64481e-05 -0.000546259
internal_weight=0 1858.77 1527.42
internal_count=16185 14203 12139
is_linear=0
shrinkage=0.05


Tree=85
num_leaves=7
num_cat=0
split_feature=1 0 2 0 1 2
split_gain=0.714503 0.575106 0.166809 0.260088 0.0391616 0.196744
threshold=2.5000000000000004 2.5000000000000004 0.94652115384615398 1.0000000180025095e-35 4.5000000000000009 0.96452550000000004
decision_type=2 2 2 2 2 2
left_child=1 2 3 -1 5 -2
right_child=4 -3 -4 -5 -6 -7
leaf_value=-0.0018245372546122317 0.0013156910394497125 0.0013156910394497125 -8.006725367467849e-05 -0.00047569685825398417 0.0020503371843403652 0.0020503371843403652
leaf_weight=902.01121891289949 226.11039227247238 15.525952309370039 351.89170920848846 592.98769855499268 183.6099825501442 51.525643393397331
leaf_count=9133 913 65 2217 2838 855 209
internal_value=0 -0.000880539 -0.0010598 -0.0012902 0.00131569 0.00131569
internal_weight=0 1862.42 1846.89 1495 461.246 277.636
internal_count=16230 14253 14188 11971 1977 1122
is_linear=0
shrinkage=0.05


Tree=86
num_leaves=8
num_cat=0
split_feature=0 2 2 1 2 2 2
split_gain=1.06289 0.565303 0.545492 0.130791 0.0815133 0.0108585 5.8271e-06
threshold=1.5000000000000002 0.0015057142857142858 0.77616000000000007 4.5000000000000009 0.98252214285714301 0.94652115384615398 0.94001043956043973
decision_type=2 2 2 2 2 2 2
left_child=2 -2 -1 -3 5 6 -4
right_child=1 3 4 -5 -6 -7 -8
leaf_value=-0.0015195035585593346 -0.0008867702324876055 0.0013284171210176427 -0.00016815582184122801 0.002807879562113166 0.0013284171210176427 0.00056999927783369536 -0.00010062258951319084
leaf_weight=936.98165617883205 29.606888994574547 809.59865611791611 123.20755219459534 183.90689072012901 144.19312554597855 80.02188054472208 8.7953880131244642
leaf_count=8763 144 3471 1154 858 1025 667 82
internal_value=0 0.00126911 -0.00088677 0.00160483 0.000777141 0.000114121 -0.000164446
internal_weight=0 1023.11 1293.2 993.506 356.218 212.025 132.003
internal_count=16164 4473 11691 4329 2928 1903 1236
is_linear=0
shrinkage=0.05


Tree=87
num_leaves=5
num_cat=0
split_feature=0 2 2 1
split_gain=1.99035 0.965778 0.120215 0.0208717
threshold=1.0000000180025095e-35 0.77616000000000007 0.99294166666666672 4.5000000000000009
decision_type=2 2 2 2
left_child=1 -1 -3 -2
right_child=3 2 -4 -5
leaf_value=-0.0019744107935492578 0.0019618831709923767 0.00048366951727994982 0.0019618831709923767 0.0025116378766772908
leaf_weight=757.119942471385 1026.8007849156857 236.19830746203661 117.95945358276367 184.38225585222244
leaf_count=7783 4602 2095 823 860
internal_value=0 -0.000967112 0.00118579 0.00196188
internal_weight=0 1111.28 354.158 1211.18
internal_count=16163 10701 2918 5462
is_linear=0
shrinkage=0.05


Tree=88
num_leaves=5
num_cat=0
split_feature=0 0 1 0
split_gain=0.438019 0.0457295 0.0809053 0.0182391
threshold=1.5000000000000002 2.5000000000000004 4.5000000000000009 1.0000000180025095e-35
decision_type=2 2 2 2
left_child=3 2 -2 -1
right_child=1 -3 -4 -5
leaf_value=-0.0011856076412070714 -5.2169820778373837e-05 0.0011002649044810104 0.0011002649044810104 -0.00063366139691368865
leaf_weight=1116.6806323006749 769.84762854874134 142.44465084373951 114.28350566327572 177.2343582957983
leaf_count=10766 3328 626 530 946
internal_value=0 0.000272106 0.000137587 -0.00111055
internal_weight=0 1026.58 884.131 1293.91
internal_count=16196 4484 3858 11712
is_linear=0
shrinkage=0.05


Tree=89
num_leaves=4
num_cat=0
split_feature=0 1 0
split_gain=0.463575 0.0788664 0.00222696
threshold=1.0000000180025095e-35 1.5000000000000002 2.5000000000000004
decision_type=2 2 2
left_child=-1 -2 -3
right_child=1 2 -4
leaf_value=-0.0007941305664769336 0.00014321320038569683 0.00091416990263111899 0.0011535878361963649
leaf_weight=1116.8429160639644 503.89709888398647 556.28966543078423 141.24972976744175
leaf_count=10767 2419 2381 622
internal_value=0 0.000620293 0.000964233
internal_weight=0 1201.44 697.539
internal_count=16189 5422 3003
is_linear=0
shrinkage=0.05


Tree=90
num_leaves=4
num_cat=0
split_feature=0 1 0
split_gain=0.284531 0.017699 0.00094008
threshold=1.5000000000000002 2.5000000000000004 1.0000000180025095e-35
decision_type=2 2 2
left_child=2 -2 -1
right_child=1 -3 -4
leaf_value=-0.00048537966855864234 0.00045647803326740095 0.00087421832200602369 -0.00035563746514316954
leaf_weight=1117.8492355495691 569.76322476565838 462.99151845276356 175.72989454865456
leaf_count=10780 2525 1988 938
internal_value=0 0.000644419 -0.000468043
internal_weight=0 1032.75 1293.58
internal_count=16231 4513 11718
is_linear=0
shrinkage=0.05


end of trees

feature_importances:
utilisation=390
delinquent_months=264
delay_months=198

parameters:
[boosting: gbdt]
[objective: binary]
[metric: binary_logloss]
[tree_learner: serial]
[device_type: cpu]
[data_sample_strategy: bagging]
[data: ]
[valid: ]
[num_iterations: 600]
[learning_rate: 0.05]
[num_leaves: 15]
[num_threads: 1]
[seed: 20260924]
[deterministic: 1]
[force_col_wise: 0]
[force_row_wise: 0]
[histogram_pool_size: -1]
[max_depth: -1]
[min_data_in_leaf: 80]
[min_sum_hessian_in_leaf: 0.001]
[bagging_fraction: 0.9]
[pos_bagging_fraction: 1]
[neg_bagging_fraction: 1]
[bagging_freq: 1]
[bagging_seed: 30830]
[feature_fraction: 0.9]
[feature_fraction_bynode: 1]
[feature_fraction_seed: 26541]
[extra_trees: 0]
[extra_seed: 23432]
[early_stopping_round: 0]
[first_metric_only: 0]
[max_delta_step: 0]
[lambda_l1: 0]
[lambda_l2: 1]
[linear_lambda: 0]
[min_gain_to_split: 0]
[drop_rate: 0.1]
[max_drop: 50]
[skip_drop: 0.5]
[xgboost_dart_mode: 0]
[uniform_drop: 0]
[drop_seed: 28709]
[top_rate: 0.2]
[other_rate: 0.1]
[min_data_per_group: 100]
[max_cat_threshold: 32]
[cat_l2: 10]
[cat_smooth: 10]
[max_cat_to_onehot: 4]
[top_k: 20]
[monotone_constraints: 1,1,1]
[monotone_constraints_method: advanced]
[monotone_penalty: 0]
[feature_contri: ]
[forcedsplits_filename: ]
[refit_decay_rate: 0.9]
[cegb_tradeoff: 1]
[cegb_penalty_split: 0]
[cegb_penalty_feature_lazy: ]
[cegb_penalty_feature_coupled: ]
[path_smooth: 0]
[interaction_constraints: ]
[verbosity: -1]
[saved_feature_importance_type: 0]
[use_quantized_grad: 0]
[num_grad_quant_bins: 4]
[quant_train_renew_leaf: 0]
[stochastic_rounding: 1]
[linear_tree: 0]
[max_bin: 255]
[max_bin_by_feature: ]
[min_data_in_bin: 3]
[bin_construct_sample_cnt: 200000]
[data_random_seed: 5099]
[is_enable_sparse: 1]
[enable_bundle: 1]
[use_missing: 1]
[zero_as_missing: 0]
[feature_pre_filter: 1]
[pre_partition: 0]
[two_round: 0]
[header: 0]
[label_column: ]
[weight_column: ]
[group_column: ]
[ignore_column: ]
[categorical_feature: ]
[forcedbins_filename: ]
[precise_float_parser: 0]
[parser_config_file: ]
[objective_seed: 14780]
[num_class: 1]
[is_unbalance: 0]
[scale_pos_weight: 1]
[sigmoid: 1]
[boost_from_average: 1]
[reg_sqrt: 0]
[alpha: 0.9]
[fair_c: 1]
[poisson_max_delta_step: 0.7]
[tweedie_variance_power: 1.5]
[lambdarank_truncation_level: 30]
[lambdarank_norm: 1]
[label_gain: ]
[lambdarank_position_bias_regularization: 0]
[eval_at: ]
[multi_error_top_k: 1]
[auc_mu_weights: ]
[num_machines: 1]
[local_listen_port: 12400]
[time_out: 120]
[machine_list_filename: ]
[machines: ]
[gpu_platform_id: -1]
[gpu_device_id: -1]
[gpu_use_dp: 0]
[num_gpu: 1]

end of parameters

pandas_categorical:[]
