tree
version=v4
num_class=1
num_tree_per_iteration=1
label_index=0
max_feature_idx=18
objective=binary sigmoid:1
feature_names=bureau_score bureau_hit delinquency_count_24m max_dpd_24m inquiries_6m active_loans bureau_utilisation bureau_behavior_score dsr loan_to_income term_months log_income employment_months income_cv negative_balance_days nsf_count gambling_share savings_rate avg_balance_to_income
monotone_constraints=-1 0 1 1 1 1 1 1 1 1 1 -1 -1 1 1 1 1 -1 -1
feature_infos=[604:1900] [0:1] [0:5] [0:89] [0:8] [0:5] [0:0.97999999999999998] [0.10256999999999999:0.58333000000000002] [0.042500000000000003:1.0669] [0.083299999999999999:0.58330000000000004] [12:60] [9.7409999999999997:12.7555] [3:288] [0.0080000000000000002:0.29999999999999999] [0:200] [0:5] [0:0.14999999999999999] [-0.10000000000000001:0.45000000000000001] [0.0001:3.5]
tree_sizes=1691 1712 1722 1716 1733 1729 1735 1731 1730 1729 1730 1732 1722 1732 1723 1732 1738 1740 1741 1741 1743 1754 1736 1746 1749 1740 1738 1744 1748 1730 1746 1733 1734 1726 1741 1739 1748 1748 1745 1748 1739 1765 1758 1742 1750 1746 1760 1757 1756 1751 1759 1743 1755 1756 1749 1752 1776 1751 1747 1746 1755 1756 1770 1729 1740 1774 1759 1751 1744 1749 1772 1753 1741 1738 1764 1745 1756 1772 1753 1757 1756 1765 1756 1752 1754 1763 1764 1764 1734 1771 1749 1758 1765 1750 1748 1750 1741 1755 1761 1757 1772 1738 1751 1749 1759 1760 1766 1729 1743 1744 1767 1769 1759 1759 1740 1777 1754 1761 1751 1737 1768 1729 1761 1764 1760 1765 1759 1759 1316 1753 1430 1756 1763 1773 1646 1744 1442 1539 1313 1756 1420 1214 1755 1766 1755 1090 1092 1783 1535 995 1741

Tree=0
num_leaves=15
num_cat=0
split_feature=6 2 9 3 6 0 9 9 9 6 13 11 9 17
split_gain=8521.4 1915.26 643.777 304.549 211.189 173.586 151.433 146.94 94.6144 87.6877 40.9173 38.925 35.5199 34.8378
threshold=0.44985000000000003 1.5000000000000002 0.39875000000000005 60.500000000000007 0.78985000000000005 1337.5000000000002 0.27235000000000004 0.31755000000000005 0.23815000000000003 0.86725000000000008 0.12175000000000001 10.587150000000001 0.44215000000000004 0.071250000000000022
decision_type=2 2 2 2 2 10 2 2 2 2 2 2 2 2
left_child=5 2 8 6 11 -1 -3 -5 -2 -10 -7 13 -8 -4
right_child=1 3 4 7 -6 10 12 -9 9 -11 -12 -13 -14 -15
leaf_value=-1.6695147460469455 -1.6336101354831822 -1.5840672767427237 -1.5618447866911576 -1.5087532651213003 -1.540568087484917 -1.6942036857408607 -1.534653230968694 -1.4380782182781013 -1.6178342582663283 -1.5840672767427237 -1.6752986598431197 -1.59833920754777 -1.4885221908155519 -1.59833920754777
leaf_weight=1029.0336135327816 808.97164508700371 126.83374536037445 203.66572572290897 150.5473195463419 320.47201685607433 3548.6347473263741 111.2505394667387 166.94356226921082 667.09671838581562 161.25230446457863 317.49088181555271 343.91457876563072 89.027532801032066 77.10299263894558
leaf_count=7594 5970 936 1503 1111 2365 26188 821 1232 4923 1190 2343 2538 657 569
internal_value=-1.64615 -1.58315 -1.60243 -1.50611 -1.56959 -1.6878 -1.54057 -1.47105 -1.62142 -1.60955 -1.69266 -1.58678 -1.51347 -1.57284
internal_weight=0 3227.08 2582.48 644.603 945.155 4895.16 327.112 317.491 1637.32 828.349 3866.13 624.683 200.278 280.769
internal_count=59940 23815 19058 4757 6975 36125 2414 2343 12083 6113 28531 4610 1478 2072
is_linear=0
shrinkage=1


Tree=1
num_leaves=15
num_cat=0
split_feature=6 2 8 8 8 0 3 8 8 0 13 8 6 3
split_gain=7549.03 1476.51 764.484 281.923 189.772 175.087 172.894 129.194 50.1485 41.1656 40.2251 33.3782 30.8604 30.6968
threshold=0.44985000000000003 1.5000000000000002 0.50365000000000015 0.55815000000000015 0.7672500000000001 1337.5000000000002 60.500000000000007 0.41705000000000009 0.61685000000000012 1157.5000000000002 0.12175000000000001 0.41525000000000006 0.84995000000000009 62.500000000000007
decision_type=2 2 2 2 2 10 2 2 2 10 2 2 2 2
left_child=5 2 7 6 8 -1 11 9 -4 -2 -7 -3 -8 -5
right_child=1 3 4 13 -6 10 12 -9 -10 -11 -12 -13 -14 -15
leaf_value=-0.022137915399235052 0.024676328636223516 0.049575929040939826 0.066281886459120157 0.15746308997214806 0.15746308997214806 -0.047186106204457033 0.11206590696637837 0.042575517793269374 0.098834571119752315 0.006929732142507217 -0.028306119750891257 0.087336290927563495 0.14984774311274218 0.19822908994790034
leaf_weight=1010.5457103252411 596.9290159791708 108.72616547346115 459.47339873015881 106.44101803004742 79.119587421417236 3441.097295999527 140.9015629440546 624.53758884966373 168.00634709000587 723.02750073373318 313.24548688530922 141.89486730098724 121.89715786278248 87.881310522556305
leaf_count=7577 4333 766 3236 714 553 26242 934 4454 1180 5255 2358 975 807 569
internal_value=0 0.0572177 0.0400609 0.121338 0.0845685 -0.0406446 0.101547 0.0238523 0.0751412 0.0149679 -0.0456188 0.0751412 0.130092 0.172838
internal_weight=0 3358.84 2651.09 707.742 706.599 4764.89 513.42 1944.49 627.48 1319.96 3754.34 250.621 262.799 194.322
internal_count=59953 23776 19011 4765 4969 36177 3482 14042 4416 9588 28600 1741 1741 1283
is_linear=0
shrinkage=0.05


Tree=2
num_leaves=15
num_cat=0
split_feature=6 2 8 8 8 0 6 7 8 8 13 8 11 8
split_gain=6764.85 1150.83 625.797 191.395 182.838 176.426 75.3651 50.178 45.8803 44.8701 41.0616 40.2695 27.8716 26.729
threshold=0.44985000000000003 1.5000000000000002 0.46235000000000004 0.63245000000000007 0.57125000000000015 1324.5000000000002 0.87485000000000013 0.14125000000000001 0.78955000000000009 0.42015000000000008 0.12175000000000001 0.41705000000000009 10.582550000000001 0.59125000000000016
decision_type=2 2 2 2 2 10 2 8 2 2 2 2 2 2
left_child=5 2 7 6 11 13 12 9 -5 -2 -7 -3 -4 -1
right_child=1 4 3 8 -6 10 -8 -9 -10 -11 -12 -13 -14 -15
leaf_value=-0.022219386228984412 0.0078928443588563435 0.075359224134944724 0.059579086018946931 0.091421636733025335 0.1496467609107425 -0.046295158782661959 0.082907743405815804 0.031393688667501835 0.14095583818015314 0.031393688667501835 -0.027245674785371293 0.10366127744839893 0.037577119561763767 0.024574875338339318
leaf_weight=949.47111666202545 925.34860810637474 225.49254061281681 266.24615792930126 153.37308582663536 191.50266414880753 3327.9921922087669 202.80860905349255 531.10818396508694 76.320827648043633 226.99606324732304 314.72905458509922 341.6661628484726 333.60211654007435 30.738273561000824
leaf_count=7228 6656 1467 1808 1008 1138 26226 1361 3789 483 1580 2415 2135 2288 234
internal_value=0 0.0527346 0.0375 0.0681326 0.107149 -0.0395891 0.056483 0.0186858 0.107149 0.0128067 -0.0446572 0.0925613 0.0474257 -0.0207284
internal_weight=0 3474.47 2715.8 1032.35 758.661 4622.93 802.657 1683.45 229.694 1152.34 3642.72 567.159 599.848 980.209
internal_count=59816 23713 18973 6948 4740 36103 5457 12025 1491 8236 28641 3602 4096 7462
is_linear=0
shrinkage=0.05


Tree=3
num_leaves=15
num_cat=0
split_feature=6 8 7 7 0 8 8 8 8 3 17 8 3 11
split_gain=6119.87 932.966 382.447 321.376 156.618 138.077 45.8016 38.5049 35.4366 42.2311 33.9435 24.9248 24.7617 28.7376
threshold=0.44985000000000003 0.46235000000000004 0.47000000000000003 0.29426000000000002 1337.5000000000002 0.69995000000000007 0.61685000000000012 0.37875000000000009 0.55815000000000015 60.500000000000007 0.047150000000000004 0.51265000000000016 60.500000000000007 10.759350000000001
decision_type=2 2 8 8 10 2 2 2 2 2 2 2 2 2
left_child=4 3 5 7 11 -3 9 -2 -6 -4 -7 -1 13 -5
right_child=1 2 6 12 8 10 -8 -9 -10 -11 -12 -13 -14 -15
leaf_value=-0.023233400267424303 0.010212663981911386 0.062309331713110754 0.084561178302692983 0.059337192115177184 -0.045209589434430084 0.12313565413252661 0.1452273381432827 0.025832740503629565 -0.023066307991479931 0.12396776766135831 0.06687889567920903 0.012296869521107612 0.062309331713110754 0.025832740503629565
leaf_weight=927.29688236117363 992.74240516126156 965.90977936983109 134.23296611011028 130.04512290656567 3329.3427241593599 117.10106851160526 121.31058013439178 656.37044739723206 194.46119478344917 168.99668751657009 40.231419801712036 51.534577220678329 173.95990011096001 92.086468979716301
leaf_count=7169 7085 6269 808 849 27020 696 666 4556 1578 946 244 391 1024 601
internal_value=0 0.0484102 0.0776889 0.0262253 -0.0390781 0.0623093 0.118138 0.0164416 -0.0439945 0.106859 0.109264 -0.0213521 0.0623093 0.0441166
internal_weight=0 3592.99 1547.78 2045.2 4502.64 1123.24 424.54 1649.11 3523.8 303.23 157.332 978.831 396.091 222.132
internal_count=59902 23744 9629 14115 36158 7209 2420 11641 28598 1754 940 7560 2474 1450
is_linear=0
shrinkage=0.05


Tree=4
num_leaves=15
num_cat=0
split_feature=6 2 8 0 8 8 17 13 7 8 8 8 9 8
split_gain=5403.59 762.075 433.74 161.825 139.932 104.659 46.5991 41.9704 38.4216 32.0024 28.9612 25.9837 24.8898 24.215
threshold=0.44985000000000003 1.5000000000000002 0.45355000000000006 1337.5000000000002 0.61685000000000012 0.55815000000000015 0.051350000000000007 0.12175000000000001 0.14125000000000001 0.73090000000000011 0.42015000000000008 0.35715000000000002 0.31355000000000005 0.48775000000000007
decision_type=2 2 2 10 2 2 2 2 8 2 2 2 2 2
left_child=3 2 8 12 -4 11 9 13 10 -6 -2 -3 -1 -5
right_child=1 5 4 7 6 -7 -8 -9 -10 -11 -12 -13 -14 -15
leaf_value=-0.024841670825836548 0.0060981691654412307 0.051522563069216237 0.044469097030205157 -0.046369828381407241 0.07746796523491789 0.11278612417216038 0.044469097030205157 -0.024841670825836548 0.026062302506757118 0.11278612417216038 0.026062302506757118 0.078970755419578584 -0.012093963204065122 -0.031439446779288102
leaf_weight=440.98090843856335 936.69282674789429 114.55841010808945 890.50435768067837 2816.2461069226265 141.29561802744865 250.17848336696625 61.328489974141121 289.13658028841019 531.88524143397808 98.342377439141273 193.47288507223129 487.35452672839165 525.24941430985928 310.65212916582823
leaf_count=3465 6639 695 5652 23690 844 1295 365 2333 3676 544 1299 2793 4110 2590
internal_value=0 0.0439192 0.0315088 -0.0380961 0.0545211 0.0853942 0.0840175 -0.0432073 0.0149891 0.0940173 0.00975928 0.0738408 -0.0199997 -0.044897
internal_weight=0 3705.61 2853.52 4382.27 1191.47 852.091 300.966 3416.03 1662.05 239.638 1130.17 601.913 966.23 3126.9
internal_count=59990 23802 19019 36188 7405 4783 1753 28613 11614 1388 7938 3488 7575 26280
is_linear=0
shrinkage=0.05


Tree=5
num_leaves=15
num_cat=0
split_feature=6 2 8 0 3 8 8 8 9 13 7 6 6 11
split_gain=4965.74 656.441 375.389 143.804 130.142 82.3461 62.8216 59.6079 42.2705 36.0206 34.3517 33.526 25.1709 25.5538
threshold=0.44985000000000003 1.5000000000000002 0.51565000000000005 1318.5000000000002 60.500000000000007 0.41705000000000009 0.49785000000000007 0.67395000000000016 0.30155000000000004 0.12175000000000001 0.14125000000000001 0.84995000000000009 0.86725000000000008 10.582550000000001
decision_type=2 2 2 10 2 2 2 2 2 2 8 2 2 2
left_child=3 2 5 -1 6 10 -3 11 -6 -5 -2 13 -7 -4
right_child=1 4 7 9 8 12 -8 -9 -10 -11 -12 -13 -14 -15
leaf_value=-0.019842757519603113 0.0061922000005901062 0.041042893940930143 0.056189501498616803 -0.043721599159175256 0.079293644159457055 0.026604729162479419 0.079293644159457055 0.079293644159457055 0.11086730413976986 -0.025421819725418876 0.023105756860589601 0.067374537056528183 0.041042893940930143 0.029060979341545973
leaf_weight=933.97898699343204 920.39843161404133 230.31447324156761 164.80459254980087 3027.8829916641116 183.00774915516376 598.74553762376308 207.80402566492558 203.59639339148998 268.56291833519936 300.48276662826538 445.34344612061977 206.44708149135113 170.09142534434795 191.8928711861372
leaf_count=7414 6503 1360 994 26294 999 3852 1086 1109 1337 2464 3046 1219 1067 1186
internal_value=0 0.0414379 0.029898 -0.0372113 0.0789945 0.0191027 0.0598876 0.0598876 0.097905 -0.0420776 0.0117203 0.0512259 0.0321844 0.0417172
internal_weight=0 3791.01 2901.32 4262.34 889.689 2134.58 438.118 766.741 451.571 3328.37 1365.74 563.145 768.837 356.697
internal_count=59930 23758 18976 36172 4782 14468 2446 4508 2336 28758 9549 3399 4919 2180
is_linear=0
shrinkage=0.05


Tree=6
num_leaves=15
num_cat=0
split_feature=6 3 9 0 6 6 0 7 13 9 17 9 9 9
split_gain=4483.59 560.279 262.707 147.045 127.709 111.409 45.9119 42.0809 39.0496 34.0535 30.2464 25.0763 23.6223 22.3268
threshold=0.44985000000000003 60.500000000000007 0.39485000000000003 1324.5000000000002 0.84995000000000009 0.8156500000000001 938.50000000000011 0.14125000000000001 0.12175000000000001 0.30155000000000004 0.044550000000000006 0.25225000000000003 0.16735000000000003 0.49385000000000007
decision_type=2 2 2 10 2 2 10 8 2 2 2 2 2 2
left_child=3 2 4 -1 7 10 -6 12 -5 -3 13 -8 -2 -4
right_child=1 9 5 8 6 -7 11 -9 -10 -11 -12 -13 -14 -15
leaf_value=-0.018625554899035363 -0.0069193107010368767 0.072688268227715777 0.036072818004448781 -0.043007805651739485 0.069146205307328498 0.069146205307328498 0.023496930348825405 0.023496930348825405 -0.023680447379732409 0.10117207885602647 0.028109453838894256 0.046342938896768424 0.010996273569131356 0.057305707777792196
leaf_weight=925.75331860035658 249.48651936650276 194.1511452049017 261.06632405519485 2928.7415335401893 110.31450769305229 443.09186436235905 212.00742749869823 566.44395013153553 291.44252389669418 277.89731003344059 402.24383355677128 200.97969195246696 693.8405410349369 251.5577395260334
leaf_count=7453 1767 1019 1572 26269 631 2425 1437 3634 2435 1322 2499 1231 4709 1454
internal_value=0 0.0386416 0.0315187 -0.0362167 0.020129 0.0485435 0.0413943 0.0127357 -0.0412665 0.0896353 0.0385006 0.0335907 0.00625574 0.0465836
internal_weight=0 3863.08 3391.03 4145.94 2033.07 1357.96 523.302 1509.77 3220.18 472.048 914.868 412.987 943.327 512.624
internal_count=59857 23700 21359 36157 13409 7950 3299 10110 28704 2341 5525 2668 6476 3026
is_linear=0
shrinkage=0.05


Tree=7
num_leaves=15
num_cat=0
split_feature=6 8 0 7 0 8 8 8 8 8 13 13 8 0
split_gain=4079.94 491.983 214.814 167.493 137.062 62.3501 42.1225 35.9567 32.4046 24.8857 24.3425 22.855 22.627 20.739
threshold=0.44985000000000003 0.47835000000000005 1040.5000000000002 0.47000000000000003 1337.5000000000002 0.78955000000000009 0.41705000000000009 0.55815000000000015 0.61685000000000012 0.51265000000000016 0.029850000000000005 0.12175000000000001 0.30785000000000007 1163.5000000000002
decision_type=2 2 10 8 10 2 2 2 2 2 2 2 2 10
left_child=4 2 12 5 9 -3 13 11 -5 -1 -9 -6 -2 -4
right_child=1 3 6 8 7 -7 -8 10 -10 -11 -12 -13 -14 -15
leaf_value=-0.020598775918287866 0.021667552376719235 0.048225301464991217 0.015172443002257461 0.07325525824419564 -0.043271495098062704 0.0824950510795813 0.025294070033320362 -0.025160487512769752 0.10279632435751976 0.015326423535523631 0.015326423535523631 -0.027583852389384923 0.048225301464991217 0.0024844034515640353
leaf_weight=876.84694703668356 82.499083861708641 1020.0392287224531 585.52594584226608 326.86415258049965 2671.6399524733424 102.59113590419292 498.64721864461899 156.52383463829756 144.1584714204073 50.306717522442341 16.848507821559906 261.82678483426571 484.79146599769592 715.32166892290115
leaf_count=7173 504 5810 3997 1588 24785 504 3126 1413 658 392 142 2230 2676 4954
internal_value=0 0.0358972 0.021422 0.0573679 -0.0355355 0.0482253 0.0129502 -0.0405713 0.0824951 -0.0186351 -0.0186351 -0.0418812 0.0482253 0.0082027
internal_weight=0 3960.44 2366.79 1593.65 4033.99 1122.63 1799.49 3106.84 471.023 927.154 173.372 2933.47 567.291 1300.85
internal_count=59952 23817 15257 8560 36135 6314 12077 28570 2246 7565 1555 27015 3180 8951
is_linear=0
shrinkage=0.05


Tree=8
num_leaves=15
num_cat=0
split_feature=6 8 0 3 0 8 3 6 8 9 0 11 0 0
split_gain=3696.89 416.951 172.079 163.202 141.337 93.0296 40.5655 67.4153 33.8403 27.9628 26.7599 21.938 20.1025 18.6729
threshold=0.44985000000000003 0.45355000000000006 1040.5000000000002 59.500000000000007 1337.5000000000002 0.71395000000000008 60.500000000000007 0.84995000000000009 0.37065000000000003 0.48195000000000005 1275.5000000000002 10.803950000000002 1220.5000000000002 1199.5000000000002
decision_type=2 2 10 2 10 2 2 2 2 2 10 2 8 10
left_child=4 2 6 5 9 7 11 10 -6 -1 -3 -2 -4 -9
right_child=1 3 12 -5 8 -7 -8 13 -10 -11 -12 -13 -14 -15
leaf_value=-0.022106898796115118 0.034057727362155323 0.034057727362155323 0.013710040807391044 0.083086918205287533 -0.043711296017395762 0.077964648776735868 0.061680407376645402 0.064993241932602377 -0.032210132641794544 -0.0006115028878390926 0.010019361002678381 0.011500686033864177 0.0015691791276977174 0.044901357963901725
leaf_weight=721.88075620681047 186.49905823171139 771.25637072324753 1120.9391245543957 315.06589466333389 2060.8479449301958 200.05458429455757 193.21004763245583 213.16712960600853 951.92550996690989 191.41788204759359 134.30355215072632 111.42683923244476 490.20095774531364 286.51488450169563
leaf_count=5989 1098 4365 7537 1415 19608 966 960 1093 8968 1564 772 665 3320 1570
internal_value=0 0.033329 0.0179308 0.0501678 -0.0348652 0.0438106 0.0438106 0.0438106 -0.0400892 -0.0176073 0.0320541 0.0320541 0.0100194 0.0535854
internal_weight=0 4022.64 2102.28 1920.36 3926.07 1605.3 491.136 1405.24 3012.77 913.299 905.56 297.926 1611.14 499.682
internal_count=59890 23761 13580 10181 36129 8766 2723 7800 28576 7553 5137 1763 10857 2663
is_linear=0
shrinkage=0.05


Tree=9
num_leaves=15
num_cat=0
split_feature=18 0 8 0 8 8 6 3 8 0 8 8 13 11
split_gain=3344.93 395.668 230.082 129.124 75.689 74.9318 34.8333 64.2167 32.0562 26.3413 25.0468 21.0837 19.865 19.8239
threshold=0.70425000000000015 1029.5000000000002 0.55815000000000015 1381.5000000000002 0.41195000000000004 0.55815000000000015 0.87485000000000013 60.500000000000007 0.55815000000000015 1337.5000000000002 0.51265000000000016 0.78955000000000009 0.029850000000000005 11.021050000000002
decision_type=2 10 2 10 2 2 2 2 2 8 2 2 2 2
left_child=1 5 4 10 13 7 -6 -1 -5 -8 -2 -4 -10 -3
right_child=3 2 11 8 6 -7 9 -9 12 -11 -12 -13 -14 -15
leaf_value=0.041126247770924787 -0.020055280184127573 0.0099727058524930103 0.04978687111061407 -0.040615589609916333 0.019694957082596193 0.077075786802949145 0.04978687111061407 0.064877903873641465 -0.023572777212253006 0.019694957082596193 0.014230135063943368 0.072809740054303546 0.014230135063943368 -0.004903905754176382
leaf_weight=456.14073891192675 900.64854931086302 1045.5141933262348 473.92647929489613 2673.4209111258388 838.115503937006 315.79584333300591 197.51004877686501 358.55104868113995 146.40896290540695 48.636439263820648 55.925902374088764 103.13900123536587 13.342936478555201 284.23373589664698
leaf_count=2524 7625 7150 2525 26258 5006 1401 1110 1677 1380 275 440 477 114 1946
internal_value=0 0.0311232 0.0215866 -0.0339491 0.0147943 0.0563141 0.0245936 0.0481817 -0.039313 0.0411262 -0.018038 0.0499259 -0.018038 0.00679153
internal_weight=0 4121.56 2991.08 3789.75 2414.01 1130.49 1084.26 814.692 2833.17 246.146 956.574 577.065 159.752 1329.75
internal_count=59908 24091 18489 35817 15487 5602 6391 4201 27752 1385 8065 3002 1494 9096
is_linear=0
shrinkage=0.05


Tree=10
num_leaves=15
num_cat=0
split_feature=18 8 3 0 3 8 8 8 0 0 11 8 8 11
split_gain=3051.19 326.191 177.155 133.841 81.9523 48.9713 51.1995 29.8527 24.9936 25.8629 26.7273 21.0167 19.884 18.8418
threshold=0.70425000000000015 0.50365000000000015 49.500000000000007 1375.5000000000002 47.500000000000007 0.35125000000000006 0.67395000000000016 0.47835000000000005 1169.5000000000002 1312.5000000000002 10.803950000000002 0.26775000000000004 0.61685000000000012 10.950650000000001
decision_type=2 2 2 10 2 2 2 2 10 10 2 2 2 2
left_child=1 2 5 11 6 8 -3 -5 -1 10 -7 -2 -6 -4
right_child=3 4 13 7 12 9 -8 -9 -10 -11 -12 -13 -14 -15
leaf_value=0.012277273830464716 -0.02317158274513606 0.035900252060009345 0.056630955934322907 -0.040597664654275549 0.060749344002795885 0.02751346688575608 0.061553431800973182 -0.023958724240976177 -0.0043036552180159482 0.00057352077920348429 0.012582802729604603 -0.0078991649012722411 0.087614870310733631 0.030615426313302004
leaf_weight=513.17551459372044 538.36489225178957 828.90391122549772 294.86797560751438 2456.8495984151959 206.36873668432236 817.83036387711763 257.63543476164341 308.63559176027775 406.60231246799231 157.64762959629297 477.2392894551158 389.38073837012053 118.45718450844288 96.49084384739399
leaf_count=3389 4630 4381 1407 24920 908 4981 1208 3004 2848 1007 2953 3286 498 465
internal_value=0 0.0291444 0.019146 -0.0332364 0.0486966 0.0139861 0.042034 -0.03875 0.0049507 0.0196995 0.0220254 -0.0167771 0.0707855 0.0486966
internal_weight=0 4175.22 2763.85 3693.23 1411.37 2372.5 1086.54 2765.49 919.778 1452.72 1295.07 927.746 324.826 391.359
internal_count=59885 24045 17050 35840 6995 15178 5589 27924 6237 8941 7934 7916 1406 1872
is_linear=0
shrinkage=0.05


Tree=11
num_leaves=15
num_cat=0
split_feature=18 3 8 0 8 0 8 7 8 11 0 0 13 8
split_gain=2845.67 309.389 226.762 123.219 63.1158 37.0598 34.7447 29.018 27.5218 26.2607 21.9825 21.5983 21.337 18.9506
threshold=0.70425000000000015 60.500000000000007 0.55815000000000015 1324.5000000000002 0.35125000000000006 837.50000000000011 0.55815000000000015 0.14125000000000001 0.51885000000000014 10.822350000000002 1172.5000000000002 1312.5000000000002 0.12175000000000001 0.51265000000000016
decision_type=2 2 2 10 2 10 2 8 2 2 10 10 2 2
left_child=1 2 4 13 10 -6 12 -4 -3 11 -1 -7 -5 -2
right_child=3 8 7 6 5 9 -8 -9 -10 -11 -12 -13 -14 -15
leaf_value=0.011001564433218392 -0.017904256361939735 0.053875650222526689 0.042997169822053573 -0.040600842612621063 0.042997169822053573 0.026386139046239251 -0.016083955734320001 0.059529679977880626 0.077724180536980311 0.011001564433218392 -0.003394573895782084 0.011001564433218392 -0.024082793418781348 0.011001564433218392
leaf_weight=549.91975498944521 811.94037511944771 323.54657164216042 470.57783330976963 2360.8376897946 179.77477826923132 1012.9934214800596 160.24011509865522 309.09041656553745 210.4384471476078 636.18245925009251 395.20293463766575 142.83421915769577 218.86029809713364 48.196551688015461
leaf_count=3586 7018 1465 2352 24843 937 5945 1548 1434 875 3824 2777 867 2064 372
internal_value=0 0.0278513 0.0227002 -0.03262 0.0162873 0.0213777 -0.0378034 0.0466403 0.0634018 0.0191861 0.00565601 0.0236776 -0.0392093 -0.016084
internal_weight=0 4230.56 3696.58 3600.08 2916.91 1971.78 2739.94 779.668 533.985 1792.01 945.123 1155.83 2579.7 860.137
internal_count=59907 24062 21722 35845 17936 11573 28455 3786 2340 10636 6363 6812 26907 7390
is_linear=0
shrinkage=0.05


Tree=12
num_leaves=15
num_cat=0
split_feature=18 8 0 0 3 8 8 3 4 7 8 8 13 11
split_gain=2509.96 258.476 114.727 103.763 91.2924 44.0767 34.5397 30.017 25.6675 22.8722 21.8288 20.4045 17.7836 19.781
threshold=0.70425000000000015 0.46915000000000007 1375.5000000000002 1018.5000000000001 61.500000000000007 0.78955000000000009 0.55815000000000015 76.500000000000014 3.5000000000000004 0.11561 0.51265000000000016 0.61685000000000012 0.12175000000000001 10.157850000000002
decision_type=2 2 10 10 2 2 2 2 2 10 2 2 2 2
left_child=1 3 10 7 5 8 12 -1 -3 -5 13 -10 -4 -2
right_child=2 4 6 9 -6 -7 -8 -9 11 -11 -12 -13 -14 -15
leaf_value=0.027781499926428161 0.00040188973626932687 0.027781499926428161 -0.039922169753553005 0.0016992253074763855 0.064766735762276109 0.062507877056172431 -0.016558919855178975 0.057932534051281973 0.033143295971623077 0.013091607080945995 0.014380385307025382 0.050532239827472875 -0.023341132206760359 -0.021560778997553702
leaf_weight=429.86936494708061 119.11397182196379 491.12796145677567 2263.4872718453407 718.39768489450216 292.24882234632969 133.88876356184483 154.66478940099478 103.02559292316437 734.2024964094162 1139.6131271272898 52.952889703214169 225.73753535747528 179.48184226453304 733.40238519012928
leaf_count=2227 1049 2617 24604 4798 1214 579 1515 465 3734 7308 411 1044 1738 6462
internal_value=0 0.02519 -0.0319113 0.014278 0.0390732 0.0342978 -0.0372543 0.0337082 0.0337082 0.00869004 -0.0165589 0.0372808 -0.038714 -0.0184953
internal_weight=0 4268.11 3503.1 2390.91 1877.21 1584.96 2597.63 532.895 1451.07 1858.01 905.469 959.94 2442.97 852.516
internal_count=59765 23986 35779 14798 9188 7974 27857 2692 7395 12106 7922 4778 26342 7511
is_linear=0
shrinkage=0.05


Tree=13
num_leaves=15
num_cat=0
split_feature=18 3 8 0 6 9 8 7 14 8 8 0 6 9
split_gain=2302.73 245.309 168.119 113.245 67.502 37.9489 32.9887 27.5444 27.3554 25.2161 23.5192 20.1943 25.3769 19.479
threshold=0.86830000000000018 60.500000000000007 0.55815000000000015 1324.5000000000002 0.86725000000000008 0.27655000000000007 0.36915000000000003 0.14125000000000001 39.500000000000007 0.51885000000000014 0.78955000000000009 1166.5000000000002 0.82825000000000015 0.30945000000000006
decision_type=2 2 2 10 2 2 2 8 2 2 2 10 2 2
left_child=1 2 4 13 5 11 -5 10 -7 12 -4 -1 -3 -2
right_child=3 9 7 6 -6 8 -8 -9 -10 -11 -12 -13 -14 -15
leaf_value=0.0079977917033305004 -0.023640933404528199 0.030947572516689253 0.028863588447148866 -0.040305495850849922 0.028863588447148866 0.0079977917033305004 -0.028103091286794002 0.051045735780166572 0.022211378363509351 0.068752723085673109 0.051045735780166572 -0.004829361878979325 0.058971167393126647 -0.0082403427973487334
leaf_weight=561.6173777282238 370.36801271885633 153.34871201217175 405.980732165277 1728.3151990547776 596.79948107898235 638.98087837547064 833.21654200553894 318.55778422951698 723.04080298542976 212.47324670851231 81.454129680991173 473.00855651497841 180.9113857448101 463.03719997406006
leaf_count=3519 3325 677 2009 19268 3327 3883 8986 1430 4188 865 349 3246 791 4012
internal_value=0 0.0238101 0.0192939 -0.0311396 0.0138278 0.0100733 -0.0363488 0.0395526 0.015554 0.0551018 0.0319523 0.0028502 0.0462454 -0.0151045
internal_weight=0 4346.17 3799.44 3394.94 2993.45 2396.65 2561.53 805.993 1362.02 546.733 487.435 1034.63 334.26 833.405
internal_count=59875 24284 21951 35591 18163 14836 28254 3788 8071 2333 2358 6765 1468 7337
is_linear=0
shrinkage=0.05


Tree=14
num_leaves=15
num_cat=0
split_feature=18 16 0 9 6 7 14 9 11 13 9 9 9 9
split_gain=2142.18 222.945 109.7 94.4421 51.647 42.5807 30.2445 28.2298 24.0837 22.6024 22.0969 18.2629 17.5838 17.1091
threshold=0.86830000000000018 0.00045000000000000004 1324.5000000000002 0.42615000000000008 0.84995000000000009 0.11561 39.500000000000007 0.32935000000000009 10.740650000000002 0.12825000000000003 0.25795000000000007 0.45645000000000008 0.31355000000000005 0.12935000000000002
decision_type=2 2 10 2 2 8 2 2 2 2 2 2 2 2
left_child=1 3 12 6 7 -5 13 -3 -7 11 -6 -4 -2 -1
right_child=2 4 9 5 10 8 -8 -9 -10 -11 -12 -13 -14 -15
leaf_value=-0.013819819109567262 -0.019231461511873993 0.020691479784564631 -0.039901818932834253 0.01255845874157048 0.037784140321587112 0.041540541744669104 0.01255845874157048 0.041818184523279706 0.023645507757807167 -0.019231461511873993 0.060162921243827709 -0.029626336949733986 -0.0077664356218942951 0.0054705369120836532
leaf_weight=130.80107080936432 366.80786675959826 306.9676221832633 1687.9368720427155 345.53150337934494 170.60736176371574 456.86645652353764 1077.311579823494 333.63176377117634 328.59750384092331 192.96336385607719 356.06940023601055 604.15985648334026 461.16852443665266 899.19557835906744
leaf_count=896 3351 1517 19498 1943 821 2292 6644 1473 1673 1926 1531 6789 4018 5611
internal_value=0 0.0226422 -0.030568 0.0158807 0.0413707 0.0275314 0.00961759 0.0317425 0.0317425 -0.0358199 0.0529991 -0.0372075 -0.0147807 0.00300979
internal_weight=0 4405.58 3313.04 3238.3 1167.28 1131 2107.31 640.599 785.464 2485.06 526.677 2292.1 827.976 1030
internal_count=59983 24401 35582 19059 5342 5908 13151 2990 3965 28213 2352 26287 7369 6507
is_linear=0
shrinkage=0.05


Tree=15
num_leaves=15
num_cat=0
split_feature=18 3 8 0 6 8 0 11 8 9 0 17 9 8
split_gain=1887.11 212.984 147.502 116.466 54.7742 33.3306 32.7337 30.3468 26.3596 25.3221 24.6009 21.4884 18.8494 18.2485
threshold=0.86830000000000018 60.500000000000007 0.55815000000000015 1324.5000000000002 0.86725000000000008 0.37875000000000009 1184.5000000000002 10.306150000000002 0.66195000000000015 0.14945000000000003 1318.5000000000002 0.045850000000000009 0.48195000000000005 0.54285000000000017
decision_type=2 2 2 10 2 2 10 2 2 2 10 2 2 2
left_child=1 2 4 12 6 -5 7 -1 -4 -8 -6 -10 -2 -3
right_child=3 13 8 5 10 -7 9 -9 11 -11 -12 -13 -14 -15
leaf_value=0.024813472836310455 -0.01729727330087413 0.043087934500448906 0.027857606339503821 -0.038984735213262262 0.027857606339503821 -0.026105202738835077 -0.013314109929988311 0.0086414647660818418 0.049483630936661777 0.0042527844510194838 0.0042527844510194838 0.027857606339503821 0.0010261475575580054 0.062952443247567588
leaf_weight=347.74581880867481 644.47077470272779 382.60691896080971 491.78538852930069 1686.1520415768027 487.8269594758749 729.44460496306419 136.9733060747385 1137.185175716877 260.50962255895138 794.59342543035746 118.21181236207485 67.834428995847702 179.2150107100606 177.48268415033817
leaf_count=2050 5865 1635 2334 20000 2625 8238 970 6780 1120 4972 678 314 1537 713
internal_value=0 0.0207002 0.016493 -0.029572 0.0113831 -0.0351079 0.00800604 0.0126128 0.0352885 0.000657182 0.0248135 0.0463 -0.0133141 0.0494836
internal_weight=0 4402.76 3842.67 3239.28 3022.54 2415.6 2416.5 1484.93 820.129 931.567 606.039 328.344 823.686 560.09
internal_count=59831 24191 21843 35640 18075 28238 14772 8830 3768 5942 3303 1434 7402 2348
is_linear=0
shrinkage=0.05


Tree=16
num_leaves=15
num_cat=0
split_feature=6 7 8 7 8 13 8 6 6 8 8 11 7 8
split_gain=1758.98 179.181 108.738 102.958 40.3996 39.5053 37.1003 37.5836 24.2158 23.4326 22.6233 22.4421 20.3133 18.2962
threshold=0.44985000000000003 0.47000000000000003 0.46235000000000004 0.26351500000000005 0.54285000000000017 0.11985000000000003 0.7672500000000001 0.87085000000000012 0.84995000000000009 0.56645000000000012 0.52505000000000013 11.021050000000002 0.14125000000000001 0.54285000000000017
decision_type=2 8 2 8 2 2 2 2 2 2 2 2 10 2
left_child=3 2 11 5 8 9 7 -4 -3 -1 -5 12 -2 -7
right_child=1 4 6 10 -6 13 -8 -9 -10 -11 -12 -13 -14 -15
leaf_value=-0.03725516595553565 0.005544840435866105 0.023593437902665639 0.016743234824341272 -0.015204861035930614 0.053126210366501961 -0.019575183792583158 0.049603319232712384 0.031790688429462859 0.042290154448512814 -0.015851759071017085 0.016743234824341272 -0.0037352407323322026 0.016743234824341272 0.016743234824341272
leaf_weight=1971.5795727297664 1001.9417254030704 402.77926848828793 927.09978841245174 796.16868463158607 327.60903714597225 260.01776228845119 138.95674461126328 387.46479022502899 311.21484282612801 121.03501572459936 46.361528225243092 394.4430463463068 489.21580059826374 19.723380088806152
leaf_count=24169 6438 1893 4734 7462 1342 2614 581 1840 1386 1298 373 2530 2947 171
internal_value=0 0.0204467 0.014791 -0.0282463 0.0385457 -0.0335786 0.0250636 0.0224339 0.0317907 -0.0359396 -0.0132101 0.00686322 0.00966737 -0.0158518
internal_weight=0 4380.73 3339.12 3214.89 1041.6 2372.36 1453.52 1314.56 713.994 2092.61 842.53 1885.6 1491.16 279.741
internal_count=59778 23691 19070 36087 4621 28252 7155 6574 3279 25467 7835 11915 9385 2785
is_linear=0
shrinkage=0.05


Tree=17
num_leaves=15
num_cat=0
split_feature=18 16 0 8 8 8 13 8 7 14 6 8 8 11
split_gain=1578.3 161.778 104.066 90.8002 44.5106 38.0847 29.9526 22.1613 21.465 19.7154 22.7033 15.6748 13.9536 12.7809
threshold=0.86830000000000018 0.013250000000000001 1381.5000000000002 0.43995000000000006 0.44925000000000004 0.78955000000000009 0.12825000000000003 0.37875000000000009 0.14125000000000001 51.500000000000007 0.87485000000000013 0.59125000000000016 0.61685000000000012 10.817750000000002
decision_type=2 2 10 2 2 2 2 2 8 2 2 2 2 2
left_child=1 3 11 8 -3 9 7 -4 13 10 -5 -2 -6 -1
right_child=2 4 6 5 12 -7 -8 -9 -10 -11 -12 -13 -14 -15
leaf_value=0.0056264785148941662 -0.012833142280357007 0.023415911214953566 -0.038331791583675605 0.013244451055870861 0.040119287549390086 0.044790149788122909 -0.012833142280357007 -0.026985830426186866 0.013244451055870861 0.023415911214953566 0.023415911214953566 0.013244451055870861 0.057674581199630343 -0.0053851363728309532
leaf_weight=738.5342982634902 831.17440827935934 408.88001158088446 1436.4120437651873 689.47131959348917 455.92827689647675 122.63614031672478 150.6254168599844 632.7403252646327 620.41009261459112 641.74465887248516 245.41740739345551 32.717364877462387 161.16927374154329 408.44275584071875
leaf_count=4864 7766 1982 18345 3592 1954 506 1604 7583 3708 3180 1172 250 655 2739
internal_value=0 0.0188686 -0.0275772 0.0136998 0.036303 0.0219494 -0.033307 -0.0348769 0.00576022 0.0198127 0.0147478 -0.0128331 0.0447901 0.00170393
internal_weight=0 4492.63 3083.67 3466.66 1025.98 1699.27 2219.78 2069.15 1767.39 1576.63 934.889 863.892 617.098 1146.98
internal_count=59900 24352 35548 19761 4591 8450 27532 25928 11311 7944 4764 8016 2609 7603
is_linear=0
shrinkage=0.05


Tree=18
num_leaves=15
num_cat=0
split_feature=18 0 8 0 8 15 8 8 0 16 8 11 6 14
split_gain=1500.17 153.878 93.2488 90.441 48.689 31.4522 30.8145 27.641 25.3114 20.6355 19.4579 18.5555 16.2897 16.2823
threshold=0.86830000000000018 969.50000000000011 0.45355000000000006 1318.5000000000002 0.57125000000000015 3.5000000000000004 0.37875000000000009 0.61685000000000012 1387.5000000000002 0.054950000000000006 0.26475000000000004 11.021050000000002 0.87485000000000013 55.500000000000007
decision_type=2 10 2 10 2 2 2 2 10 2 2 2 2 2
left_child=1 4 8 10 5 -1 -5 12 11 -7 -2 -3 13 -4
right_child=3 2 7 6 -6 9 -8 -9 -10 -11 -12 -13 -14 -15
leaf_value=0.021855523295802468 -0.0196664341998753 0.0089582810786436994 0.0089582810786436994 -0.036656498534619553 0.053153535159531418 0.031592226196136511 -0.023819432673733074 0.032954337604572219 -0.023819432673733074 0.053153535159531418 -0.0037831380650516031 -0.0035197532256867991 0.021855523295802468 0.021855523295802468
leaf_weight=525.56915314495564 459.89742258936167 1435.8079285100102 545.35130156576633 1536.4456041753292 263.46891494095325 202.31311881542206 684.21282132714987 412.88068530708551 61.171767316758633 91.869585052132607 332.49969848245382 375.2902165800333 300.68139074742794 298.45088370144367
leaf_count=2413 4374 9009 2859 19953 1069 890 8261 1815 491 405 2958 2425 1424 1513
internal_value=0 0.0180149 0.0128194 -0.0275392 0.0344376 0.0283648 -0.0327137 0.0218555 0.00529552 0.0414975 -0.0130148 0.00637211 0.0178263 0.0134422
internal_weight=0 4512.85 3429.63 3013.06 1083.22 819.752 2220.66 1557.36 1872.27 294.183 792.397 1811.1 1144.48 843.802
internal_count=59859 24313 19536 35546 4777 3708 28214 7611 11925 1295 7332 11434 5796 4372
is_linear=0
shrinkage=0.05


Tree=19
num_leaves=15
num_cat=0
split_feature=18 3 8 7 6 13 8 12 7 13 8 11 8 17
split_gain=1342.14 137.932 99.5829 83.939 40.9019 38.0073 24.4593 22.4447 19.9176 19.7999 16.842 15.5845 15.4095 13.5627
threshold=0.70425000000000015 60.500000000000007 0.45355000000000006 0.26351500000000005 0.84995000000000009 0.11985000000000003 0.37875000000000009 40.500000000000007 0.14125000000000001 0.029950000000000001 0.29005000000000009 10.578050000000001 0.61685000000000012 0.071250000000000022
decision_type=2 2 2 8 2 2 2 2 8 2 2 2 2 2
left_child=1 2 8 5 11 6 -2 -6 -1 -5 -7 13 -3 -4
right_child=3 12 4 9 7 10 -8 -9 -10 -11 -12 -13 -14 -15
leaf_value=0.0018780190350396993 -0.037764439784342671 0.039624273220999498 0.024252215834196966 -0.014325670493159701 0.039624273220999498 -0.028643970337225679 -0.025494781800112692 0.024252215834196966 0.011894017112671412 0.011894017112671412 -0.001418490515386262 0.011894017112671412 0.06095866775497967 0.011894017112671412
leaf_weight=1255.3540086150169 1332.1447543129325 485.70931553840637 454.95870235562325 798.1537334471941 244.25810211896896 95.247533850371838 599.14500608295202 414.75794789195061 820.44052972644567 18.333787605166435 138.88249836862087 658.55137755721807 87.088128075003624 87.268940389156342
leaf_count=8149 18114 2007 2175 7664 1062 1040 7487 1924 4696 177 1442 3255 352 443
internal_value=0 0.0167166 0.0133733 -0.0265146 0.0217732 -0.0316658 -0.0339732 0.0317849 0.00584058 -0.0128311 -0.0128311 0.0162567 0.0396243 0.0225752
internal_weight=0 4508.39 3935.59 2981.91 1859.8 2165.42 1931.29 659.016 2075.79 816.488 234.13 1200.78 572.797 542.228
internal_count=59987 24063 21704 35924 8859 28083 25601 2986 12845 7841 2482 5873 2359 2618
is_linear=0
shrinkage=0.05


Tree=20
num_leaves=15
num_cat=0
split_feature=18 8 0 14 0 8 6 9 6 13 8 0 8 0
split_gain=1222.3 134.293 95.981 63.6526 53.2642 29.7071 23.9779 17.261 21.9973 15.108 14.9618 14.8783 13.8179 11.5096
threshold=0.86830000000000018 0.46915000000000007 1404.5000000000002 62.500000000000007 1056.5000000000002 0.55815000000000015 0.84995000000000009 0.16735000000000003 0.76605000000000012 0.25335000000000008 0.67395000000000016 1306.5000000000002 0.59125000000000016 1229.5000000000002
decision_type=2 2 10 2 10 2 2 2 2 2 2 8 2 10
left_child=1 4 12 10 -1 9 -5 -6 13 -4 -3 -10 -2 -9
right_child=2 3 5 6 7 -7 -8 8 11 -11 -12 -13 -14 -15
leaf_value=0.017914612688025387 -0.012020194633202237 0.017914612688025387 -0.034150374689766241 0.028781087171807846 -0.0047673960196514221 -0.012020194633202237 0.046209516365530411 0.0049076056583301376 0.02040860520114152 -0.012020194633202237 0.028781087171807846 0.0020297557001003343 0.017914612688025387 -0.0047673960196514221
leaf_weight=682.57437371462584 842.39119711518288 975.89924629032612 1843.9733914583921 489.97395801544189 459.00068298727274 130.00636278837919 341.06734231114388 772.54241593182087 351.05705265700817 33.208698004484177 212.24730321019888 105.63632187247276 34.185430929064751 170.39623143523932
leaf_count=3321 8265 4715 25176 2193 3063 1483 1441 4764 2101 375 897 645 269 1196
internal_value=0 0.0157412 -0.0258424 0.0253643 0.00808793 -0.0318698 0.0359808 0.00363926 0.00639761 -0.0334887 0.0179146 0.0153918 -0.0120202 0.00202976
internal_weight=0 4560.39 2883.77 2019.19 2541.21 2007.19 831.041 1858.63 1399.63 1877.18 1188.15 456.693 876.577 942.939
internal_count=59904 24336 35568 9246 15090 27034 3634 11769 8706 25551 5612 2746 8534 5960
is_linear=0
shrinkage=0.05


Tree=21
num_leaves=15
num_cat=0
split_feature=18 6 7 0 16 9 0 8 11 8 13 17 16 9
split_gain=1138.04 121.681 83.3617 50.0995 39.25 37.5381 24.5367 23.9887 19.1012 16.9692 16.1612 15.5376 11.9731 18.7776
threshold=0.86830000000000018 0.84995000000000009 0.26351500000000005 881.50000000000011 0.018450000000000005 0.49175000000000008 1223.5000000000002 0.60945000000000016 11.274050000000001 0.26475000000000004 0.12825000000000003 0.044550000000000006 0.061150000000000003 0.32165000000000005
decision_type=2 2 8 10 2 2 10 2 2 2 2 2 2 2
left_child=1 3 7 12 -3 6 8 10 -5 -4 -2 -7 13 -1
right_child=2 4 9 5 -6 11 -8 -9 -10 -11 -12 -13 -14 -15
leaf_value=0.0091828514517869747 -0.033464331343738413 0.025333016119357885 -0.017967388343015481 0.0091828514517869747 0.040955568973971235 0.025305507527303886 -0.0046123536123607485 -0.011614205140754114 -0.0046123536123607485 -0.0046123536123607485 -0.017967388343015481 0.0091828514517869747 0.040955568973971235 0.025333016119357885
leaf_weight=169.04003544896841 1738.2592642009258 893.53551240265369 457.34652964025736 1504.8327033370733 436.50416861474514 347.36149379611015 567.51876767724752 97.769656538963318 138.15725952386856 343.37237284332514 188.58689381927252 246.04830506443977 90.241757228970528 189.27025462687016
leaf_count=801 24551 4458 4587 8730 1859 1642 3525 1112 820 3261 2088 1292 389 820
internal_value=0 0.0150496 -0.0252909 0.00983417 0.0277865 0.00734662 0.00434489 -0.0306915 0.00743981 -0.0116142 -0.0319509 0.0185022 0.025333 0.0253055
internal_weight=0 4582.51 2825.33 3252.47 1330.04 2803.92 2210.51 2024.62 1642.99 800.719 1926.85 593.41 448.552 358.31
internal_count=59935 24336 35599 18019 6317 16009 13075 27751 9550 7848 26639 2934 2010 1621
is_linear=0
shrinkage=0.05


Tree=22
num_leaves=15
num_cat=0
split_feature=18 3 0 8 8 8 8 6 4 8 8 0 6 13
split_gain=1027.35 112.765 84.7468 84.0706 31.3646 31.3564 23.0758 22.0183 21.1201 18.5019 16.4681 15.4636 14.317 12.8916
threshold=0.86830000000000018 60.500000000000007 1404.5000000000002 0.55445000000000011 0.35125000000000006 0.48055000000000009 0.59125000000000016 0.88855000000000006 4.5000000000000009 0.51885000000000014 0.78955000000000009 1172.5000000000002 0.84995000000000009 0.25335000000000008
decision_type=2 2 10 2 2 2 2 2 2 2 2 10 2 2
left_child=1 3 6 4 11 13 -2 -6 -9 12 -5 -1 -3 -4
right_child=2 9 5 10 7 -7 -8 8 -10 -11 -12 -13 -14 -15
leaf_value=0.0055082003719724732 -0.012717285382807492 0.018713537718033354 -0.033141937172309337 0.024938584020913687 0.0083988693871739004 -0.012717285382807492 0.024938584020913687 0.0083988693871739004 0.024938584020913687 0.046972013842484811 0.04194157984128756 -0.0070829232524059959 0.039103840340578906 -0.012717285382807492
leaf_weight=584.54981744289398 826.71806120872498 191.82879936695099 1642.6743164584041 751.4342069029808 1682.1862764880061 230.29160863906145 35.240318119525909 180.39309173822403 255.55514734983444 212.96136504411697 143.55847115814686 416.87213283777237 160.81155207753181 30.574311897158623
leaf_count=3586 8277 797 23826 3344 9300 2865 275 916 1257 864 581 2896 656 355
internal_value=0 0.014388 -0.0241999 0.0114374 0.00755716 -0.030089 -0.0111749 0.0110031 0.0210096 0.0352737 0.0249386 0.000264928 0.0280962 -0.0324708
internal_weight=0 4580.15 2765.5 4014.55 3119.56 1903.54 861.958 2118.13 435.948 565.602 894.993 1001.42 352.64 1673.25
internal_count=59795 24197 35598 21880 17955 27046 8552 11473 2173 2317 3925 6482 1453 24181
is_linear=0
shrinkage=0.05


Tree=23
num_leaves=15
num_cat=0
split_feature=18 3 0 8 8 6 4 0 8 8 13 8 16 11
split_gain=937.27 108.305 77.7026 77.6199 33.0856 31.6653 30.467 19.1146 17.0217 13.5852 13.5171 12.6216 11.3459 10.3305
threshold=0.86830000000000018 60.500000000000007 1324.5000000000002 0.56235000000000013 0.48775000000000007 0.84995000000000009 4.5000000000000009 1223.5000000000002 0.62415000000000009 0.78955000000000009 0.13465000000000002 0.23575000000000004 0.054950000000000006 11.295650000000002
decision_type=2 2 10 2 2 2 2 10 2 2 2 2 2 2
left_child=1 3 11 5 10 7 -7 -1 12 -5 -4 -2 -3 -8
right_child=2 8 4 9 -6 6 13 -9 -10 -11 -12 -13 -14 -15
leaf_value=0.0041375305035382375 -0.016306769765726589 0.024903446459639662 -0.032657950822346134 0.024025878826184306 -0.010889935933852629 0.0041375305035382375 0.024025878826184306 -0.0051242504528435208 0.056057915639383671 0.039487614314975619 -0.016306769765726589 -0.0051242504528435208 0.041298248676083033 0.0041375305035382375
leaf_weight=1886.6354104280472 366.31362138688564 337.04298304021358 1585.201391376555 691.14902564883232 225.04616571217775 311.48805636167526 412.21403655409813 556.27679358422756 74.528021052479744 143.48060262203217 140.68162211030722 395.71466769278049 159.70845472812653 31.769540071487427
leaf_count=10883 3709 1379 23794 3046 2790 1639 2067 3535 309 579 1662 3684 651 162
internal_value=0 0.0133468 -0.0236961 0.0104553 -0.0289837 0.00690755 0.0158475 0.00413753 0.0337062 0.0240259 -0.0313353 -0.0101388 0.0302468 0.0240259
internal_weight=0 4604.29 2712.96 4033.01 1950.93 3198.38 755.472 2442.91 571.279 834.63 1725.88 762.028 496.751 443.984
internal_count=59889 24250 35639 21911 28246 18286 3868 14418 2339 3625 25456 7393 2030 2229
is_linear=0
shrinkage=0.05


Tree=24
num_leaves=15
num_cat=0
split_feature=18 16 0 8 14 8 8 8 11 7 9 11 0 11
split_gain=847.631 95.2032 79.1283 51.1393 30.8905 29.7322 28.0282 25.2994 18.3596 18.0468 14.8206 13.4582 12.8632 12.7688
threshold=0.86830000000000018 0.026850000000000002 1318.5000000000002 0.41195000000000004 38.500000000000007 0.51565000000000005 0.37065000000000003 0.78955000000000009 10.871550000000001 0.14125000000000001 0.31355000000000005 10.243150000000002 1361.5000000000002 10.243150000000002
decision_type=2 2 10 2 2 2 2 2 2 8 2 2 10 2
left_child=1 3 10 9 11 -3 -4 8 -6 12 -2 -5 -1 -11
right_child=2 5 6 4 7 -7 -8 -9 -10 13 -12 -13 -14 -15
leaf_value=-0.00037290949826793423 -0.016897720921794993 0.020273679533518271 -0.032442492284216883 0.020273679533518271 0.020273679533518271 0.039577372901244433 -0.019550600217533787 0.039577372901244433 0.0079929271082528168 0.020273679533518271 -0.0027246186459363962 0.0072681589577783439 -0.019550600217533787 0.0057344760829688285
leaf_weight=918.24599490314722 326.65905546396971 505.32563852518797 1261.7643327638507 176.35820887982845 838.23979443311691 333.90361671149731 642.67680609971285 76.605049848556519 371.83165955543518 119.98165721446276 423.08459858596325 741.2604144513607 56.358761511743069 476.96018949151039
leaf_count=6004 3357 2287 19416 868 4002 1377 8845 309 1801 677 3975 3694 466 2737
internal_value=0 0.0127673 -0.0226891 0.00937693 0.0142885 0.027992 -0.0281045 0.0192857 0.0174118 0.00248306 -0.00891404 0.00726816 -0.0018536 0.00726816
internal_weight=0 4615.07 2654.18 3775.84 2204.3 839.229 1904.44 1286.68 1210.07 1571.55 749.744 917.619 974.605 596.942
internal_count=59815 24222 35593 20558 10674 3664 28261 6112 5803 9884 7332 4562 6470 3414
is_linear=0
shrinkage=0.05


Tree=25
num_leaves=15
num_cat=0
split_feature=17 0 0 8 8 9 17 9 12 0 8 13 11 8
split_gain=769.297 83.9196 81.982 53.5343 29.3017 27.588 17.3748 16.8561 20.8542 14.5766 14.3006 13.9869 12.6356 11.5926
threshold=0.10755000000000002 866.50000000000011 1368.5000000000002 0.41705000000000009 0.55815000000000015 0.27445000000000003 0.060350000000000008 0.49805000000000005 94.500000000000014 1235.5000000000002 0.61685000000000012 0.23635000000000003 10.166050000000002 0.37875000000000009
decision_type=2 10 10 2 2 2 2 2 2 10 2 2 2 2
left_child=1 5 -2 9 11 -1 7 8 -5 -3 12 13 -7 -4
right_child=2 3 4 6 -6 10 -8 -9 -10 -11 -12 -13 -14 -15
leaf_value=0.014902673514891843 -0.0082401851989983618 0.0036831124415011088 -0.032763851179534398 0.014902673514891843 -0.0082401851989983618 0.050919098504194196 0.0036831124415011088 0.023248413793387719 0.0036831124415011088 -0.006746773418005246 0.050919098504194196 -0.0082401851989983618 0.02577132255418349 -0.023158800512818777
leaf_weight=277.42486469447613 778.85392379760742 1304.0424750223756 1199.6332064643502 1007.7108259499073 123.46051294356585 56.591563448309898 353.1718829870224 590.22066579014063 288.89097831398249 358.60870867222548 108.1862249225378 47.725229017436504 306.2928224503994 442.77126257121563
leaf_count=1257 7718 7919 19128 4815 1479 241 1839 2663 1416 2588 446 551 1303 6447
internal_value=0 0.012163 -0.0218221 0.00921709 -0.0276472 0.02749 0.0142607 0.0149027 0.0130307 0.00241765 0.0348557 -0.029394 0.02994 -0.0301901
internal_weight=0 4651.14 2592.44 3902.65 1813.59 748.495 2239.99 1886.82 1296.6 1662.65 471.071 1690.13 362.884 1642.4
internal_count=59810 24487 35323 21240 27605 3247 10733 8894 6231 10507 1990 26126 1544 25575
is_linear=0
shrinkage=0.05


Tree=26
num_leaves=15
num_cat=0
split_feature=18 15 0 8 8 14 0 9 7 13 8 8 0 8
split_gain=710.236 92.7217 63.6094 53.6748 28.4637 23.8126 20.8527 21.1735 21.0124 12.4269 12.1071 14.2328 13.4688 12.0896
threshold=0.86830000000000018 2.5000000000000004 1381.5000000000002 0.51565000000000005 0.37875000000000009 58.500000000000007 1337.5000000000002 0.16735000000000003 0.11561 0.13685000000000003 0.51565000000000005 0.69995000000000007 1688.5000000000002 0.41365000000000007
decision_type=2 2 10 2 2 2 10 2 8 2 2 2 8 2
left_child=1 3 10 6 9 -5 7 -1 -9 -4 -2 -6 -13 -3
right_child=2 13 4 5 11 -7 -8 8 -10 -11 -12 12 -14 -15
leaf_value=-0.0026658976135217954 -0.011035923614879149 0.018187937468727565 -0.032220042560684281 0.012069578803638178 -0.017130779797461394 0.026648105014306912 -0.0093730517722575221 0.0013639199860304169 0.012034255263686457 -0.017130779797461394 0.012069578803638178 0.023654615951100813 -0.017130779797461394 0.033118719345041701
leaf_weight=545.71862033754587 743.6087461411953 195.63199061155319 1118.1250316128135 743.54530403763056 514.28207681328058 451.78666107356548 181.96986720710993 699.21683996915817 1357.013789229095 82.536562547087669 53.819585584104061 40.985549479722977 13.325273498892782 476.69242225587368
leaf_count=3376 7595 864 18555 3334 7436 1956 1232 4225 7331 1055 428 493 163 1975
internal_value=0 0.0116454 -0.0211136 0.00873921 -0.0263969 0.0175973 0.00493084 0.00608549 0.00840826 -0.0307671 -0.00937305 -0.0171308 0.00833712 0.0288076
internal_weight=0 4651.58 2566.68 3979.25 1769.25 1195.33 2783.92 2601.95 2056.23 1200.66 797.428 568.593 54.3108 672.324
internal_count=60018 24293 35725 21454 27702 5290 16164 14932 11556 19610 8023 8092 656 2839
is_linear=0
shrinkage=0.05


Tree=27
num_leaves=15
num_cat=0
split_feature=17 6 0 4 8 8 0 9 0 9 11 9 11 0
split_gain=671.987 82.6559 67.7057 39.9248 26.3208 24.6753 23.4246 17.7559 16.1652 14.2108 14.1992 12.901 10.8194 9.86155
threshold=0.10755000000000002 0.84995000000000009 1375.5000000000002 3.5000000000000004 0.37875000000000009 0.61685000000000012 1238.5000000000002 0.31555000000000005 1324.5000000000002 0.16735000000000003 11.002550000000001 0.22245000000000001 11.143050000000002 1738.5000000000002
decision_type=2 2 10 2 2 2 10 2 10 2 2 2 2 8
left_child=1 6 7 -3 -4 8 -1 -2 11 -8 -9 -5 -13 -6
right_child=2 3 4 5 13 -7 9 10 -10 -11 -12 12 -14 -15
leaf_value=0.0066805800186795598 -0.017529414961603786 0.0066805800186795598 -0.030940708755277008 0.014596838297327601 -0.015201779847442512 0.040779685209831509 -0.017529414961603786 -3.0471948452068575e-05 0.0066805800186795598 -3.0471948452068575e-05 -0.017529414961603786 0.030453916412693478 0.014596838297327601 -0.030940708755277008
leaf_weight=2729.4992273151875 338.07537456601858 139.57235981523991 1167.3304467462003 270.53286968171597 500.44108103215694 197.85632093250751 81.289124093949795 339.88831516355276 124.2232568860054 513.90517320111394 100.7921544611454 537.4320203512907 84.646283194422722 62.255647644400597
leaf_count=14558 3602 690 19528 1366 7161 821 624 3263 657 3041 977 2379 380 912
internal_value=0 0.0109256 -0.0211422 0.0213343 -0.0266517 0.0246117 0.00668058 -0.00888411 0.0214287 -0.00323407 -0.00323407 0.0237983 0.0277701 -0.0177149
internal_weight=0 4678.96 2508.78 1354.26 1730.03 1214.69 3324.69 778.756 1016.83 595.194 440.68 892.611 622.078 562.697
internal_count=59959 24516 35443 6293 27601 5603 18223 7842 4782 3665 4240 4125 2759 8073
is_linear=0
shrinkage=0.05


Tree=28
num_leaves=15
num_cat=0
split_feature=18 3 0 8 11 8 3 9 11 11 8 6 13 6
split_gain=576.56 82.5997 53.8333 44.7564 32.7128 29.4881 23.2169 17.4499 17.0961 14.4389 14.3935 14.2416 13.479 9.89394
threshold=0.86830000000000018 61.500000000000007 1280.5000000000002 0.61685000000000012 10.861350000000002 0.37875000000000009 1.0000000180025095e-35 0.34905000000000003 10.478650000000002 11.225650000000002 0.59125000000000016 0.8367500000000001 0.13905000000000003 0.82375000000000009
decision_type=2 2 10 2 2 2 2 2 2 2 2 2 2 2
left_child=1 3 8 4 6 12 7 -1 -2 13 -3 -8 -4 -5
right_child=2 10 5 9 -6 -7 11 -9 -10 -11 -12 -13 -14 -15
leaf_value=0.00069507352530951815 0.00069507352530951815 0.024173884708444497 -0.030759142951017185 0.017673701855636974 -0.0013323920387889622 -0.015177058373297209 0.011955992843825911 0.011112657051145123 -0.013941204767339781 -0.0013323920387889622 0.044882785693865758 0.024173884708444497 -0.015177058373297209 0.032619563528783785
leaf_weight=890.21772935241461 250.6761401668191 449.59513917565346 1072.9067813046277 255.22162307798862 1144.1269554421306 575.18312485143542 650.76646509766579 732.14144461601973 461.2465980052948 54.896337449550629 104.90770715475082 188.47179467976093 108.36486455053091 202.36523327231407
leaf_count=5442 2511 1829 18758 1081 6419 8310 3432 3732 4658 230 449 817 1374 833
internal_value=0 0.0100647 -0.0198036 0.00762121 0.00565257 -0.0245035 0.00889834 0.00540029 -0.00819006 0.0214341 0.0281656 0.0156461 -0.029028 0.0243401
internal_weight=0 4672.71 2468.38 4118.21 3605.72 1756.45 2461.6 1622.36 711.923 512.483 554.503 839.238 1181.27 457.587
internal_count=59875 24264 35611 21986 19842 28442 13423 9174 7169 2144 2278 4249 20132 1914
is_linear=0
shrinkage=0.05


Tree=29
num_leaves=15
num_cat=0
split_feature=18 3 7 8 6 8 4 0 8 8 13 11 6 11
split_gain=547.879 72.6808 58.5877 43.3434 28.3728 23.7925 21.2663 17.017 15.6105 13.5351 13.21 11.7159 10.1145 8.9429
threshold=0.86830000000000018 61.500000000000007 0.11561 0.61685000000000012 0.86725000000000008 0.56645000000000012 4.5000000000000009 1601.5000000000002 0.26475000000000004 0.64095000000000013 0.019050000000000001 11.295650000000002 0.82375000000000009 10.918050000000003
decision_type=2 2 8 2 2 2 2 10 2 2 2 2 2 2
left_child=1 3 5 4 -1 7 -6 13 -4 -3 -10 -8 -5 -2
right_child=2 9 8 12 6 -7 11 -9 10 -11 -12 -13 -14 -15
leaf_value=0.0035128339321167778 -0.01810284815790934 0.024376902277700108 -0.014015528247961685 0.014094109529775495 0.00429848745999541 -0.0077187875928985674 0.021424827236794699 -0.031927891183063349 -0.0077187875928985674 0.049954754898897086 0.0035128339321167778 0.00429848745999541 0.024376902277700108 -0.029725255220287097
leaf_weight=2819.3455137908459 614.52854073047638 489.14726042747498 429.50808744877577 285.98926921188831 328.21429479122162 114.48367010802031 446.93003802001476 700.93020798638463 163.86642644926906 58.236256614327431 170.80350217595696 34.225377663969994 225.29795975983143 231.71653734147549
leaf_count=16005 10084 1997 4737 1207 1637 1410 2115 12148 1678 255 1745 166 925 3812
internal_value=0 0.0100763 -0.0191905 0.00780826 0.00588431 -0.0244584 0.0141305 -0.0261414 -0.00771879 0.0271843 0.000379991 0.0208145 0.0214248 -0.0213166
internal_weight=0 4687.39 2425.84 4140 3628.72 1661.66 809.37 1547.18 764.178 547.384 334.67 481.155 511.287 846.245
internal_count=59921 24307 35614 22055 19923 27454 3918 26044 8160 2252 3423 2281 2132 13896
is_linear=0
shrinkage=0.05


Tree=30
num_leaves=15
num_cat=0
split_feature=18 0 0 9 6 8 14 8 8 14 0 11 11 11
split_gain=493.412 66.4074 59.7802 45.1887 33.1247 26.1816 19.6341 16.8145 15.0017 14.1818 13.8418 13.5033 10.1005 7.9895
threshold=1.0251500000000002 852.50000000000011 1449.5000000000002 0.49385000000000007 0.87085000000000012 0.37875000000000009 39.500000000000007 0.57565000000000011 0.78955000000000009 113.50000000000001 1226.5000000000002 10.275450000000001 10.956350000000002 10.922950000000002
decision_type=2 10 10 2 2 2 2 2 2 2 10 2 2 2
left_child=1 7 13 4 6 -4 10 9 -5 -1 12 -8 -3 -2
right_child=2 3 5 8 -6 -7 11 -9 -10 -11 -12 -13 -14 -15
leaf_value=0.014645851222988872 -0.0088613918619856735 0.0027148725291641085 -0.02997287745175687 0.014645851222988872 0.01342260687207336 -0.015524863315926202 0.01342260687207336 0.037615367957495843 0.035716206513591801 0.028806307407669991 -0.0088613918619856735 0.0027148725291641085 -0.0088613918619856735 -0.015524863315926202
leaf_weight=329.029531724751 671.98609967157245 578.80900200456381 956.15682788565755 731.59723237156868 720.62556019425392 472.08701777458191 277.25471875071526 158.02348184585571 95.330329969525337 232.06587342917919 349.35711977258325 1069.4080948382616 189.49931529164314 248.81820651516318
leaf_count=1473 7669 3321 17414 3486 3473 7149 1512 662 386 975 2440 5903 1132 2864
internal_value=0 0.00921918 -0.0188089 0.00670769 0.00400103 -0.0252115 0.00124161 0.0232017 0.0171151 0.0190827 -0.00365552 0.00530569 0.000330547 -0.00886139
internal_weight=0 4731 2349.05 4011.88 3184.95 1428.24 2464.33 719.119 826.928 561.095 1117.67 1346.66 768.308 920.804
internal_count=59859 24763 35096 21653 17781 24563 14308 3110 3872 2448 6893 7415 4453 10533
is_linear=0
shrinkage=0.05


Tree=31
num_leaves=15
num_cat=0
split_feature=17 0 16 9 8 8 11 7 8 9 13 6 0 0
split_gain=445.915 60.0986 57.6119 42.9924 26.2199 20.9398 19.3629 16.8042 16.5978 11.4283 10.8421 9.88653 12.8043 9.33623
threshold=0.12675000000000003 1404.5000000000002 0.028650000000000005 0.31155000000000005 0.48775000000000007 0.66195000000000015 10.578050000000001 0.11561 0.61685000000000012 0.48405000000000004 0.23635000000000003 0.84995000000000009 1172.5000000000002 922.50000000000011
decision_type=2 10 2 2 2 2 2 8 2 2 2 2 10 10
left_child=2 9 3 11 10 6 7 -5 -4 -2 -3 12 -1 -10
right_child=1 4 8 5 -6 -7 -8 -9 13 -11 -12 -13 -14 -15
leaf_value=0.0022317530621722903 -0.006716742049816208 -0.026954308651504128 0.018677872750356699 0.0043137356758860892 -0.006716742049816208 0.020886258686208106 0.0043137356758860892 0.018677872750356699 0.047799352094689884 0.0043137356758860892 -0.006716742049816208 0.0043137356758860892 -0.006716742049816208 0.020886258686208106
leaf_weight=690.8981221690774 612.5359542183578 1306.8319324739277 701.32022912055254 248.59822309017181 193.03206508606672 315.8198706805706 1088.8712240830064 626.60187438875437 81.80422542989254 175.88482739776373 31.754540458321571 415.05259768664837 525.30394257232547 33.540821507573128
leaf_count=4017 6702 23720 3057 1428 2655 1316 5634 2964 350 1691 398 2199 3598 140
internal_value=0 -0.0179445 0.00881441 0.00628906 -0.023716 0.0107217 0.0087708 0.0143048 0.0208863 -0.00671674 -0.0261996 9.103e-05 -0.00233703 0.0385254
internal_weight=0 2320.04 4727.81 3911.15 1531.62 2279.89 1964.07 875.2 816.665 788.421 1338.59 1631.25 1216.2 115.345
internal_count=59869 35166 24703 21156 26773 11342 10026 4392 3547 8393 24118 9814 7615 490
is_linear=0
shrinkage=0.05


Tree=32
num_leaves=15
num_cat=0
split_feature=0 14 3 8 8 8 11 13 6 11 4 8 0 11
split_gain=419.869 98.9921 50.1948 36.7157 31.6705 29.5304 20.543 16.8435 16.4326 16.0421 10.0101 9.77107 8.66437 9.98626
threshold=1387.5000000000002 39.500000000000007 61.500000000000007 0.48775000000000007 0.29005000000000009 0.66195000000000015 10.897050000000002 0.12385 0.84575000000000011 10.587150000000001 3.5000000000000004 0.64095000000000013 1601.5000000000002 9.9174000000000024
decision_type=10 2 2 2 2 2 2 2 2 2 2 2 10 2
left_child=1 4 5 7 -1 6 8 12 -3 -6 -10 13 -2 -4
right_child=3 2 11 -5 9 -7 -8 -9 10 -11 -12 -13 -14 -15
leaf_value=-0.0094561265552453866 -0.022804881765951978 0.0083068095304274815 0.047981537791909612 -0.0040675712115887655 0.0082772813927970545 0.027521568094186894 0.0030394136724511294 -0.0094561265552453866 0.0083068095304274815 -0.0011644176231427597 0.022848055588212058 0.047981537791909612 -0.031178092674542419 0.02303386508779999
leaf_weight=701.80825501680374 655.39761060476303 1092.188606262207 25.005466818809509 243.20974894613028 809.88094042614102 207.6897214949131 618.17730540037155 134.38180858641863 42.661540329456329 1010.0602014474571 389.90790060162544 52.47315776348114 620.61034740507603 423.14775615930557
leaf_count=6717 11834 5862 102 2929 4756 851 3291 1749 211 6106 1788 238 11740 1730
internal_value=0 0.00677646 0.0131573 -0.0220284 -0.000440492 0.0100877 0.00833374 -0.0251205 0.0115865 0.00303941 0.0198291 0.0275216 -0.0268986 0.0250245
internal_weight=0 5373 2851.25 1653.6 2521.75 2350.63 2142.94 1410.39 1524.76 1819.94 432.569 500.626 1276.01 448.153
internal_count=59904 31652 14073 28252 17579 12003 11152 25323 7861 10862 1999 2070 23574 1832
is_linear=0
shrinkage=0.05


Tree=33
num_leaves=15
num_cat=0
split_feature=18 3 9 7 8 14 7 11 9 0 9 0 9 0
split_gain=413.705 57.4106 41.8378 41.7698 21.1792 18.8326 16.329 16.2505 12.9795 12.0451 10.441 10.0483 8.57057 8.30198
threshold=1.0045500000000003 60.500000000000007 0.42615000000000008 0.11561 0.55815000000000015 39.500000000000007 0.11561 10.587150000000001 0.48195000000000005 1211.5000000000002 0.31755000000000005 1601.5000000000002 0.51895000000000013 823.50000000000011
decision_type=2 2 2 8 2 2 8 2 2 10 2 10 2 10
left_child=1 2 5 4 11 9 -4 -8 -5 -1 -3 -2 -6 -9
right_child=3 10 6 8 12 -7 7 13 -10 -11 -12 -13 -14 -15
leaf_value=0.0017403481965792011 -0.020647128459833974 0.015786482611378667 0.0059692953239729226 -0.0082155074863134395 -0.013174293266590191 0.0059692953239729226 0.022793283565370061 0.022793283565370061 0.0055548871973044598 -0.0082155074863134395 0.029498943538252637 -0.029276589751710581 0.0055548871973044598 0.0082500947040801183
leaf_weight=693.89962412416935 767.54654114693403 270.00736874341965 394.12734977528453 568.52441669628024 76.04064130038023 1534.3522704839706 489.01503311097622 62.509575389325619 170.47825687378645 472.28358462080359 295.65600591897964 626.40484149381518 41.700142025947571 525.06971453130245
leaf_count=4015 13640 1095 2080 6435 972 8304 2160 266 1667 2993 1247 12015 523 2396
internal_value=0 0.00805825 0.00602793 -0.0179729 -0.0227343 0.00233076 0.0128105 0.0160606 -0.00821551 -0.0024575 0.022993 -0.0245432 -0.00821551 0.0104282
internal_weight=0 4736.92 4171.26 2250.69 1511.69 2700.54 1470.72 1076.59 739.003 1166.18 565.663 1393.95 117.741 587.579
internal_count=59808 24556 22214 35252 27150 15312 6902 4822 8102 7008 2342 25655 1495 2662
is_linear=0
shrinkage=0.05


Tree=34
num_leaves=15
num_cat=0
split_feature=18 6 0 4 8 8 12 9 12 14 13 0 9 17
split_gain=365.506 60.0492 46.1857 33.6113 24.1474 20.802 22.3372 14.5729 13.923 10.6575 8.35676 8.71992 6.80654 6.26752
threshold=1.0045500000000003 0.84995000000000009 1522.5000000000002 3.5000000000000004 0.61685000000000012 0.52855000000000008 29.500000000000004 0.51515000000000011 113.50000000000001 47.500000000000007 0.028850000000000004 1217.5000000000002 0.10955000000000002 0.098850000000000007
decision_type=2 2 10 2 2 2 2 2 2 2 2 10 2 2
left_child=1 -1 5 -3 8 6 -2 -4 12 -6 -8 -12 -5 -13
right_child=2 3 7 4 9 -7 10 -9 -10 -11 11 13 -14 -15
leaf_value=0.0040207908343685081 0.0040207908343685081 0.0040207908343685081 -0.027382023753418895 0.0040207908343685081 0.020067050105486192 0.0040207908343685081 -0.014979039864950375 -0.014979039864950375 0.0040207908343685081 0.044058194066837253 0.0040207908343685081 0.0040207908343685081 0.019802511229057147 -0.014979039864950375
leaf_weight=3377.0746640004218 136.46084101498127 142.73280300199986 868.486173607409 48.756281331181526 76.87939079105854 88.228966072201729 813.90938125923276 159.81530770286918 151.89549647271633 127.05850972235203 33.698586754500866 21.312879379838705 840.27552519738674 101.7059818059206
leaf_count=18289 1493 692 16717 246 316 919 11508 2661 760 542 350 271 3794 1435
internal_value=0 0.00762116 -0.0169245 0.0163744 0.0194336 -0.0102276 -0.0122926 -0.0246917 0.0163224 0.0351562 -0.014979 -0.00340809 0.0187273 -0.0116666
internal_weight=0 4764.67 2223.62 1387.6 1244.87 1195.32 1107.09 1028.3 1040.93 203.938 970.627 156.717 889.032 123.019
internal_count=59993 24639 35354 6350 5658 15976 15057 19378 4800 858 13564 2056 4040 1706
is_linear=0
shrinkage=0.05


Tree=35
num_leaves=15
num_cat=0
split_feature=0 14 3 9 9 13 9 11 11 7 6 6 6 13
split_gain=314.847 69.3226 36.8735 31.8604 29.0531 19.4005 18.537 16.662 13.3822 12.1752 10.1863 10.0487 9.31193 8.34899
threshold=1387.5000000000002 39.500000000000007 60.500000000000007 0.36685000000000006 0.45645000000000008 0.12825000000000003 0.26845000000000008 10.713350000000002 11.091450000000002 0.11561 0.84995000000000009 0.84995000000000009 0.84995000000000009 0.019050000000000001
decision_type=10 2 2 2 2 2 2 2 2 10 2 2 2 2
left_child=1 3 6 9 5 -2 -3 12 10 -1 -8 -4 13 -5
right_child=4 2 11 7 -6 -7 8 -9 -10 -11 -12 -13 -14 -15
leaf_value=-0.0091466503445698562 -0.026449558031139561 0.0019288136700648601 0.016449587927582925 -0.0011734483590138194 -0.0091466503445698562 -0.0091466503445698562 0.010662477880614874 -0.0011734483590138194 0.0019288136700648601 -0.0011734483590138194 0.020363472325879463 0.030589435254389605 0.020363472325879463 0.010662477880614874
leaf_weight=697.62059136480093 1011.1615874990821 784.79277355968952 278.80415819585323 128.238948199898 448.97103641927242 105.64607547968626 929.4865065664053 536.84152868390083 262.0653800368309 618.64499958977103 376.31310802698135 235.89832255244255 106.43306198716164 430.34304220974445
leaf_count=6441 19590 4475 1152 1052 7222 1420 4569 3465 1283 3519 1611 988 453 2662
internal_value=0 0.00554932 0.010864 -0.000504356 -0.0199165 -0.0242341 0.00820536 0.00537906 0.0113438 -0.0058764 0.0134189 0.0229769 0.0106625 0.00793962
internal_weight=0 5385.48 2867.36 2518.12 1565.78 1116.81 2352.66 1201.86 1567.86 1316.27 1305.8 514.702 665.015 558.582
internal_count=59902 31670 14078 17592 28232 21010 11938 7632 7463 9960 6180 2140 4167 3714
is_linear=0
shrinkage=0.05


Tree=36
num_leaves=15
num_cat=0
split_feature=0 8 6 8 11 11 8 18 17 14 12 11 8 0
split_gain=293.335 73.3072 38.7356 29.5941 22.3913 20.3764 18.6333 16.4242 11.9046 11.7083 10.3284 8.61114 8.52026 8.4097
threshold=1387.5000000000002 0.35285000000000005 0.84995000000000009 0.48775000000000007 10.194250000000002 10.578050000000001 0.61685000000000012 0.24325000000000002 0.33755000000000007 52.500000000000007 78.500000000000014 11.002550000000001 0.28845000000000004 1741.5000000000002
decision_type=10 2 2 2 2 2 2 2 2 2 2 2 2 10
left_child=1 4 5 13 -1 9 11 -6 -5 -3 -8 -4 -9 -2
right_child=3 2 6 8 7 -7 10 12 -10 -11 -12 -13 -14 -15
leaf_value=0.0054559519252559141 -0.02265636643665786 0.0055323647579055835 0.014174931694929402 0.0013985907125903978 0.0013985907125903978 0.0013985907125903978 0.037725056490128417 -0.013257835119872647 -0.02265636643665786 0.013478817881547131 0.014174931694929402 0.0039142179878071835 -0.0037071552450266168 -0.035373803986227213
leaf_weight=276.03818761184812 1172.8464444056153 624.60889963433146 757.02655148506165 193.16275592893362 390.04843424260616 1383.2262080833316 140.44773107767105 633.92375020310283 42.427282698452473 491.41921149194241 72.012827441096306 209.84072855114937 370.97856181487441 132.16724576056004
leaf_count=2114 22591 3469 3398 2320 2275 7394 603 5979 621 2285 293 972 2724 2764
internal_value=0 0.0050401 0.00898419 -0.0197138 -0.00364275 0.00545595 0.0164503 -0.00634568 -0.00338714 0.010479 0.0298466 0.0134788 -0.00973921 -0.0226564
internal_weight=0 5349.57 3678.58 1540.6 1670.99 2499.25 1179.33 1394.95 235.59 1116.03 212.461 966.867 1004.9 1305.01
internal_count=59802 31506 18414 28296 13092 13148 5266 10978 2941 5754 896 4370 8703 25355
is_linear=0
shrinkage=0.05


Tree=37
num_leaves=15
num_cat=0
split_feature=0 8 3 8 8 10 6 12 4 0 0 8 4 17
split_gain=269.944 63.6118 31.8854 31.1281 24.6372 18.4394 18.2473 15.0521 13.9445 12.6564 11.5399 9.6021 9.37568 7.22658
threshold=1387.5000000000002 0.36625000000000008 61.500000000000007 0.56235000000000013 0.67395000000000016 30.000000000000004 0.89295000000000013 18.500000000000004 3.5000000000000004 1667.5000000000002 1601.5000000000002 0.59125000000000016 3.5000000000000004 0.33925000000000005
decision_type=10 2 2 2 2 2 2 2 2 8 10 2 2 2
left_child=1 5 4 10 6 -1 -3 -7 -8 -5 -2 -4 -6 -9
right_child=3 2 11 9 12 7 8 13 -10 -11 -12 -13 -14 -15
leaf_value=-0.011122071286704633 -0.016716874949759038 0.0041534078714409017 0.017769486667400199 0.012495289422886347 0.012495289422886347 0.0041534078714409017 0.0041534078714409017 -0.0013156109072551124 0.017517043289592416 -0.02083435091807688 -0.026002246021950077 0.035667256422273461 0.02763400615899321 -0.011122071286704633
leaf_weight=439.77046471089125 767.75860892608762 2195.6177181564271 355.2140831053257 105.27909994870424 133.77979768812656 557.63135230541229 66.756642699241638 641.52221416309476 496.77930815517902 31.434432409703732 607.47031210362911 96.260009348392487 191.60559611022472 202.44075063616037
leaf_count=3519 14048 11661 1449 1139 605 3366 310 5067 2223 434 12651 448 785 2212
internal_value=0 0.00533315 0.00925664 -0.0185736 0.00743536 -0.00220213 0.00589613 0.000602569 0.0139353 0.00415341 -0.0208344 0.0216559 0.0204294 -0.00393884
internal_weight=0 5377.38 3536.01 1511.94 3084.54 1841.36 2759.15 1401.59 563.536 136.714 1375.23 451.474 325.385 843.963
internal_count=59917 31645 17481 28272 15584 14164 14194 10645 2533 1573 26699 1897 1390 7279
is_linear=0
shrinkage=0.05


Tree=38
num_leaves=15
num_cat=0
split_feature=17 6 0 4 9 12 9 11 8 8 11 9 12 9
split_gain=246.719 42.3353 38.3733 29.331 22.6692 17.1439 14.0563 14.0368 11.4772 11.4744 10.9453 9.37368 8.01045 9.00303
threshold=0.10755000000000002 0.84995000000000009 1601.5000000000002 4.5000000000000009 0.29775000000000007 28.500000000000004 0.11525000000000001 10.704350000000002 0.71395000000000008 0.58005000000000007 10.488250000000003 0.53985000000000005 8.5000000000000018 0.27445000000000003
decision_type=2 2 10 2 2 2 2 2 2 2 2 2 2 2
left_child=1 6 4 5 10 -3 -1 -6 -5 -9 -2 -4 -8 -14
right_child=2 3 11 8 7 -7 12 9 -10 -11 -12 -13 13 -15
leaf_value=-0.010490172477629858 -0.010490172477629858 0.01876007194409943 -0.027219104360680303 0.01876007194409943 0.00045419249922228278 0.002906841217912434 0.01158444991991449 -0.015411267643033494 0.041948932350102608 0.00045419249922228278 -0.023162545455414341 -0.015411267643033494 -0.0021613647801636058 0.002906841217912434
leaf_weight=194.83881765604019 216.24660482630134 90.286611109972 574.14286939799786 831.02720846235752 497.31941833347082 408.53893303871155 293.77370758354664 366.48018564656377 53.014877781271935 39.68006844073534 365.9874972216785 63.715007033199072 875.61186383664608 2006.2331446185708
leaf_count=1222 3440 400 12130 3722 7005 1956 1531 5356 232 421 5959 1120 5286 10169
internal_value=0 0.00593112 -0.014564 0.0132947 -0.0101484 0.00359067 0.00290684 -0.00518089 0.0187601 -0.0120649 -0.0178347 -0.0248169 0.00290684 0.00290684
internal_weight=0 4753.33 2123.57 1382.87 1485.71 498.826 3370.46 903.48 884.042 406.16 582.234 637.858 3175.62 2881.85
internal_count=59949 24518 35431 6310 22181 2356 18208 12782 3954 5777 9399 13250 16986 15455
is_linear=0
shrinkage=0.05


Tree=39
num_leaves=15
num_cat=0
split_feature=18 0 0 9 11 11 9 9 9 11 8 0 9 0
split_gain=232.004 39.9249 36.1134 29.262 20.0744 17.6185 17.5622 15.8004 12.9887 10.9769 9.88096 8.50654 7.25294 7.17899
threshold=1.0251500000000002 852.50000000000011 1592.5000000000002 0.50375000000000014 11.274050000000001 10.194250000000002 0.28185000000000004 0.27445000000000003 0.53985000000000005 10.300150000000002 0.78955000000000009 1202.5000000000002 0.54715000000000014 694.50000000000011
decision_type=2 10 10 2 2 2 2 2 2 2 2 8 2 8
left_child=1 7 5 4 9 -2 -7 -1 -4 11 -5 -3 -8 -9
right_child=2 3 8 10 -6 6 12 13 -10 -11 -12 -13 -14 -15
leaf_value=0.0073200839681403472 0.002949685948280253 0.010538507571973922 -0.026391479638154604 0.010538507571973922 -0.0096761338242439265 -0.02057596843707506 -0.0096761338242439265 0.047459980897295861 -0.0096761338242439265 0.0013271879607908918 0.02274640403080801 0.002949685948280253 0.002949685948280253 0.02274640403080801
leaf_weight=270.80501336604357 230.82032170146704 468.80133055150509 589.85465487837791 667.94164738431573 270.27534717693925 429.81957287713885 649.47719608992338 29.232578709721565 66.637916509062052 2286.0988239049911 87.142131760716438 294.35007270798087 104.15140061080456 404.0806111395359
leaf_count=1195 3391 2434 12738 3121 1540 7086 9483 124 1182 12614 357 1684 1348 1735
internal_value=0 0.0058463 -0.0141864 0.0039442 0.00192161 -0.00967613 -0.0121391 0.0168322 -0.0238731 0.00308748 0.0128217 0.00732008 -0.00967613 0.0227464
internal_weight=0 4778.73 2070.76 4074.61 3319.53 1414.27 1183.45 704.118 656.493 3049.25 755.084 763.151 753.629 433.313
internal_count=60032 24804 35228 21750 18272 21308 17917 3054 13920 16732 3478 4118 10831 1859
is_linear=0
shrinkage=0.05


Tree=40
num_leaves=15
num_cat=0
split_feature=0 6 8 11 8 13 0 3 11 18 14 13 12 18
split_gain=211.367 47.0896 27.1194 26.3025 27.3387 14.3826 13.738 10.3672 8.70145 8.07066 7.87368 7.53312 7.28513 6.74072
threshold=1387.5000000000002 0.84995000000000009 0.48775000000000007 10.269050000000002 0.35715000000000002 0.12385 1157.5000000000002 60.500000000000007 10.604250000000002 2.0238500000000004 39.500000000000007 0.058950000000000009 94.500000000000014 0.15085000000000001
decision_type=10 2 2 2 2 2 10 2 2 2 2 2 2 2
left_child=1 3 5 6 -5 8 -1 -3 -2 -4 -9 -12 -10 -13
right_child=2 7 9 4 -6 -7 -8 10 12 -11 11 13 -14 -15
leaf_value=0.012825334182944416 -0.016757115885369416 0.012825334182944416 0.0035717238162359896 -0.0059580198862672117 0.0035717238162359896 -0.0059580198862672117 0.0035717238162359896 0.012825334182944416 -0.019834441135271465 -0.0059580198862672117 0.012825334182944416 0.038849444522915944 -0.031162919021954928 0.020598961164911139
leaf_weight=526.90928949415684 503.55037876963615 1085.6679421961308 126.3292981646955 1216.8415500372648 1968.9408926926553 122.73591978475451 324.86961704865098 25.130193278193474 280.33803085610271 103.68590259552002 20.091414213180542 110.90257667005062 307.27396232262254 100.90833319723606
leaf_count=3359 10813 4999 1396 10043 10314 1745 1897 105 6032 1553 87 473 6693 430
internal_value=0 0.00471748 -0.016821 0.00201868 -6.89847e-05 -0.0198015 0.00981779 0.0128253 -0.0216467 -0.00107342 0.0228793 0.0268686 -0.0258012 0.0302924
internal_weight=0 5380.26 1443.91 4037.56 3185.78 1213.9 851.779 1342.7 1091.16 230.015 257.033 231.902 587.612 211.811
internal_count=59939 31707 28232 25613 20357 25283 5256 6094 23538 2949 1095 990 12725 903
is_linear=0
shrinkage=0.05


Tree=41
num_leaves=15
num_cat=0
split_feature=0 14 3 9 11 18 6 9 12 9 0 9 17 11
split_gain=186.149 45.7639 24.2259 22.5016 21.4043 20.0584 13.8766 12.1568 11.8837 9.38067 8.89961 8.51947 10.5959 7.69349
threshold=1387.5000000000002 39.500000000000007 61.500000000000007 0.29385000000000006 10.243150000000002 2.4894500000000002 0.77055000000000007 0.50925000000000009 110.50000000000001 0.11525000000000001 1674.5000000000002 0.16955000000000003 -0.015349999999999997 10.502850000000002
decision_type=10 2 2 2 2 2 2 2 2 2 8 2 2 2
left_child=1 4 7 -2 -1 10 9 -3 -8 -6 -5 -4 -13 -12
right_child=3 2 11 5 6 -7 8 -9 -10 -11 13 12 -14 -15
leaf_value=0.0064892075475959966 -0.023998750948180218 0.0064892075475959966 0.0064892075475959966 -0.0023108603062735357 -0.023140046988793312 -0.021606726209590532 0.0064892075475959966 0.014984350182287616 -0.0056199912245315934 -0.0056199912245315934 -0.0023108603062735357 0.028253729056484302 0.014984350182287616 -0.021606726209590532
leaf_weight=492.51660570502281 547.8421623557806 1985.0042875111103 90.876631915569305 451.25319188460708 75.735171891748905 296.73239131644368 492.89780090749264 420.71463882923126 143.35527101159096 1301.5701913572848 49.992998365312815 258.58057080209255 137.19331789016724 77.289605736732483
leaf_count=3327 11895 10243 367 7645 705 6033 2435 1851 721 10407 1054 1101 584 1630
internal_value=0 0.00426846 0.00855249 -0.0160532 -0.000677368 -0.0110583 -0.00302389 0.00648921 0.00308605 -0.00561999 -0.00561999 0.018718 0.0219028 -0.0172423
internal_weight=0 5398.44 2892.37 1423.11 2506.08 875.268 2013.56 2405.72 636.253 1377.31 578.536 486.651 395.774 127.283
internal_count=59998 31741 14146 28257 17595 16362 14268 12094 3156 11112 10329 2052 1685 2684
is_linear=0
shrinkage=0.05


Tree=42
num_leaves=15
num_cat=0
split_feature=0 8 8 14 11 8 3 18 0 11 8 13 17 11
split_gain=189.378 44.466 25.3892 23.5954 18.7707 17.8989 16.9587 12.7211 11.8226 8.51846 7.83543 6.66615 6.24653 6.0575
threshold=1387.5000000000002 0.41705000000000009 0.37065000000000003 47.500000000000007 10.695050000000002 0.81815000000000004 60.500000000000007 0.41855000000000003 1636.5000000000002 10.876450000000002 0.62415000000000009 0.018050000000000004 0.31255000000000005 10.079500000000001
decision_type=10 2 2 2 2 2 2 2 8 2 2 2 2 2
left_child=1 4 12 13 11 6 9 -6 10 -5 -4 -1 -2 -3
right_child=2 3 8 5 7 -7 -8 -9 -10 -11 -12 -13 -14 -15
leaf_value=-0.00049781128744285188 -0.019092798734014232 0.011463018966904244 -0.0081970902774054413 0.011463018966904244 -0.00049781128744285188 0.037186941136830409 0.021742111892806365 -0.0081970902774054413 -0.019092798734014232 0.0035039103013832155 0.0035039103013832155 0.0035039103013832155 -0.028342329314061384 0.0035039103013832155
leaf_weight=228.9891992919147 582.88771436735988 149.62083551287651 321.61270816624165 802.34218309819698 685.37980214506388 69.771706953644753 310.92054241895676 469.56734581291676 171.40929143503308 346.23765985667706 66.175057798624039 1155.604070276022 266.15752508118749 1190.1989535950124
leaf_count=2113 12895 725 5129 3573 3975 298 1338 4526 3272 1586 718 7683 6330 5995
internal_value=0 0.00408793 -0.0164906 0.00835207 -0.000730938 0.0125945 0.0113942 -0.00543515 -0.00819709 0.0085766 -0.00334427 0.00319413 -0.0219368 0.00350391
internal_weight=0 5408.63 1408.24 2869.09 2539.54 1529.27 1459.5 1154.95 559.197 1148.58 387.788 1384.59 849.045 1339.82
internal_count=60156 31812 28344 13515 18297 6795 6497 8501 9119 5159 5847 9796 19225 6720
is_linear=0
shrinkage=0.05


Tree=43
num_leaves=15
num_cat=0
split_feature=0 8 7 8 11 12 17 18 18 8 0 9 0 0
split_gain=165.607 37.7829 31.2673 22.1609 18.4707 20.4259 14.7945 12.7703 12.141 10.609 12.4009 8.785 8.4238 7.94342
threshold=1387.5000000000002 0.71395000000000008 0.11561 0.36915000000000003 10.886950000000002 52.500000000000007 0.045850000000000009 2.4288000000000003 2.4427000000000008 0.71395000000000008 1145.5000000000002 0.10145000000000003 1655.5000000000002 1633.5000000000002
decision_type=10 2 10 2 2 2 2 2 2 2 10 2 8 10
left_child=1 2 8 13 5 11 -3 9 10 -5 -1 -4 -11 -2
right_child=3 6 4 7 -6 -7 -8 -9 -10 12 -12 -13 -14 -15
leaf_value=-3.0441236512206394e-05 -0.01865314643640768 0.029946872177353014 0.00056748946174633151 -0.0057174297648791422 -3.0441236512206394e-05 0.00056748946174633151 0.011191564556160036 -0.01865314643640768 -0.010963391101702864 0.042045615301291063 -0.0057174297648791422 0.011191564556160036 -0.0057174297648791422 -0.027635834643699477
leaf_weight=945.11968948692083 532.88371977210045 196.06830148398876 63.638529598712921 340.57459564879537 953.18462041392922 624.560936242342 65.123322241008282 183.3855131752789 331.52979605272412 26.133959829807281 614.47893247753382 1577.8340203762054 7.4173289537429801 296.48385245352983
leaf_count=6913 11727 834 338 5377 4779 3105 299 3441 3660 260 4115 7552 107 7435
internal_value=0 0.00376287 0.00281252 -0.0156116 0.00580948 0.00826491 0.0222752 -0.0078824 -0.00228949 -0.00256725 -0.000439797 0.0111916 0.0111916 -0.0207916
internal_weight=0 5371.54 5110.35 1386.88 3219.22 2266.03 261.192 557.511 1891.13 374.126 1559.6 1641.47 33.5513 829.368
internal_count=59942 31595 30462 28347 15774 10995 1133 9185 14688 5744 11028 7890 367 19162
is_linear=0
shrinkage=0.05


Tree=44
num_leaves=15
num_cat=0
split_feature=0 14 8 13 15 9 6 13 16 0 12 9 8 9
split_gain=144.122 36.4414 26.8712 20.324 17.971 16.605 11.5146 10.1262 8.78498 7.81337 8.43338 7.20849 6.38601 5.66355
threshold=1387.5000000000002 39.500000000000007 0.62415000000000009 0.12385 3.5000000000000004 0.50375000000000014 0.89295000000000013 0.021750000000000002 0.038350000000000002 1636.5000000000002 95.500000000000014 0.36685000000000006 0.90725000000000011 0.27655000000000007
decision_type=10 2 2 2 2 2 2 2 2 10 2 2 2 2
left_child=1 7 4 5 6 9 13 -1 -6 10 -2 -9 -4 -3
right_child=3 2 12 -5 8 -7 -8 11 -10 -11 -12 -13 -14 -15
leaf_value=-0.0050430332580984737 -0.010203882832148056 -0.00090370388133367667 0.02072291578464746 -0.00090370388133367667 0.011516535844271682 -0.0050430332580984737 0.011516535844271682 -0.00090370388133367667 0.02072291578464746 -0.025584680996590406 -0.021906154172267003 0.0021645064075859091 0.044108639298903102 0.0044517029223390707
leaf_weight=825.80424098670483 301.85544238984585 700.93291938304901 302.56565487384796 135.16558076068759 168.28639298677444 241.54079950973392 403.14828431606293 862.53845478594303 186.73358869552612 360.52110928669572 320.21970531344414 810.12279419973493 28.977509573101997 1076.4266791939735
leaf_count=6659 6291 3986 1301 1926 704 4286 1819 6162 783 8822 6912 4766 128 5278
internal_value=0 0.00351043 0.00735603 -0.0147107 0.00560071 -0.0168141 0.00389806 -0.000903704 0.0160179 -0.0196995 -0.0162532 0.00133891 0.0207229 0.00216451
internal_weight=0 5365.54 2867.07 1359.3 2535.53 1224.14 2180.51 2498.47 355.02 982.596 622.075 1672.66 331.543 1777.36
internal_count=59823 31586 13999 28237 12570 26311 11083 17587 1487 22025 13203 10928 1429 9264
is_linear=0
shrinkage=0.05


Tree=45
num_leaves=15
num_cat=0
split_feature=18 7 0 9 16 11 9 6 4 0 18 9 11 9
split_gain=115.926 30.8221 23.6724 21.9462 16.5325 14.9533 14.6548 10.7467 12.3215 10.2056 9.80583 8.34232 8.34562 5.74815
threshold=1.2408500000000002 0.11561 1522.5000000000002 0.42615000000000008 0.058050000000000011 10.002750000000002 0.31355000000000005 0.88385000000000014 4.5000000000000009 852.50000000000011 2.5025500000000007 0.52085000000000015 10.143350000000002 0.57175000000000009
decision_type=2 8 10 2 2 2 2 2 2 10 2 2 2 2
left_child=1 -1 6 4 5 -3 12 -7 -9 -5 11 -4 -2 -12
right_child=2 3 10 9 -6 7 -8 8 -10 -11 13 -13 -14 -15
leaf_value=-0.0031319935155135099 -0.0031319935155135099 0.011290430238340927 -0.016214942928073354 0.022135260751117467 0.011290430238340927 -0.0019872409235717424 -0.0031319935155135099 -0.0019872409235717424 0.011290430238340927 0.011290430238340927 -0.026010675721026222 -0.0031319935155135099 -0.016214942928073354 -0.0031319935155135099
leaf_weight=1255.7311072163284 61.958180628716946 167.30237446725368 378.52779941633344 217.02076758444309 247.5389746427536 1421.0265134312212 614.49329445883632 209.95266608893871 352.75757436454296 1041.3280108496547 306.10650755092502 69.547428205609322 372.91561062261462 9.6550058685243112
leaf_count=9455 911 851 8859 966 1079 7686 8159 1040 1622 4652 7257 1280 5954 179
internal_value=0 0.00362472 -0.0111648 0.00594509 0.00313727 0.00162683 -0.0062811 0.000328835 0.00617083 0.0112904 -0.017857 -0.0135231 -0.0135231 -0.0246281
internal_weight=0 4912.66 1813.2 3656.93 2398.58 2151.04 1049.37 1983.74 562.71 1258.35 763.837 448.075 434.874 315.762
internal_count=59950 27351 32599 17896 12278 11199 15024 10348 2662 5618 17575 10139 6865 7436
is_linear=0
shrinkage=0.05


Tree=46
num_leaves=15
num_cat=0
split_feature=0 15 8 11 8 8 16 8 11 13 0 0 0 9
split_gain=117.498 31.4204 27.6821 24.7207 20.2711 15.4612 12.8664 10.5017 10.4437 10.1059 9.50243 6.98207 7.9708 6.76172
threshold=1409.5000000000002 3.5000000000000004 0.61685000000000012 10.281450000000001 0.36915000000000003 0.29005000000000009 0.054950000000000006 0.71395000000000008 11.021050000000002 0.082750000000000004 1655.5000000000002 1598.5000000000002 1211.5000000000002 0.16955000000000003
decision_type=10 2 2 2 2 2 2 2 2 2 8 10 10 2
left_child=1 2 3 9 11 12 -3 -6 13 -1 -9 -2 -5 -7
right_child=4 6 -4 5 7 8 -8 10 -10 -11 -12 -13 -14 -15
leaf_value=0.0040834414198752207 -0.014255472058600433 0.012828952848490192 0.012828952848490192 -0.0050311250310774679 -0.0081772208062372165 -0.0045440527335081889 0.028871020575148426 0.030970897293782745 -0.0045440527335081889 0.012828952848490192 -0.0081772208062372165 -0.023973759486884426 -0.014255472058600433 0.0034159395372196271
leaf_weight=646.17726664617658 402.2969669252634 307.44672648608685 543.20233897864819 608.97604502737522 444.49516830593348 198.62923893332481 141.9199146926403 34.100626543164253 724.06816885247827 336.35839157178998 12.640573315322397 353.15209807828069 110.81796270236373 1833.8862218596041
leaf_count=4116 9210 1304 2405 5643 8163 1124 604 402 4183 1849 189 9336 1110 10150
internal_value=0 0.00332233 0.00218296 0.000883437 -0.0136867 -0.00109628 0.0159722 -0.00576372 0.00060835 0.00788202 0.012829 -0.0188242 -0.00761628 0.00244519
internal_weight=0 5451.48 5002.12 4458.91 1246.69 3476.38 449.367 491.236 2756.58 982.536 46.7412 755.449 719.794 2032.52
internal_count=59788 32488 30580 28175 27300 22210 1908 8754 15457 5965 591 18546 6753 11274
is_linear=0
shrinkage=0.05


Tree=47
num_leaves=15
num_cat=0
split_feature=0 14 8 8 11 15 0 16 13 11 9 8 14 9
split_gain=113.215 28.5686 21.8342 20.4798 16.0409 14.2434 11.1409 8.54564 7.85133 7.89738 7.19313 5.27307 5.53196 5.0047
threshold=1381.5000000000002 39.500000000000007 0.61685000000000012 0.50665000000000016 9.8819500000000016 3.5000000000000004 1601.5000000000002 0.035650000000000008 0.029850000000000005 10.918050000000003 0.48605000000000004 0.78955000000000009 64.500000000000014 0.26845000000000008
decision_type=10 2 2 2 2 2 10 2 2 2 2 2 2 2
left_child=1 10 4 6 -3 13 8 -7 9 -2 -1 -4 -13 -6
right_child=3 2 11 -5 5 7 -8 -9 -10 -11 -12 12 -14 -15
leaf_value=-0.00047001042866389717 -0.0098843227611614213 0.01838250176970296 0.01838250176970296 -0.00047001042866389717 -0.00045624114399818016 0.004263566823162388 -0.021232021608347217 0.01838250176970296 -0.00047001042866389717 -0.021232021608347217 0.0026985480500184953 0.01838250176970296 0.040889458716497969 0.004263566823162388
leaf_weight=1927.8466181233525 397.58121171966195 120.11305713653564 265.12755189836025 203.83966547995806 787.44783362746239 142.16219824552536 478.95733808726072 189.69583669304848 114.81681198626757 148.63312228024006 564.28327303752303 39.36644721031189 53.659339085221291 1266.8456334173679
leaf_count=14087 8699 585 1147 2554 4358 595 12250 794 1731 3332 3412 166 241 6080
internal_value=0 0.00344488 0.00684993 -0.0127815 0.00519522 0.00425468 -0.0154207 0.0138505 -0.0111844 -0.0136895 -0.00047001 0.0183825 0.030374 0.00269855
internal_weight=0 5356.55 2864.42 1343.83 2506.26 2386.15 1139.99 331.858 661.031 546.214 2492.13 358.153 93.0258 2054.29
internal_count=60031 31465 13966 28566 12412 11827 26012 1389 13762 12031 17499 1554 407 10438
is_linear=0
shrinkage=0.05


Tree=48
num_leaves=15
num_cat=0
split_feature=0 14 9 9 6 11 13 11 11 11 11 17 17 0
split_gain=104.49 28.0005 20.3478 17.1489 15.6845 14.4117 11.5797 9.87271 9.85939 9.22348 7.41326 6.5606 6.39404 5.64349
threshold=1409.5000000000002 56.500000000000007 0.36685000000000006 0.45645000000000008 0.8367500000000001 10.293450000000002 0.12825000000000003 10.578050000000001 11.143050000000002 10.269050000000002 10.901550000000002 0.33585000000000004 0.064150000000000013 694.50000000000011
decision_type=10 2 2 2 2 2 2 2 2 2 2 2 2 10
left_child=1 2 5 6 9 -1 7 11 -4 12 13 -2 -3 -6
right_child=3 4 8 -5 10 -7 -8 -9 -10 -11 -12 -13 -14 -15
leaf_value=0.0039703383447491341 -0.0090372813954550189 0.01623601331449254 0.0040114525038668636 -0.0044468217150781383 0.037577935298308413 -0.0062792029969519561 -0.0062792029969519561 -0.024547764775981709 -0.0044468217150781383 0.0040114525038668636 0.0052901249094945389 -0.024547764775981709 0.0040114525038668636 0.01623601331449254
leaf_weight=402.82474922016263 256.14227417856455 213.35879619419575 1385.0858299471438 368.94075010344386 30.554395377635956 1355.340508941561 85.31406906992197 427.23691539093852 224.19367553293705 1058.7552006095648 219.65431740880013 81.137415051460266 53.702653646469116 502.06667377054691
leaf_count=2811 6268 1019 8245 6997 130 10024 1304 10747 1408 5349 983 2059 285 2220
internal_value=0 0.00272605 -9.08739e-05 -0.0134641 0.00728858 -0.00380832 -0.0173689 -0.0194912 0.00397034 0.00401145 0.0130512 -0.0130323 0.0130512 0.016236
internal_weight=0 5445.54 3367.44 1218.77 2078.09 1758.17 849.831 764.517 1609.28 1325.82 752.275 337.28 267.061 532.621
internal_count=59849 32474 22488 27375 9986 12835 20378 19074 9653 6653 3333 8327 1304 2350
is_linear=0
shrinkage=0.05


Tree=49
num_leaves=15
num_cat=0
split_feature=0 14 8 11 8 3 11 17 0 10 3 17 11 8
split_gain=94.542 28.2755 21.6062 20.9415 20.7879 11.1766 10.7005 9.98701 10.2748 7.33896 6.8349 6.01812 5.42089 5.32147
threshold=1381.5000000000002 38.500000000000007 0.36915000000000003 10.483350000000002 0.62415000000000009 61.500000000000007 10.861350000000002 0.35745000000000005 1738.5000000000002 54.000000000000007 64.500000000000014 0.39425000000000004 10.469950000000003 0.90725000000000011
decision_type=10 2 2 2 2 2 2 2 8 2 2 2 2 2
left_child=1 3 -2 11 5 6 9 8 12 -3 13 -1 -4 -6
right_child=2 4 7 -5 10 -7 -8 -9 -10 -11 -12 -13 -14 -15
leaf_value=0.0051586584260576041 -0.017365849566261544 0.0051586584260576041 0.0051586584260576041 -0.0043413442013734592 0.013273561470967725 0.013273561470967725 -0.0019964465975563978 -0.017365849566261544 -0.017365849566261544 0.013273561470967725 0.03602436562616055 -0.0043413442013734592 -0.0043413442013734592 0.03602436562616055
leaf_weight=846.84956555441022 755.80767421796918 1306.6111061424017 155.89925715699792 1526.0639427751303 259.31843109428883 426.0296747982502 667.76465253531933 68.209441963583231 38.957701839506626 186.21483585238457 45.952780991792679 57.479000348597765 288.10800971090794 25.93994602560997
leaf_count=5579 19180 6547 2474 10989 1085 1774 3520 1357 827 950 244 614 4660 115
internal_value=0 0.0031155 -0.0118807 -0.000867951 0.00643265 0.00515866 0.00515866 -0.00434134 -0.00434134 0.00561487 0.0182268 0.00515866 0.000936096 0.0152439
internal_weight=0 5348.22 1306.98 2430.39 2917.83 2586.62 2160.59 551.174 482.965 1492.83 331.211 904.329 444.007 285.258
internal_count=59915 31417 28498 17182 14235 12791 11017 9318 7961 7497 1444 6193 7134 1200
is_linear=0
shrinkage=0.05


Tree=50
num_leaves=15
num_cat=0
split_feature=18 0 0 9 9 11 7 11 0 9 10 11 14 17
split_gain=81.3633 26.3232 20.6279 16.393 14.6207 11.5358 10.2706 9.44532 8.92069 8.49498 7.74072 6.98687 6.57405 6.35498
threshold=1.3934500000000003 837.50000000000011 1275.5000000000002 0.50375000000000014 0.53025000000000011 10.886950000000002 0.14125000000000001 10.002750000000002 1601.5000000000002 0.36685000000000006 54.000000000000007 10.293450000000002 104.50000000000001 0.31095000000000006
decision_type=2 10 10 2 2 2 10 2 10 2 2 2 2 2
left_child=1 7 -2 5 8 6 10 9 11 -1 -3 -4 -9 -10
right_child=2 3 4 -5 -6 -7 -8 12 13 -11 -12 -13 -14 -15
leaf_value=0.015021194892835333 -0.0028145467755516856 -0.0018286323099993979 -0.0028145467755516856 0.0079008638225251601 -0.0028145467755516856 -0.0028145467755516856 0.0061778451930818738 0.0079008638225251601 -0.017667701749857278 0.056902794608322697 0.0061778451930818738 -0.015535274839621136 0.015021194892835333 -0.031447506859683817
leaf_weight=30.063982792198658 633.14920518547297 1384.7405916415155 112.60009190812707 809.21550837531686 134.86147724837065 1035.2815568000078 915.77156728506088 337.31958039104939 244.21248310431838 20.507100068032742 176.49544529244304 389.55470114946365 275.50279335677624 132.2801086306572
leaf_count=133 6979 9443 2416 4261 2479 6676 4539 1589 6459 92 1280 8747 1182 3549
internal_value=0 0.00291473 -0.00990126 0.00148986 -0.0143213 1.09662e-05 0.00197715 0.0121805 -0.0167525 0.0327787 -0.000489225 -0.0123473 0.01043 -0.0225797
internal_weight=0 4984.9 1646.66 4321.5 1013.51 3512.29 2477.01 663.393 878.647 50.5711 1561.24 502.155 612.822 376.493
internal_count=59824 29195 30629 26199 23650 21938 15262 2996 21171 225 10723 11163 2771 10008
is_linear=0
shrinkage=0.05


Tree=51
num_leaves=15
num_cat=0
split_feature=18 0 11 9 0 9 8 3 9 12 0 0 11 7
split_gain=81.561 21.6473 16.9098 16.4383 14.7685 13.4992 13.3858 9.67896 9.50519 11.5951 6.98026 6.7773 6.57988 4.66297
threshold=1.2602500000000003 852.50000000000011 11.274050000000001 0.11525000000000001 852.50000000000011 0.27445000000000003 0.28845000000000004 64.500000000000014 0.47805000000000003 110.50000000000001 1738.5000000000002 694.50000000000011 10.269050000000002 0.11561
decision_type=2 10 2 2 10 2 2 2 2 2 8 10 2 10
left_child=1 5 3 -3 -2 -1 -6 11 9 13 -8 -7 -9 -5
right_child=4 2 -4 8 6 7 10 12 -10 -11 -12 -13 -14 -15
leaf_value=0.0035358199899233585 -0.0034411956830783111 -0.0088653575003377044 -0.0088653575003377044 -0.00047281424572789008 -0.020157998713030843 0.021462571911884769 -0.0068846395531259631 0.048353260074039894 0.007882335675194559 -0.0069207968668749302 -0.020157998713030843 0.007882335675194559 0.021534675707152406 0.0035358199899233585
leaf_weight=270.71528612822294 626.68384938687086 218.75310529768467 341.37986164912581 739.33496965840459 413.59627708420157 109.42835163325071 596.47708128020167 28.753222212195396 934.23097041249275 318.00728194415569 64.478334538638592 181.01323391497135 119.93773046135902 1652.1858370527625
leaf_count=1208 6927 1500 2047 5279 11052 517 12595 132 4717 2438 1594 760 542 8383
internal_value=0 0.0031504 0.0017854 0.00272879 -0.00954893 0.0112204 -0.0131045 0.0166537 0.00353582 0.00203481 -0.00886536 0.0112778 0.0270091 0.00322806
internal_weight=0 4913.74 4203.89 3862.51 1701.24 709.848 1074.55 439.133 3643.76 2709.53 660.955 290.442 148.691 2391.52
internal_count=59691 27523 24364 22317 32168 3159 25241 1951 20817 16100 14189 1277 674 13662
is_linear=0
shrinkage=0.05


Tree=52
num_leaves=15
num_cat=0
split_feature=0 6 8 4 9 0 11 17 9 11 16 6 11 16
split_gain=74.5435 24.3244 22.4836 14.4059 12.8014 10.931 9.94402 9.40168 7.62702 7.39193 7.00693 6.22247 7.75123 10.0056
threshold=1318.5000000000002 0.84995000000000009 0.58005000000000007 3.5000000000000004 0.24645000000000003 1738.5000000000002 11.143050000000002 0.35595000000000004 0.47985000000000005 10.194250000000002 0.038050000000000007 0.95025000000000015 10.223950000000002 0.036050000000000006
decision_type=10 2 2 2 2 10 2 2 2 2 2 2 2 2
left_child=1 -1 5 -3 -5 7 11 8 9 -2 -11 12 -6 -14
right_child=2 3 -4 4 6 -7 -8 -9 -10 10 -12 -13 13 -15
leaf_value=0.00098093325538608773 -0.00095114362629142323 0.00098093325538608773 0.00098093325538608773 0.0029962334588445843 0.026652765521352595 -0.026880363447829236 0.0029962334588445843 -0.022183489715187167 -0.0009150820576527656 -0.014105949953775537 -0.00095114362629142323 0.026987428544401955 0.0067279962020945121 0.024702391368602961
leaf_weight=3837.5138606652617 151.78540368378162 98.569061055779457 200.6491369381547 318.16030052304268 107.46297959983349 110.69872596859932 102.88266663253307 152.45753637701273 233.94366333633661 744.9121149815619 17.622949700802565 133.11259452998638 294.08621056377888 104.71547894179821
leaf_count=23996 2847 468 1766 1518 466 3111 453 3935 4081 14598 354 576 1277 461
internal_value=0 0.00289906 -0.00946301 0.00924383 0.0113995 -0.0118397 0.0149926 -0.01054 -0.00897608 -0.0110354 -0.0130388 0.0173444 0.0147607 0.0114976
internal_weight=0 4996.5 1612.07 1158.99 1060.42 1411.42 742.26 1300.72 1148.26 914.32 762.535 639.377 506.265 398.802
internal_count=59907 29215 30692 5219 4751 28926 3233 25815 21880 17799 14952 2780 2204 1738
is_linear=0
shrinkage=0.05


Tree=53
num_leaves=15
num_cat=0
split_feature=18 7 13 9 9 11 13 6 11 11 12 13 7 10
split_gain=62.9398 24.9377 19.0058 15.5433 13.6384 11.4154 10.5664 10.2626 11.6896 8.03548 7.19985 5.41529 4.8482 4.74109
threshold=2.0828000000000002 0.11561 0.081950000000000009 0.50005000000000011 0.28005000000000008 10.269050000000002 0.085350000000000023 0.87085000000000012 10.578050000000001 10.550750000000003 117.50000000000001 0.12595000000000003 0.26351500000000005 30.000000000000004
decision_type=2 8 2 2 2 2 2 2 2 2 2 2 8 2
left_child=1 6 3 7 9 -4 -1 8 10 -2 13 12 -6 -3
right_child=4 2 5 -5 11 -7 -8 -9 -10 -11 -12 -13 -14 -15
leaf_value=-0.0064772249312632152 -0.010309309466522809 -0.0029965044004004022 0.0192057137552962 0.0090770204552482366 -0.010309309466522809 0.0090770204552482366 0.0015641112929809884 0.0046070945876761134 -0.0064772249312632152 -0.025270968514331561 -0.0064772249312632152 0.0015641112929809884 -0.0064772249312632152 0.0046070945876761134
leaf_weight=960.89274431020021 158.13760590553284 204.41108974814415 277.98173848539591 496.11742472648621 370.49247920885682 1055.2166005857289 709.52997749298811 716.23397216945887 729.56176429241896 213.40195056982338 68.986529767513275 25.496783174574375 295.88733162730932 331.66673762351274
leaf_count=13925 3281 1168 1305 2382 8743 5126 5281 3378 4592 4742 436 348 3203 2031
internal_value=0 0.00204394 0.00424257 0.00170945 -0.011229 0.00907702 -0.00306269 -0.000217278 -0.00280781 -0.0189476 0.00235234 -0.00706267 -0.00831283 0.00454853
internal_weight=0 5550.6 3880.18 2546.98 1063.42 1333.2 1670.42 2050.86 1334.63 371.54 605.064 691.877 666.38 536.078
internal_count=59941 39624 20418 13987 20317 6431 19206 11605 8227 8023 3635 12294 11946 3199
is_linear=0
shrinkage=0.05


Tree=54
num_leaves=15
num_cat=0
split_feature=0 8 8 11 13 6 3 17 0 0 8 0 8 0
split_gain=64.5787 22.6593 20.4007 18.4495 15.4423 11.9133 11.1652 9.49955 9.16069 6.54546 6.50386 5.56992 5.0491 4.87718
threshold=1387.5000000000002 0.55815000000000015 0.36915000000000003 9.9915500000000019 0.081950000000000009 0.87085000000000012 63.500000000000007 0.35745000000000005 1738.5000000000002 694.50000000000011 0.60945000000000016 969.50000000000011 0.59125000000000016 1337.5000000000002
decision_type=10 2 2 2 2 2 2 2 8 10 2 8 2 8
left_child=1 3 -2 -1 5 -5 -3 8 10 -6 -4 12 -8 -7
right_child=2 6 7 4 9 13 11 -9 -10 -11 -12 -13 -14 -15
leaf_value=0.0091162991767761888 -0.01580460646903277 0.0091162991767761888 -0.0027296673132533658 -0.0027296673132533658 0.0091162991767761888 0.0067165974284164659 0.011399468171999556 -0.01580460646903277 -0.01580460646903277 0.0038707581278949669 0.0091162991767761888 0.0091162991767761888 0.037499811866260745 -0.0027296673132533658
leaf_weight=338.05047393590212 704.37877134233713 921.48640924692154 334.75880765914917 1929.5543136820197 77.150889836251736 474.43722864985466 27.081936866044998 65.925784979015589 35.870797447860241 1429.9946811757982 81.297737810760736 16.152406185865402 66.728324472904205 77.52679780125618
leaf_count=2014 19089 4050 6058 14048 400 2244 124 1388 818 7887 919 78 352 382
internal_value=0 0.00246062 -0.0102716 0.000872227 -0.000119778 -0.00254401 0.0091163 -0.00272967 -0.00272967 0.00387076 0.00250838 0.0250003 0.0301647 0.00387076
internal_weight=0 5358.16 1222.23 4326.71 3988.66 2481.52 1031.45 517.853 451.927 1507.15 416.057 109.963 93.8103 551.964
internal_count=59851 31579 28272 26975 24961 16674 4604 9183 7795 8287 6977 554 476 2626
is_linear=0
shrinkage=0.05


Tree=55
num_leaves=15
num_cat=0
split_feature=18 0 12 8 9 0 11 11 10 12 6 8 11 12
split_gain=65.273 21.9276 18.1749 11.7239 11.3065 11.0617 9.36655 8.09528 8.06776 5.98631 6.37289 5.83643 5.34201 4.22866
threshold=1.3934500000000003 837.50000000000011 36.500000000000007 0.78955000000000009 0.50375000000000014 1566.5000000000002 10.263150000000001 10.690750000000001 30.000000000000004 110.50000000000001 0.84995000000000009 0.58005000000000007 10.612950000000001 91.500000000000014
decision_type=2 10 2 2 2 10 2 2 2 2 2 2 2 2
left_child=1 6 -2 9 5 7 8 -4 -1 10 -3 13 -7 -9
right_child=2 3 4 -5 -6 12 -8 11 -10 -11 -12 -13 -14 -15
leaf_value=0.010996578868065075 0.0012349709591789467 0.0012349709591789467 -0.0050879906286408101 0.010996578868065075 -0.0022519724531261643 -0.014449711833898302 0.010996578868065075 -0.01387212595319904 0.033248543404170411 -0.0022519724531261643 0.0055705877066030357 -0.0050879906286408101 -0.026606740808364112 -0.026606740808364112
leaf_weight=42.465479895472527 294.75361349992454 2835.4916627090424 363.40646435692906 139.21960487961769 254.64340859651566 176.02407784201205 532.22172097116709 180.4423580467701 87.513882368803024 507.91291959397495 860.2386926934123 13.634977780282496 196.33569831773639 100.9192769639194
leaf_count=193 4105 17442 6266 612 4214 4903 2422 2953 382 4335 3931 165 5658 2292
internal_value=0 0.00252843 -0.00912495 0.00123497 -0.0116972 -0.0140262 0.0109966 -0.0101051 0.0244019 0.00123497 0.00149784 -0.0162475 -0.0209139 -0.0185904
internal_weight=0 5005.06 1580.16 4342.86 1285.41 1030.76 662.201 658.403 129.979 4203.64 3695.73 294.997 372.36 281.362
internal_count=59873 29317 30556 26320 26451 22237 2997 11676 575 25708 21373 5410 10561 5245
is_linear=0
shrinkage=0.05


Tree=56
num_leaves=15
num_cat=0
split_feature=0 11 16 18 9 6 12 9 11 13 11 13 11 0
split_gain=54.6978 18.3151 17.4034 17.0369 13.3711 12.77 11.1558 8.59577 8.31878 5.77221 7.67958 5.65102 5.6108 4.93342
threshold=1318.5000000000002 10.216950000000002 0.038050000000000007 2.5025500000000007 0.50925000000000009 0.93785000000000007 98.500000000000014 0.37675000000000008 10.194250000000002 0.081950000000000009 10.886950000000002 0.11395000000000001 11.167850000000001 1738.5000000000002
decision_type=10 2 2 2 2 2 2 2 2 2 2 2 2 10
left_child=1 11 4 6 5 9 8 -8 -2 -3 -11 -1 -9 -5
right_child=3 2 -4 13 -6 -7 7 12 -10 10 -12 -13 -14 -15
leaf_value=0.0086932287662289144 0.0086932287662289144 -0.0033684177851233546 0.0086932287662289144 -0.017005731979751363 0.0061170698828324904 0.0061170698828324904 -0.017005731979751363 -0.0033684177851233546 -0.0033684177851233546 0.0038857513196596813 -0.0033684177851233546 0.020776629777789352 -0.017005731979751363 -0.033903329006065054
leaf_weight=791.89829785376787 104.81937643699348 1726.2015060335398 565.83131381869316 350.46105694025755 624.13730956614017 196.8600235581398 283.54349400475621 229.63982809893787 520.00786184705794 649.88540276139975 350.89693306386471 96.275875188410282 32.563601434230804 43.552676763385534
leaf_count=4500 1631 11857 2586 9137 3284 904 5884 3624 8526 3571 2027 490 541 1289
internal_value=0 0.00218607 0.000779402 -0.00852265 -0.000520595 -0.00193911 -0.00548695 -0.0109848 -0.00289969 -0.00289969 0.000506432 0.00869323 -0.00443398 -0.0175047
internal_weight=0 5001.99 4113.81 1564.59 3547.98 2923.84 1170.57 545.747 624.827 2726.98 1000.78 888.174 262.203 394.014
internal_count=59851 29219 24229 30632 21643 18359 20206 10049 10157 17455 5598 4990 4165 10426
is_linear=0
shrinkage=0.05


Tree=57
num_leaves=15
num_cat=0
split_feature=14 9 11 3 0 0 17 0 9 9 14 9 9 0
split_gain=48.0957 25.7621 21.6728 16.6403 15.2771 9.88938 8.52633 7.75319 6.99376 6.42056 5.74965 4.80078 6.97166 4.53709
threshold=20.500000000000004 0.53025000000000011 10.933450000000002 64.500000000000014 1253.5000000000002 1696.5000000000002 0.36505000000000004 852.50000000000011 0.13145000000000004 0.33925000000000005 175.50000000000003 0.19265000000000002 0.11525000000000001 1598.5000000000002
decision_type=2 2 2 2 10 10 2 10 2 2 2 2 2 8
left_child=1 2 4 12 6 8 11 9 -4 10 -5 -1 -2 -6
right_child=3 -3 5 7 13 -7 -8 -9 -10 -11 -12 -13 -14 -15
leaf_value=-0.0049249966255588877 -0.0049249966255588877 0.0038088096902751615 -0.030407537592432123 0.0074005719782234127 -0.0057719285513962324 -0.035950106447721619 -0.0086379337712361153 0.0063720415200414354 -0.011118679800933158 0.029544149716026931 0.029544149716026931 0.0038088096902751615 0.0038088096902751615 -0.011118679800933158
leaf_weight=170.4158573821187 183.71594593673944 388.0053401812911 50.929524447768927 107.85644425451756 594.30892122909427 49.49828583933413 156.88844558596611 197.25084272027016 546.89727845229208 98.479083999991417 22.288491934537888 608.63143229484558 3082.0668248236179 306.8857947755605
leaf_count=1372 1109 4488 878 444 10835 1506 1788 850 7617 473 92 4247 15399 8770
internal_value=0 -0.00481711 -0.0067714 0.00380881 -0.00399517 -0.0146321 0.000479712 0.0136824 -0.01281 0.0199344 0.012493 0.00264362 0.00380881 -0.00863793
internal_weight=0 2872.46 2484.46 3691.66 1837.13 647.325 935.936 425.875 597.827 228.624 130.145 779.047 3265.78 901.195
internal_count=59868 41501 37013 18367 27012 10001 7407 1859 8495 1009 536 5619 16508 19605
is_linear=0
shrinkage=0.05


Tree=58
num_leaves=15
num_cat=0
split_feature=18 8 7 11 0 9 11 16 12 13 11 13 13 6
split_gain=48.6242 28.3325 22.3891 14.8124 10.7706 9.81516 10.1967 8.9876 7.65165 6.82684 5.82307 4.07844 4.32177 2.97833
threshold=2.0966500000000003 0.71395000000000008 0.11561 10.293450000000002 1151.5000000000002 0.28005000000000008 10.550750000000003 0.058050000000000011 18.500000000000004 0.10005000000000001 11.319450000000002 0.11025000000000001 0.13045000000000004 0.96305000000000007
decision_type=2 2 8 2 10 2 2 2 2 2 2 2 2 2
left_child=1 2 4 9 8 6 -2 13 -1 -4 -7 -3 -11 -5
right_child=5 11 3 7 -6 10 -8 -9 -10 12 -12 -13 -14 -15
leaf_value=0.0015102857537455943 -0.0069083774072342206 0.017465118762717658 0.0091321357806713969 0.0015102857537455943 -0.0067700751309622692 -0.0067700751309622692 -0.024176614127941407 0.0091321357806713969 -0.0067700751309622692 0.015575670806279467 -0.024176614127941407 0.033612722367107849 0.033612722367107849 0.0091321357806713969
leaf_weight=364.86579827964306 151.01835839636624 237.30547850951552 639.705885078758 2452.0931493416429 1065.5158966127783 621.89485766552389 199.31647433340549 262.13165318965912 157.92605771124363 157.5184233635664 45.403581541031599 39.273541256785393 24.856003951281309 114.72180512547493
leaf_count=2078 3256 1181 3378 13499 15895 11343 4711 1170 893 726 873 203 122 524
internal_value=0 0.00189784 0.00107289 0.00322848 -0.00388108 -0.00999212 -0.0167737 0.00151029 0.00151029 0.00913214 -0.00677008 0.0174651 0.0174651 0.00151029
internal_weight=0 5515.91 5239.33 3651.03 1588.31 1017.63 350.335 2828.95 522.792 822.08 667.298 276.579 182.374 2566.81
internal_count=59852 39669 38285 19419 18866 20183 7967 15193 2971 4226 12216 1384 848 14023
is_linear=0
shrinkage=0.05


Tree=59
num_leaves=15
num_cat=0
split_feature=0 8 11 8 16 8 11 11 6 0 0 0 13 10
split_gain=47.6366 21.354 17.4231 14.1183 11.7347 9.3178 8.4168 6.35732 5.8884 4.63028 3.62324 3.62157 9.20196 8.00245
threshold=1318.5000000000002 0.50665000000000016 10.015150000000002 0.35125000000000006 0.030750000000000003 0.24805000000000002 10.436150000000001 11.105550000000003 0.96305000000000007 1633.5000000000002 1728.5000000000002 778.50000000000011 0.018850000000000002 30.000000000000004
decision_type=10 2 2 2 2 2 2 2 2 8 10 10 2 2
left_child=2 5 11 -4 8 -2 -7 9 -5 -3 -8 12 -1 -14
right_child=1 7 3 4 -6 6 10 -9 -10 -11 -12 -13 13 -15
leaf_value=0.0099563278273929415 -0.018295337457913122 0.009954923401432416 -0.0027073576047357008 0.0024013981341524937 0.0097480914682559067 -0.0027073576047357008 -0.011722511005666751 -0.011722511005666751 0.0097480914682559067 -0.0027073576047357008 -0.018295337457913122 0.0099563278273929415 0.0099563278273929415 0.046348501453275223
leaf_weight=30.775130160152912 309.00815479643643 240.65649417415261 1409.4065900221467 2477.6999284625053 590.90773067623377 298.20128857530653 534.58701564185321 55.513111907988787 88.182989358901978 42.171900205314159 52.045006576925516 334.71065181493759 23.81432880461216 40.570621579885483
leaf_count=300 8974 1907 11267 12598 2599 5971 10889 530 390 750 1593 1657 161 279
internal_value=0 -0.00767374 0.0024014 0.0024014 0.00330968 -0.010825 -0.0081984 0.0024014 0.0024014 0.0024014 -0.0117225 0.0124565 0.0210557 0.0330763
internal_weight=0 1532.18 4996.07 4566.2 3156.79 1193.84 884.833 338.342 2565.88 282.828 586.632 429.871 95.1601 64.385
internal_count=59865 30614 29251 26854 15587 27427 18453 3187 12988 2657 12482 2397 740 440
is_linear=0
shrinkage=0.05


Tree=60
num_leaves=15
num_cat=0
split_feature=13 4 0 12 13 9 6 11 11 7 0 11 9 0
split_gain=35.6023 23.995 22.5527 20.3579 15.6941 13.8597 12.6918 12.6478 6.34718 7.7674 5.88258 4.61309 5.7096 4.04339
threshold=0.081950000000000009 3.5000000000000004 694.50000000000011 36.500000000000007 0.13235000000000002 0.53025000000000011 0.84995000000000009 10.690750000000001 10.275450000000001 0.11561 1196.5000000000002 11.410150000000002 0.22245000000000001 1696.5000000000002
decision_type=2 2 10 2 2 2 2 2 2 10 10 2 2 8
left_child=1 3 4 -1 -2 7 -3 10 9 -4 -5 12 -9 -14
right_child=2 6 8 5 -6 -7 -8 11 -10 -11 -12 -13 13 -15
leaf_value=-0.00063930231551859976 0.018385953658793405 -0.00063930231551859976 0.0038602159541181002 -0.00063930231551859976 0.069421493328746572 -0.00063930231551859976 0.0038602159541181002 -0.024169767563873894 0.0038602159541181002 0.015406343626572902 -0.010111173810083203 -0.030346274022465064 -0.0082368423978787346 -0.018856227789302658
leaf_weight=1048.7780665177852 83.716277211904526 940.12626722455025 172.19818413630128 206.72496119886637 17.761466972529888 210.85850759595633 909.95427995920181 141.87493684142828 1584.1228690855205 263.91220674291253 509.56356793083251 59.637622904032469 235.22496593929827 146.98966216295958
leaf_count=8459 382 4783 1268 2158 129 3185 4201 3447 9563 1230 12148 1342 5053 2654
internal_value=0 -0.00285794 0.00502303 -0.00599269 0.0279089 -0.00970587 0.00147999 -0.0116918 0.00386022 0.00988815 -0.00722386 -0.0171527 -0.0155964 -0.0123593
internal_weight=0 4409.73 2121.71 2559.65 101.478 1510.87 1850.08 1300.02 2020.23 436.11 716.289 583.727 524.09 382.215
internal_count=60002 47430 12572 38446 511 29987 8984 26802 12061 2498 14306 12496 11154 7707
is_linear=0
shrinkage=0.05


Tree=61
num_leaves=15
num_cat=0
split_feature=0 8 13 11 0 8 0 0 11 14 13 12 6 14
split_gain=32.9646 20.7746 14.3794 12.3092 13.5273 11.0861 10.2492 13.9654 7.38625 7.31984 6.95111 6.67862 5.29946 4.72406
threshold=1601.5000000000002 0.67395000000000016 0.081950000000000009 10.194250000000002 1337.5000000000002 0.44345000000000007 778.50000000000011 694.50000000000011 10.517250000000002 68.500000000000014 0.11465000000000002 63.500000000000007 0.82375000000000009 57.500000000000007
decision_type=10 2 2 2 10 2 8 10 2 2 2 2 2 2
left_child=1 2 3 -1 5 -5 -3 -4 -2 10 12 -7 -8 -13
right_child=8 6 7 4 -6 11 9 -9 -10 -11 -12 13 -14 -15
leaf_value=0.0035454491752487296 -0.0097380996235743918 0.046055665982807081 0.022506352129228527 -0.0042374720837008396 -0.0097380996235743918 0.0035454491752487296 0.0035454491752487296 0.0035454491752487296 -0.018828184318558618 0.022172952308006019 0.022172952308006019 -0.0042374720837008396 0.015637493977005982 0.0035454491752487296
leaf_weight=624.3876194357872 183.44442839734256 19.971821933984756 96.147498153150082 1436.2237539738417 606.80735847167671 657.83738265931606 171.2786125652492 1883.2505300045013 280.93281790055335 92.41518697142601 20.000275917351246 251.25758524239063 89.710661455988884 112.42822401225567
leaf_count=5271 5110 108 481 11108 11821 3097 1004 11207 8248 420 125 1180 375 493
internal_value=0 0.000880593 0.000108551 -0.00173607 -0.00305897 -0.00140663 0.0119768 0.00354545 -0.012928 0.0100359 0.0059797 0.00257368 0.00354545 -0.00341628
internal_weight=0 6061.72 5668.34 3688.94 3064.55 2457.75 393.377 1979.4 464.377 373.405 280.99 1021.52 260.989 363.686
internal_count=60048 46690 44658 32970 27699 15878 2032 11688 13358 1924 1504 4770 1379 1673
is_linear=0
shrinkage=0.05


Tree=62
num_leaves=15
num_cat=0
split_feature=18 16 8 11 9 11 0 10 9 17 11 0 9 14
split_gain=30.8541 15.3707 13.7449 13.8657 10.6553 7.32299 7.4501 7.79659 6.22795 5.44518 5.40339 4.98041 4.14776 5.53363
threshold=2.0966500000000003 0.058050000000000011 0.73090000000000011 10.293450000000002 0.48605000000000004 11.359950000000001 1710.5000000000002 42.000000000000007 0.50005000000000011 0.27555000000000007 10.545850000000002 837.50000000000011 0.42035000000000006 60.500000000000007
decision_type=2 2 2 2 2 2 10 2 2 2 2 10 2 2
left_child=1 2 3 11 5 6 7 9 -5 10 -2 -1 -13 -10
right_child=4 -3 -4 8 -6 -7 -8 -9 13 -11 -12 12 -14 -15
leaf_value=0.010634729852580495 -0.0016129321000072925 0.010634729852580495 0.010634729852580495 -0.0016129321000072925 -0.0016129321000072925 -0.031347926994583594 -0.026355322888785278 -0.0016129321000072925 7.2851809516814595e-05 -0.016359062710673285 -0.014653968658350496 0.00097314630714282141 0.0079030980230626897 0.0079030980230626897
leaf_weight=153.66780712455511 77.124473050236702 394.8400171585381 232.16213008016348 3082.207292014733 240.34182163327932 43.016798244789243 64.35258062556386 184.53896574676037 481.24626971594989 284.82374046370387 89.374851226806641 638.00598813220859 325.63816605880857 207.80436563491821
leaf_count=927 1687 1991 1155 24100 3926 1015 2170 3916 3589 5220 2149 4941 2145 934
internal_value=0 0.00114203 0.000408156 -0.000163387 -0.00846663 -0.0115094 -0.0102476 -0.00857863 -0.00161293 -0.0121682 -0.00494426 0.00472632 0.00332071 0.00313756
internal_weight=0 5515.57 5120.73 4888.57 983.573 743.231 700.215 635.862 3771.26 451.323 166.499 1117.31 963.644 689.051
internal_count=59865 39782 37791 36636 20083 16157 15142 12972 28623 9056 3836 8013 7086 4523
is_linear=0
shrinkage=0.05


Tree=63
num_leaves=15
num_cat=0
split_feature=18 8 7 9 12 14 6 4 7 6 5 12 9 12
split_gain=30.3403 16.7144 13.4563 10.2848 9.80318 8.32663 8.17148 9.29163 6.8848 4.76176 6.82291 4.72145 4.59807 4.562
threshold=2.0966500000000003 0.71395000000000008 0.11561 0.28005000000000008 117.50000000000001 67.500000000000014 0.84995000000000009 3.5000000000000004 0.14125000000000001 0.82375000000000009 3.5000000000000004 26.500000000000004 0.14515000000000003 44.500000000000007
decision_type=2 2 8 2 2 2 2 2 8 2 2 2 2 2
left_child=1 2 -1 11 6 9 -4 -8 -6 -3 -9 -2 -13 -11
right_child=3 5 4 -5 8 -7 7 10 -10 13 -12 12 -14 -15
leaf_value=-0.0032964333751928313 -0.0046841894739257685 0.0022547421677146383 0.001352188105502675 -0.0046841894739257685 -0.010264967945457101 0.026634206780079862 0.001352188105502675 0.0045433018466779175 0.001352188105502675 0.026634206780079862 0.012772394317789865 -0.02668091559073198 -0.013334635883612415 0.012772394317789865
leaf_weight=1583.165358627215 21.619254887104034 134.96651827543974 2206.3079721815884 641.92387188225985 272.53406999260187 80.261367127299309 97.335283428430557 494.07622311264277 86.280451102182269 17.66759130358696 516.49411100894213 94.731061091646552 214.11711460910738 42.753054887056351
leaf_count=18941 304 733 12463 12117 1394 383 471 2174 643 84 2371 2356 5263 179
internal_value=0 0.00118627 0.000555682 -0.00838626 0.00221648 0.0131651 0.00311274 0.00661437 -0.00329643 0.00752478 0.00752478 -0.0155416 -0.0175012 0.0190685
internal_weight=0 5531.84 5256.19 972.391 3673.03 275.649 3314.21 1107.91 358.815 195.387 1010.57 330.467 308.848 60.4206
internal_count=59876 39836 38457 20040 19516 1379 17479 5016 2037 996 4545 7923 7619 263
is_linear=0
shrinkage=0.05


Tree=64
num_leaves=15
num_cat=0
split_feature=7 13 18 8 12 11 12 10 13 8 8 0 0 9
split_gain=33.459 27.9571 15.8901 13.4413 12.6888 11.8372 10.8441 11.3304 8.75073 7.7858 7.77567 6.99386 4.90404 4.75291
threshold=0.11561 0.16465000000000005 2.3969500000000004 0.55815000000000015 29.500000000000004 10.881550000000002 72.500000000000014 42.000000000000007 0.26245000000000007 0.27275000000000005 0.51565000000000005 1720.5000000000002 716.50000000000011 0.37675000000000008
decision_type=8 2 2 2 2 2 2 2 2 2 2 10 10 2
left_child=2 3 8 4 5 7 -5 10 9 -1 12 -4 -2 -3
right_child=1 13 11 6 -6 -7 -8 -9 -10 -11 -12 -13 -14 -15
leaf_value=-0.010405916591878124 0.0097088704948111466 0.033357981113398091 -0.011812491404512071 0.010736760114920828 -0.002975031990679083 -0.002975031990679083 -0.0012547424765025925 0.010736760114920828 0.020437664761132325 -0.002975031990679083 0.010736760114920828 -0.030802513996768158 -0.0014970853150801447 0.090693144850427523
leaf_weight=386.53463384881616 114.87964511662722 9.0963578112423438 335.11706991493702 641.3574884198606 1541.7923765685409 534.80860331654549 266.58032360300422 458.74016966298223 36.367392566055059 1373.4239017516375 111.17755361646414 56.466924509033561 619.06030466035008 8.1206197068095189
leaf_count=7434 897 102 9303 2932 11724 2961 1158 2398 513 15094 482 1869 3052 75
internal_value=0 0.00208365 -0.00550828 0.00182065 0.000369192 0.00317355 0.00721842 0.00574194 -0.00351445 -0.00402072 0.00224628 -0.0146224 0.000267746 0.0638949
internal_weight=0 4305.61 2187.91 4288.4 3380.46 1838.67 907.938 1303.86 1796.33 1759.96 845.118 391.584 733.94 17.217
internal_count=59994 25781 34213 25604 21514 9790 4090 6829 23041 22528 4431 11172 3949 177
is_linear=0
shrinkage=0.05


Tree=65
num_leaves=15
num_cat=0
split_feature=18 16 8 0 12 11 0 8 11 6 11 11 9 17
split_gain=25.5432 17.1201 13.1835 12.5499 8.86355 8.05817 7.563 6.98104 6.89112 5.11492 3.9852 3.93145 3.94486 3.49197
threshold=2.4427000000000008 0.058050000000000011 0.78955000000000009 1229.5000000000002 144.50000000000003 10.002750000000002 1738.5000000000002 0.25985000000000008 10.886950000000002 0.95865000000000011 11.319450000000002 11.265050000000002 0.5323500000000001 0.34925000000000006
decision_type=2 2 2 10 2 2 10 2 2 2 2 2 2 2
left_child=1 2 3 5 7 -1 10 -5 13 11 -2 12 -7 -9
right_child=6 -3 -4 4 -6 9 -8 8 -10 -11 -12 -13 -14 -15
leaf_value=0.0099264662927478851 -0.0090435267748788135 0.011124898449406423 0.011124898449406423 -0.0090435267748788135 -0.0090435267748788135 0.0010037184629264847 -0.030266065193981975 0.0010037184629264847 -0.0062177802309591416 0.0099264662927478851 -0.024766619725431063 -0.0049994249345520752 0.0066791402709599395 -0.0062177802309591416
leaf_weight=274.23667216300964 606.0539536383003 396.80128836818039 149.63435336947441 191.46865516901016 298.58466902002692 2452.1441220343113 41.161324487999082 900.90239932574332 385.77219851315022 99.657567769289017 44.701532423496246 281.37654498964548 308.33763741701841 40.354420123621821
leaf_count=1464 12311 2079 731 4807 4993 14104 1410 8273 3991 441 992 1690 1557 1021
internal_value=0 0.0011155 0.000375667 -6.30549e-05 -0.00341918 0.00172278 -0.00904353 -0.00179879 -0.000484516 0.00100372 -0.00904353 0.00100372 0.00119472 0.00100372
internal_weight=0 5779.27 5382.47 5232.83 1817.08 3415.75 691.917 1518.5 1327.03 3141.52 650.755 3041.86 2760.48 941.257
internal_count=59864 45151 43072 42341 23085 19256 14713 18092 13285 17792 13303 17351 15661 9294
is_linear=0
shrinkage=0.05


Tree=66
num_leaves=15
num_cat=0
split_feature=7 13 11 9 8 14 13 11 9 17 11 4 13 17
split_gain=28.874 28.6233 12.7876 11.9311 11.4207 10.7776 10.0626 9.48025 7.70609 6.33867 6.19362 6.83611 5.60312 5.46318
threshold=0.11561 0.16465000000000005 10.015150000000002 0.50005000000000011 0.25985000000000008 45.500000000000007 0.26245000000000007 11.058350000000003 0.16955000000000003 0.33925000000000005 9.9915500000000019 1.0000000180025095e-35 0.11615000000000002 0.37175000000000008
decision_type=8 2 2 2 2 2 2 2 2 2 2 2 2 2
left_child=4 2 12 5 -1 13 9 8 -7 10 -6 -12 -2 -4
right_child=1 -3 3 -5 6 7 -8 -9 -10 -11 11 -13 -14 -15
leaf_value=-0.01183866755930167 0.0092222915005634575 0.063517904374124551 -0.0028709305058870109 0.0069294675616682917 0.008116799329629297 -0.0028709305058870109 0.02599494567396983 -0.0028709305058870109 0.0066702536560601256 -0.01183866755930167 -0.01183866755930167 -0.0028709305058870109 0.032550920714605622 -0.01183866755930167
leaf_weight=447.81097358465195 334.8210191745311 18.041055295616388 1426.3577473685145 747.02237913198769 127.45642832480371 254.16488239914179 28.679355759173632 307.43037767708302 1038.2577173486352 148.60504828207195 133.70324288681149 1266.0761889759451 27.138401381671429 158.1573775652796
leaf_count=10578 1946 178 10008 4011 1456 1290 376 1514 4803 3980 3148 14462 123 2014
internal_value=0 0.00234816 0.00207638 0.00124702 -0.00474138 -8.77907e-05 -0.00287093 0.00280788 0.00476087 -0.00338013 -0.00287093 -0.00335673 0.0110563 -0.00287093
internal_weight=0 4311.39 4293.35 3931.39 2152.33 3184.37 1704.52 1599.85 1292.42 1675.84 1527.24 1399.78 361.959 1584.52
internal_count=59887 25887 25709 23640 34000 19629 23422 7607 6093 23046 19066 17610 2069 12022
is_linear=0
shrinkage=0.05


Tree=67
num_leaves=15
num_cat=0
split_feature=13 0 6 11 12 13 13 9 17 11 9 3 11 0
split_gain=21.1637 17.6895 17.6501 19.1144 16.9906 12.2892 11.639 8.06584 6.44243 6.09903 5.45422 4.65957 4.41282 4.3467
threshold=0.081950000000000009 694.50000000000011 0.78985000000000005 10.622350000000003 89.500000000000014 0.13235000000000002 0.26245000000000007 0.24225000000000002 0.35255000000000009 10.275450000000001 0.22635000000000002 53.500000000000007 11.393150000000002 852.50000000000011
decision_type=2 10 2 2 2 2 2 2 2 2 2 2 2 8
left_child=2 5 3 8 -5 -2 9 -6 10 11 -1 -3 -9 -13
right_child=1 6 -4 4 7 -7 -8 12 -10 -11 -12 13 -14 -15
leaf_value=-0.0047839045272325296 0.015570438287723863 0.005619019441880104 0.0022902032693499844 -0.0054097407439803917 -0.031110237825984301 0.059575311224510978 0.028741737969881904 -0.011161014788282127 -0.0054097407439803917 0.0022902032693499844 0.0022902032693499844 0.028741737969881904 -0.031110237825984301 0.0074605333841796326
leaf_weight=290.70028812810779 81.666892804205418 349.66503626853228 1534.5397005006671 1095.1121295336634 89.386337768286467 19.103013515472412 42.134734287858009 220.45641048252583 216.38283967040479 1543.9794474355876 876.33191499486566 39.600226134061813 23.866320731118321 38.25635427236557
leaf_count=4356 370 2034 7329 12881 2649 126 576 5003 3799 9078 10821 178 559 169
internal_value=0 0.00407559 -0.002022 -0.004375 -0.00842899 0.0244159 0.00304607 -0.0182913 -0.000184881 0.00248262 0.00138515 0.00827055 -0.0134938 0.0155704
internal_weight=0 2114.41 4346.78 2812.24 1428.82 100.77 2013.64 333.709 1383.42 1971.5 1167.03 427.522 244.323 77.8566
internal_count=59928 12531 47397 40068 21092 496 12035 8211 18976 11459 15177 2381 5562 347
is_linear=0
shrinkage=0.05


Tree=68
num_leaves=15
num_cat=0
split_feature=7 13 0 9 11 12 6 13 0 11 18 0 0 0
split_gain=19.1676 23.8845 13.4042 12.286 10.563 8.29113 7.91026 7.47326 7.13032 6.58958 6.00515 5.73196 6.08375 4.31883
threshold=0.11561 0.16465000000000005 1738.5000000000002 0.30945000000000006 10.281450000000001 24.500000000000004 0.88385000000000014 0.26245000000000007 1208.5000000000002 11.332300000000002 2.9612500000000002 735.50000000000011 694.50000000000011 1569.5000000000002
decision_type=8 2 10 2 2 2 2 2 10 2 2 8 10 10
left_child=2 3 7 5 6 12 8 9 -5 10 -1 -6 -2 -12
right_child=1 -3 -4 4 11 -7 -8 -9 -10 -11 13 -13 -14 -15
leaf_value=-0.0032956615851700895 0.011122943531668542 0.057583160654136635 -0.022569299079699335 0.011122943531668542 0.011122943531668542 -0.0032956615851700895 0.020743715617588896 0.017557710438613369 0.0019191123494521152 -0.01448911233080768 -0.0032956615851700895 0.0019191123494521152 0.00064958439559870823 -0.01448911233080768
leaf_weight=1727.1659610308707 85.163426369428635 17.994876459240913 93.406012143939734 315.03165183216333 62.081393852829933 956.29812468215823 125.46698341518641 41.113425899296999 113.40628529340029 133.60609059035778 76.469515010714531 1876.9856442715973 753.40244128555059 73.812448393553495
leaf_count=23948 594 165 3108 1821 283 7318 545 550 611 2107 2073 10693 3808 2286
internal_value=0 0.00163873 -0.00414485 0.00139057 0.00366095 -0.00176314 0.0097442 -0.00329566 0.00648222 -0.0037305 -0.00329566 0.00191911 0.00191911 -0.013332
internal_weight=0 4305.83 2145.57 4287.84 2492.97 1794.86 553.905 2052.17 428.438 2011.05 1877.45 1939.07 838.566 150.282
internal_count=59910 25838 34072 25673 13953 11720 2977 30964 2432 30414 28307 10976 4402 4359
is_linear=0
shrinkage=0.05


Tree=69
num_leaves=15
num_cat=0
split_feature=0 8 11 9 0 0 10 12 14 6 0 11 9 0
split_gain=21.9308 17.1917 13.8393 10.26 11.6785 8.8815 9.16428 6.68459 5.44626 5.29178 7.68824 5.2544 5.73178 4.8204
threshold=1601.5000000000002 0.68665000000000009 10.886950000000002 0.31355000000000005 866.50000000000011 1226.5000000000002 42.000000000000007 196.50000000000003 67.500000000000014 0.95025000000000015 1318.5000000000002 10.345350000000002 0.12735000000000005 1708.5000000000002
decision_type=10 2 2 2 10 8 2 2 2 2 8 2 2 8
left_child=1 2 3 -1 -5 -4 -7 11 -3 -6 -11 -2 -13 -14
right_child=7 8 5 4 9 6 -8 -9 -10 10 -12 12 13 -15
leaf_value=-0.0008556884186942962 -0.0008556884186942962 0.010994925771722027 -0.0008556884186942962 0.010994925771722027 0.0016331968640171822 -0.010570130403695914 -0.0008556884186942962 -0.033366388630166298 0.022737779202976365 0.025378706441997773 0.0016331968640171822 -0.033366388630166298 -0.0049716168067776949 -0.01867966205489453
leaf_weight=1804.4730868674815 106.71259773150086 249.51108054816723 927.73405855894089 493.42779434472322 1655.4462067186832 500.52121719531715 210.42129570245743 31.372899914160371 100.18515134602785 60.783783778548241 19.377617001533508 22.241035116836429 173.28240708447993 101.82939108833671
leaf_count=15112 3112 1345 4891 3651 12199 6002 2628 959 481 257 84 836 5112 3338
internal_value=0 0.00103707 0.000372776 0.00194691 0.00421507 -0.0035007 -0.00773328 -0.0105701 0.0117804 0.00228236 0.0109949 -0.0105701 -0.0121714 -0.0105701
internal_weight=0 6021.88 5672.19 4033.51 2229.04 1638.68 710.943 435.438 349.696 1735.61 80.1614 404.065 297.353 275.112
internal_count=60007 46650 44824 31303 16191 13521 8630 13357 1826 12540 341 12398 9286 8450
is_linear=0
shrinkage=0.05


Tree=70
num_leaves=15
num_cat=0
split_feature=18 8 16 11 9 9 9 17 12 11 11 16 9 12
split_gain=21.6104 16.2602 12.6729 10.17 7.46687 6.02622 6.29751 4.65326 4.29959 4.10942 3.63514 3.7669 3.17273 4.46475
threshold=2.5025500000000007 0.78955000000000009 0.058050000000000011 10.928250000000002 0.21245000000000003 0.24225000000000002 0.11345000000000001 0.43705000000000005 110.50000000000001 11.511550000000002 11.113350000000002 0.075650000000000009 0.43805000000000005 113.50000000000001
decision_type=2 2 2 2 2 2 2 2 2 2 2 2 2 2
left_child=1 2 3 6 -4 -5 -1 9 -7 -2 -6 -12 13 -8
right_child=7 -3 4 5 10 8 12 -9 -10 -11 11 -13 -14 -15
leaf_value=-0.0076983585092836636 -0.0089610863744686124 0.016463843028844054 0.0010018806039062294 -0.0089610863744686124 0.015972876615288623 -0.00052894959526421576 0.0010018806039062294 -0.034898805415122136 -0.0089610863744686124 -0.033335585111291803 0.0010018806039062294 0.015972876615288623 0.0035815672717087522 -0.0050660687701376125
leaf_weight=207.00535804033279 595.95786541886628 159.79714132100344 105.38063941895962 397.50680690072477 235.19788824394345 841.12064644135535 2148.8236982636154 16.410890690982342 136.73545899614692 17.008834194391966 31.518229924142361 16.378863483667374 1216.3574450574815 321.69195164181292
leaf_count=1957 13128 801 559 3857 1238 6136 16147 196 1807 427 144 106 8773 4640
internal_value=0 0.000785175 0.000339514 -0.000303732 0.00904281 -0.00399818 0.00100188 -0.00896109 -0.00188255 -0.00896109 0.0134257 0.00100188 0.00100188 0.000462654
internal_weight=0 5817.51 5657.72 5269.24 388.476 1375.36 3893.88 629.378 977.856 612.967 283.095 47.8971 3686.87 2470.52
internal_count=59916 46165 45364 43317 2047 11800 31517 13751 7943 13555 1488 250 29560 20787
is_linear=0
shrinkage=0.05


Tree=71
num_leaves=15
num_cat=0
split_feature=9 0 13 11 0 0 8 14 11 9 11 11 12 0
split_gain=17.3858 15.4111 14.2554 14.2527 8.20681 7.25336 5.7424 5.45912 5.20762 4.90384 3.71109 3.44531 3.30356 2.82678
threshold=0.27655000000000007 1468.5000000000002 0.081950000000000009 10.526550000000002 808.50000000000011 1688.5000000000002 0.68665000000000009 84.500000000000014 10.230350000000001 0.51315000000000011 10.179850000000002 11.332300000000002 10.500000000000002 1530.5000000000002
decision_type=2 10 2 2 10 10 2 2 2 2 2 2 2 8
left_child=1 10 3 -2 7 6 -5 9 13 -4 -1 -10 -9 -3
right_child=2 8 4 5 -6 -7 -8 12 11 -11 -12 -13 -14 -15
leaf_value=0.003099949279301374 0.0038750464783061989 0.019208259228313564 0.0041802421756079481 -0.0023883794826401882 0.0041802421756079481 -0.015033871933846974 0.0038750464783061989 0.043445172235676011 -0.016474503677368541 0.023160066764510167 -0.0023883794826401882 -0.040009410067019406 0.023160066764510167 -0.0072562396204368445
leaf_weight=307.19657170772552 1173.8339869529009 12.325397461652754 66.132735133171082 1456.1471393797547 1150.2506918497384 80.138668976724148 153.21513191610575 20.374503880739212 204.89655421115458 19.337657943367958 1626.5384026449174 16.535455901175737 82.183538921177387 40.579513471573591
leaf_count=2061 11481 328 305 14229 6690 2486 891 94 6954 93 11897 619 376 1295
internal_value=0 -0.00396558 0.00151327 -0.000478151 0.00577123 -0.00238838 -0.00238838 0.0154304 -0.0150339 0.00599478 -0.00238838 -0.0184039 0.0231601 -0.00238838
internal_weight=0 2208.07 4201.61 2863.33 1338.28 1689.5 1609.36 188.028 274.337 85.4704 1933.73 221.432 102.558 52.9049
internal_count=59799 23154 36645 29087 7558 17606 15120 868 9196 398 13958 7573 470 1623
is_linear=0
shrinkage=0.05


Tree=72
num_leaves=15
num_cat=0
split_feature=0 8 10 18 7 9 0 9 9 18 17 0 0 0
split_gain=23.3459 12.2157 10.4195 10.7124 6.36654 5.91521 5.6531 5.52879 5.56488 4.7337 4.23605 4.11232 3.40945 2.34421
threshold=1601.5000000000002 0.61685000000000012 42.000000000000007 2.0966500000000003 0.11561 0.11345000000000001 866.50000000000011 0.47005000000000002 0.53985000000000005 2.9965500000000005 0.018650000000000003 1312.5000000000002 1746.5000000000002 735.50000000000011
decision_type=10 2 2 2 8 2 10 2 2 2 2 10 8 10
left_child=1 2 3 5 -4 -1 10 -5 9 12 13 -6 -2 -3
right_child=8 6 4 7 11 -7 -8 -9 -10 -11 -12 -13 -14 -15
leaf_value=-0.0091343409253612003 -0.0088279924881466462 0.036067710691683255 -0.0010305405631052904 -0.011895226645774248 0.00453917429695231 -0.0010305405631052904 0.00453917429695231 -0.0010305405631052904 -0.0010305405631052904 -0.026078972887918918 0.00453917429695231 -0.0010305405631052904 -0.022499026520361107 0.016907279915155761
leaf_weight=189.68138930760324 249.87151520885527 24.585686460137367 483.10357866622508 353.22927058115602 1135.4637129344046 2948.8347522560507 524.82826320454478 114.53781876713037 50.647206880152225 67.68908235616982 37.157567925751209 127.34804195724428 55.77539131604135 53.63063820451498
leaf_count=1437 7788 130 6359 6766 6795 19372 2636 1692 1106 2414 236 849 1975 284
internal_value=0 0.000232146 -0.000549066 -0.00208392 0.00262063 -0.00103054 0.00675388 -0.00913434 -0.0118952 -0.0141141 0.0167312 0.00453917 -0.0118952 0.0233092
internal_weight=0 5992.4 5352.2 3606.28 1745.92 3138.52 640.202 467.767 423.983 373.336 115.374 1262.81 305.647 78.2163
internal_count=59839 46556 43270 29267 14003 20809 3286 8458 13283 12177 650 7644 9763 414
is_linear=0
shrinkage=0.05


Tree=73
num_leaves=15
num_cat=0
split_feature=7 13 17 11 12 4 10 0 13 12 12 5 11 12
split_gain=15.6465 17.8677 10.6764 8.21367 10.9929 9.6092 6.42863 8.49113 5.48521 4.47052 4.20849 5.72299 3.87527 3.80196
threshold=0.11561 0.16465000000000005 0.31255000000000005 10.886950000000002 32.500000000000007 4.5000000000000009 42.000000000000007 765.50000000000011 0.26245000000000007 131.50000000000003 120.50000000000001 1.5000000000000002 10.695050000000002 17.500000000000004
decision_type=8 2 2 2 2 2 2 10 2 2 2 2 2 2
left_child=2 3 8 4 6 -6 -2 -8 -1 -7 -4 -12 -3 -9
right_child=1 12 10 -5 5 9 7 13 -10 -11 11 -13 -14 -15
leaf_value=-0.0024932681690453548 0.0052511956149477552 0.069469869612562893 -0.0077312780977838551 -0.0019060031552012872 -0.0019060031552012872 0.0052511956149477552 0.023086501489706805 0.012267795967213703 0.015864262220939909 -0.0019060031552012872 -0.027146022737058392 -0.0077312780977838551 0.023086501489706805 0.0052511956149477552
leaf_weight=1782.5060786250979 1192.7161624636501 9.9429632127285021 188.72526036947966 1242.6515641715378 809.45234930887818 433.86422754079103 110.56731608510017 233.95024168491364 40.655070293694735 85.95826980471611 81.624042080715299 25.901429468765855 9.0457736551761609 174.04784710332751
leaf_count=24654 6183 87 5589 7759 6526 2064 746 1146 538 431 2463 792 82 841
internal_value=0 0.00173835 -0.00350928 0.00151789 0.00291738 -0.000493865 0.00556587 0.0108469 -0.00207544 0.0052512 -0.0122966 -0.0201645 0.0489024 0.00748166
internal_weight=0 4302.2 2119.41 4283.21 3040.56 1329.27 1711.28 518.565 1823.16 519.822 296.251 107.525 18.9887 407.998
internal_count=59901 25865 34036 25696 17937 9021 8916 2733 25192 2495 8844 3255 169 1987
is_linear=0
shrinkage=0.05


Tree=74
num_leaves=15
num_cat=0
split_feature=0 13 13 8 8 17 11 0 11 17 8 6 11 8
split_gain=22.2064 13.9513 9.81313 9.98017 8.73921 9.84291 8.08526 5.99443 5.95925 3.97526 2.05506 2.01546 4.82635 1.94388
threshold=1229.5000000000002 0.15495000000000003 0.26245000000000007 0.37875000000000009 0.78955000000000009 0.047150000000000004 10.517250000000002 1708.5000000000002 11.274050000000001 0.21255000000000004 0.78955000000000009 0.79455000000000009 10.984850000000002 0.14175000000000001
decision_type=10 2 2 2 2 2 2 10 2 2 2 2 2 2
left_child=1 4 3 7 8 -6 -5 -2 13 -9 11 -8 -13 -1
right_child=2 -3 -4 6 5 -7 10 9 -10 -11 -12 12 -14 -15
leaf_value=-0.0053198463421418414 -0.0074701613497566918 0.049194975635248835 0.018876397893736498 0.0013045459849248548 0.02697402814741769 0.0013045459849248548 -0.0074701613497566918 -0.0074701613497566918 -0.0053198463421418414 -0.027061438329679541 0.0013045459849248548 0.0013045459849248548 -0.0074701613497566918 0.0013045459849248548
leaf_weight=113.61820361018181 786.62859852053225 14.498388789594172 43.704755518585443 522.99497307091951 70.328028723597527 28.821982055902481 392.09060027822852 24.922668945044279 323.36703476309776 69.021339263767004 39.379597079008818 227.07945562899113 138.09146549552679 3615.5731963664293
leaf_count=1515 18038 105 575 4864 342 121 5852 972 2081 2727 252 1068 675 20749
internal_value=0 0.00184263 -0.00432598 -0.00479524 0.00166546 0.0162568 -0.0020417 -0.00891472 0.00130455 -0.0208045 -0.00531985 -0.0059714 -0.00531985 0.00130455
internal_weight=0 4166.21 2243.91 2200.21 4151.71 99.15 1319.64 880.573 4052.56 93.944 796.641 757.262 365.171 3729.19
internal_count=59936 24913 35023 34448 24808 463 12711 21737 24345 3699 7847 7595 1743 22264
is_linear=0
shrinkage=0.05


Tree=75
num_leaves=15
num_cat=0
split_feature=6 4 0 8 9 5 11 11 9 17 3 9 11 12
split_gain=13.0208 12.9119 9.5625 7.05972 6.06574 4.41398 5.82933 4.37499 5.04992 3.77748 3.74427 3.29862 2.79733 2.68933
threshold=0.84995000000000009 3.5000000000000004 1738.5000000000002 0.61685000000000012 0.11525000000000001 3.5000000000000004 10.608550000000001 11.274050000000001 0.50185000000000013 0.23475000000000004 64.500000000000014 0.11345000000000001 10.933450000000002 20.500000000000004
decision_type=2 2 10 2 2 2 2 2 2 2 2 2 2 2
left_child=2 -2 4 5 -1 13 11 -6 -9 -4 -5 -7 -11 -3
right_child=1 3 9 10 7 6 -8 8 -10 12 -12 -13 -14 -15
leaf_value=-0.0086060288718261043 -0.0010072859694448728 0.0032734476375772302 -0.0086060288718261043 0.013455522800310827 -0.0010072859694448728 0.0032734476375772302 0.0032734476375772302 -0.0086060288718261043 -0.0010072859694448728 -0.017690614238583032 0.034946736098811736 0.013455522800310827 -0.042563543818092318 -0.0010072859694448728
leaf_weight=269.3204649426043 142.9036431312561 218.95654334127903 31.27749403193593 159.28922189027071 4298.3066503703594 16.657880246639252 294.48899836093187 295.81422348506749 80.248776322230697 43.221156345680356 21.833658255636692 252.79320001602173 16.037643346935511 275.59899202734232
leaf_count=3259 688 931 1120 696 43022 91 1405 3380 726 1517 145 1146 629 1263
internal_value=0 0.00446932 -0.00100729 0.00670426 -0.00100729 0.00513372 0.00815366 -0.00100729 -0.0070156 -0.0171683 0.015804 0.0134555 -0.0250168 0.00168059
internal_weight=0 1382.52 5034.23 1239.62 4943.69 1058.5 563.94 4674.37 376.063 90.5363 181.123 269.451 59.2588 494.556
internal_count=60018 6365 53653 5677 50387 4836 2642 47128 4106 3266 841 1237 2146 2194
is_linear=0
shrinkage=0.05


Tree=76
num_leaves=15
num_cat=0
split_feature=13 6 4 0 11 13 9 11 17 9 17 12 12 18
split_gain=13.9401 14.0171 11.3248 8.0524 7.80682 6.40737 6.01481 4.88819 4.62221 3.74622 4.13246 2.39909 1.96853 1.58975
threshold=0.081950000000000009 0.84995000000000009 3.5000000000000004 694.50000000000011 11.319450000000002 0.13235000000000002 0.14515000000000003 10.157850000000002 -0.015349999999999997 0.50185000000000013 0.051350000000000007 10.500000000000002 92.500000000000014 2.5573500000000005
decision_type=2 2 2 10 2 2 2 2 2 2 2 2 2 2
left_child=1 4 -3 5 6 8 7 -1 -2 10 -6 -9 13 -12
right_child=3 2 -4 -5 9 -7 -8 11 -10 -11 12 -13 -14 -15
leaf_value=-0.0037642801467961417 0.026672607022543607 -0.0037642801467961417 0.0028265919795389923 0.0028265919795389923 -0.013262378921567895 0.041173477245831945 -0.0037642801467961417 -0.0037642801467961417 0.0028265919795389923 -0.0037642801467961417 -0.014867427028257246 -0.013262378921567895 -0.036615294297980383 -0.031742450540834667
leaf_weight=51.819899382069707 27.388448067009449 142.61631510406733 898.07740639150143 2011.3806201294065 71.675922781229019 20.480228178203106 2701.4114056956023 25.039898529648781 54.432763829827309 44.160642806440592 53.992372015491128 234.23668677173555 25.435888137668371 20.234343573451042
leaf_count=735 120 684 4156 12013 415 127 34481 155 251 489 822 4010 882 475
internal_value=0 -0.00213753 0.00282659 0.00282659 -0.00376428 0.0167892 -0.00376428 -0.0110264 0.0102622 -0.0132624 -0.0167164 -0.0132624 -0.0244339 -0.0198284
internal_weight=0 4268.7 1040.69 2113.68 3228.01 102.301 3012.51 311.096 81.8212 215.499 171.339 259.277 99.6626 74.2267
internal_count=59815 47304 4840 12511 42464 498 39381 4900 371 3083 2594 4165 2179 1297
is_linear=0
shrinkage=0.05


Tree=77
num_leaves=15
num_cat=0
split_feature=18 16 9 0 15 9 12 16 11 11 6 12 14 12
split_gain=13.0594 11.1403 9.29728 9.03014 7.25828 6.86145 6.14869 6.06378 5.25204 5.1622 4.82614 4.12528 4.45255 3.74989
threshold=2.5025500000000007 0.058050000000000011 0.50005000000000011 1229.5000000000002 3.5000000000000004 0.55475000000000008 95.500000000000014 0.087150000000000019 10.216950000000002 11.467250000000002 0.88385000000000014 10.500000000000002 33.500000000000007 210.50000000000003
decision_type=2 2 2 10 2 2 2 2 2 2 2 2 2 2
left_child=1 2 3 8 7 9 -5 -3 -1 13 11 12 -10 -2
right_child=5 4 -4 6 -6 -7 -8 -9 10 -11 -12 -13 -14 -15
leaf_value=0.0041556423380013771 -0.0082402236522813241 0.0041556423380013771 0.0041556423380013771 -0.0016194783221046621 0.0187905616875019 0.0041556423380013771 -0.0082402236522813241 0.0187905616875019 -0.0016194783221046621 -0.034383839389578848 0.0041556423380013771 -0.0016194783221046621 0.0041556423380013771 -0.034190947073607342
leaf_weight=530.30546724796295 528.71910578198731 202.5462207403034 1074.0071720723063 893.52904608659446 122.06780440360308 47.160483367741108 576.89778189361095 65.879738373681903 105.65880417823792 18.254881713539362 353.22569872438908 1624.6288720853627 227.15872505307198 13.117783937603233
leaf_count=2892 12038 1000 7483 10525 540 767 9583 534 620 500 1582 10214 1187 412
internal_value=0 0.000587464 -4.53754e-06 -0.0010416 0.00873108 -0.00711498 -0.00422085 0.00415564 0.000604822 -0.00881765 -0.000447411 -0.00142818 0.00395881 -0.00824022
internal_weight=0 5775.91 5385.41 4311.4 390.494 607.252 1470.43 268.426 2840.98 560.092 2310.67 1957.45 332.818 541.837
internal_count=59877 46160 44086 36603 2074 13717 20108 1534 16495 12950 13603 12021 1807 12450
is_linear=0
shrinkage=0.05


Tree=78
num_leaves=15
num_cat=0
split_feature=0 8 14 0 9 13 13 12 9 10 12 3 3 9
split_gain=12.1054 9.84221 10.0436 9.32043 7.64674 6.22358 7.27596 6.13588 5.24847 3.48158 3.06905 2.62214 2.52298 1.90566
threshold=1741.5000000000002 0.71395000000000008 67.500000000000014 1229.5000000000002 0.23815000000000003 0.11705000000000002 0.13905000000000003 55.500000000000007 0.55475000000000008 54.000000000000007 113.50000000000001 74.500000000000014 17.500000000000004 0.53425000000000011
decision_type=10 2 2 10 2 2 2 2 2 2 2 2 2 2
left_child=1 3 5 4 9 12 -6 -2 10 11 -5 -1 -3 -4
right_child=7 2 13 8 6 -7 -8 -9 -10 -11 -12 -13 -14 -15
leaf_value=-0.0031695628331682387 -0.0031695628331682387 0.0022060134278465383 0.024440680591342301 -0.0031695628331682387 0.0022060134278465383 0.024440680591342301 0.024440680591342301 -0.026421697517505345 0.0022060134278465383 0.0022060134278465383 -0.0071196522853591744 0.0022060134278465383 0.018190987048664092 0.038884114039089694
leaf_weight=950.76923869550228 15.638648852705954 178.76056283712387 51.564311623573303 1301.4350333418697 2786.136226952076 14.920130118727682 16.331089586019516 66.712913388386369 135.52812972478569 140.73867172002792 577.06082626245916 79.302155673503876 25.059869807213545 24.700760528445244
leaf_count=6454 571 1103 255 18276 16183 96 95 2489 1632 934 11089 321 121 126
internal_value=0 4.03766e-05 0.00894036 -0.000399562 0.00100497 0.00344946 0.00242253 -0.0191403 -0.00316956 -0.00238727 -0.00316956 -0.00316956 0.00242253 0.0244407
internal_weight=0 6282.31 295.006 5987.3 3973.28 218.741 2802.47 82.3516 2014.02 1170.81 1878.5 1030.07 203.82 76.2651
internal_count=59745 56685 1701 54984 23987 1320 16278 3060 30997 7709 29365 6775 1224 381
is_linear=0
shrinkage=0.05


Tree=79
num_leaves=15
num_cat=0
split_feature=12 6 4 9 8 9 14 17 5 18 18 0 17 5
split_gain=11.7918 10.19 7.17595 6.75807 5.54588 4.18908 3.98151 4.20173 4.90944 3.46118 3.11547 2.81773 3.34284 2.47491
threshold=96.500000000000014 0.84995000000000009 3.5000000000000004 0.49805000000000005 0.61685000000000012 0.13145000000000004 25.500000000000004 -0.080049999999999996 3.5000000000000004 2.0828000000000002 0.052050000000000006 1741.5000000000002 0.38935000000000003 4.5000000000000009
decision_type=2 2 2 2 2 2 2 2 2 2 2 10 2 2
left_child=1 5 -3 9 6 -1 -4 -8 10 -2 -9 12 -11 -6
right_child=3 2 4 -5 13 -7 7 8 -10 11 -12 -13 -14 -15
leaf_value=-0.0061527184711437808 -0.0061527184711437808 -0.00059892964101301957 -0.00059892964101301957 -0.00059892964101301957 0.015999869866899098 -0.00059892964101301957 0.015999869866899098 0.010184486844918357 0.010184486844918357 -0.0096071155279361525 -0.00059892964101301957 -0.031889543662126978 -0.031889543662126978 0.033515664860031109
leaf_weight=338.54333413764834 670.51218157820404 87.96389140188694 160.78311457484961 247.64944609440863 113.62404520064592 3814.7029292397201 60.865765452384949 42.777320593595505 288.80164092034101 193.79426315613091 282.2433223053813 17.160319043323398 7.0698069632053366 20.001354396343231
leaf_count=3564 8289 420 743 3127 568 33103 261 182 1321 5832 1236 766 232 83
internal_value=0 0.000516886 0.00489741 -0.00510276 0.00657339 -0.00059893 0.0050484 0.00676402 0.0054525 -0.00730157 0.00122949 -0.0128639 -0.0110886 0.0159999
internal_weight=0 5210.31 1057.06 1136.19 969.097 4153.25 835.471 674.688 613.822 888.537 325.021 218.024 200.864 133.625
internal_count=59727 41481 4814 18246 4394 36667 3743 3000 2739 15119 1418 6830 6064 651
is_linear=0
shrinkage=0.05


Tree=80
num_leaves=15
num_cat=0
split_feature=17 12 16 8 18 13 12 11 10 12 18 8 0 18
split_gain=12.8028 12.0114 9.23418 7.7864 5.7116 5.03892 5.92173 6.61165 7.32161 4.90919 4.178 5.9172 4.03355 3.03315
threshold=0.31255000000000005 33.500000000000007 0.079750000000000001 0.78955000000000009 0.21825000000000003 0.26245000000000007 76.500000000000014 10.300150000000002 30.000000000000004 126.50000000000001 2.8428500000000008 0.22505000000000003 837.50000000000011 1.8244500000000003
decision_type=2 2 2 2 2 2 2 2 2 2 2 2 10 2
left_child=2 -2 3 5 -4 6 7 8 -1 10 11 13 -10 -3
right_child=1 9 4 -5 -6 -7 -8 -9 12 -11 -12 -13 -14 -15
leaf_value=0.00079628337197065789 0.00079628337197065789 -0.0030228362472565912 0.038057733350106773 0.01231140234309468 0.01231140234309468 0.01231140234309468 -0.0030228362472565912 0.00079628337197065789 0.01231140234309468 -0.019928901635582315 -0.015584555772968887 -0.0030228362472565912 0.0059491747652194796 -0.015584555772968887
leaf_weight=347.50504378974438 130.66844415664673 33.865237317979336 24.588083572685719 148.2355219759047 52.308229962363839 46.134463366121054 1205.5828844578937 3208.7719138413668 117.75892606377602 104.44436993822455 124.2600518791005 206.01683927327394 521.84670763090253 72.740392971783876
leaf_count=2161 1689 731 120 766 501 578 16365 21599 683 3180 2488 4204 3355 1370
internal_value=0 -0.00649757 0.000796283 0.000796283 0.0180117 0.000796283 0.000796283 0.00095172 0.00489888 -0.0102214 -0.00786043 -0.00475037 0.00818111 -0.0151165
internal_weight=0 671.995 5672.73 5595.84 76.8963 5447.6 5401.47 4195.88 987.111 541.327 436.883 312.622 639.606 106.606
internal_count=59790 13662 46128 45507 621 44741 44163 27798 6199 11973 8793 6305 4038 2101
is_linear=0
shrinkage=0.05


Tree=81
num_leaves=15
num_cat=0
split_feature=11 18 9 0 0 17 6 0 9 10 14 8 11 9
split_gain=11.543 13.3749 6.37775 5.42888 4.63182 3.57901 3.42118 2.92661 2.92269 4.5862 2.83338 2.94857 2.62908 2.31126
threshold=10.243150000000002 2.4427000000000008 0.30945000000000006 1674.5000000000002 1205.5000000000002 0.36845000000000006 0.88855000000000006 1720.5000000000002 0.19475000000000003 30.000000000000004 69.500000000000014 0.36915000000000003 10.550750000000003 0.5767500000000001
decision_type=2 2 2 10 10 2 2 10 2 2 2 2 2 2
left_child=2 3 -1 5 13 8 -6 -3 9 10 -2 -12 -9 -4
right_child=1 7 4 -5 6 -7 -8 12 -10 -11 11 -13 -14 -15
leaf_value=8.8601422607392875e-05 -0.0084347901789268223 -0.0087135415712430372 0.010567799817026317 -0.0087135415712430372 0.00014077883162762366 -0.0084347901789268223 0.010567799817026317 -0.0087135415712430372 8.8601422607392875e-05 -3.5435509848461425e-05 -0.0084347901789268223 -3.5435509848461425e-05 -0.031303915786397039 0.029864975856995931
leaf_weight=525.5679794922471 224.63120736926794 467.83799893781543 424.83209958672523 107.32084752246737 261.61693523265421 122.25184443593025 50.11422723531723 10.747552428394554 3518.0541432406753 524.10365656390786 47.268234990537167 48.466672703623772 26.513969392515719 14.816688388586043
leaf_count=5064 2096 10438 2307 3623 3616 2136 210 403 24014 4403 256 218 1133 79
internal_value=0 -0.000999281 0.00431498 -0.000149052 0.00726716 8.86014e-05 0.00259322 -0.00871354 8.86014e-05 -0.00291913 -0.00762192 -3.54355e-05 -0.0226135 0.0105678
internal_weight=0 5097.2 1276.95 4592.1 751.38 4484.78 311.731 505.1 4362.52 844.47 320.366 95.7349 37.2615 439.649
internal_count=59996 48720 11276 36746 6212 33123 3826 11974 30987 6973 2570 474 1536 2386
is_linear=0
shrinkage=0.05


Tree=82
num_leaves=15
num_cat=0
split_feature=0 9 16 0 10 8 13 3 13 10 13 0 18 9
split_gain=11.4329 8.67573 8.73775 7.72403 6.87822 6.86215 5.73614 5.04411 4.92623 4.88433 4.85774 3.51286 3.32174 4.00147
threshold=1738.5000000000002 0.22435000000000002 0.057450000000000008 1465.5000000000002 42.000000000000007 0.61685000000000012 0.011750000000000002 60.500000000000007 0.11395000000000001 54.000000000000007 0.090050000000000005 765.50000000000011 0.44170000000000004 0.13755000000000003
decision_type=10 2 2 10 2 2 2 2 2 2 2 10 2 2
left_child=1 3 4 6 5 10 -1 8 -4 12 -3 -9 -8 -14
right_child=-2 2 7 -5 -6 -7 9 11 -10 -11 -12 -13 13 -15
leaf_value=-0.01315732442599995 -0.018333269108157652 -0.0022294351776551854 0.00377271380610689 -0.01315732442599995 0.00377271380610689 0.00377271380610689 -0.0022294351776551854 0.037790964682085502 0.018290375180908258 0.00377271380610689 0.0020603498963217256 0.018290375180908258 -0.01315732442599995 -0.0029051039567392265
leaf_weight=87.115661730989814 83.472164459526539 1842.3008037060499 151.3807876445353 167.94459243305027 1283.7911722771823 596.4789296425879 852.85402097553015 22.974074199795723 40.085200168192387 149.9648477230221 696.46434707567096 82.207719206809998 106.19213587418199 179.89060673303902
leaf_count=874 3232 19468 974 5946 11838 3341 4769 113 202 1091 4254 393 1286 2081
internal_value=0 0.000185062 0.0012502 -0.00306688 0.000691521 -0.000570938 -0.00182667 0.00954238 0.00466662 -0.00170987 -0.00170987 0.0182904 -0.00222944 -0.0076094
internal_weight=0 6259.64 4715.68 1543.96 4419.04 3135.24 1376.02 296.648 191.466 1288.9 2538.77 105.182 1138.94 286.083
internal_count=59862 56630 40583 16047 38901 27063 10101 1682 1176 9227 23722 506 8136 3367
is_linear=0
shrinkage=0.05


Tree=83
num_leaves=15
num_cat=0
split_feature=18 9 11 16 6 17 5 4 11 0 0 0 11 0
split_gain=8.75909 7.54657 8.56858 6.5427 6.50176 8.51631 5.38915 5.43135 5.22328 4.49255 4.46704 4.44249 3.63698 2.38672
threshold=2.5025500000000007 0.22635000000000002 11.199300000000003 0.079750000000000001 0.8367500000000001 -0.080049999999999996 4.5000000000000009 3.5000000000000004 10.179850000000002 1548.5000000000002 1598.5000000000002 1343.5000000000002 10.713350000000002 735.50000000000011
decision_type=2 2 2 2 2 2 2 2 2 10 10 8 2 10
left_child=1 8 3 4 13 -6 -7 -8 -1 12 -10 -9 -2 -3
right_child=9 2 -4 -5 5 6 7 11 10 -11 -12 -13 -14 -15
leaf_value=0.0013519744446532662 -0.0030127356697496961 0.0031822160339767115 -0.0022258273903667707 0.020727222845006898 0.020727222845006898 0.0031822160339767115 0.0031822160339767115 0.020727222845006898 -0.0030127356697496961 -0.012014290785731602 -0.012014290785731602 0.0031822160339767115 -0.01043302388223734 0.0013519744446532662
leaf_weight=232.81808946654201 235.60808285698295 330.34107820689678 481.69030628725886 49.248467056080699 52.591636717319489 757.19921091943979 22.400919824838638 102.19338430464268 1152.8306614793837 189.43584359064698 51.622605565935373 28.076831072568893 167.33822989836335 2496.2974365390837
leaf_count=1965 3903 2801 3859 354 241 3395 103 447 9206 6697 2050 128 3183 21617
internal_value=0 0.000911536 0.00195561 0.00279998 0.00256156 0.0061089 0.00491965 0.01346 -0.00222583 -0.00546861 -0.00375753 0.0182545 -0.00375753 0.00135197
internal_weight=0 5757.31 4320.04 3838.35 3789.1 962.462 909.87 152.671 1437.27 592.382 1204.45 130.27 402.946 2826.64
internal_count=59949 46166 32945 29086 28732 4314 4073 678 13221 13783 11256 575 7086 24418
is_linear=0
shrinkage=0.05


Tree=84
num_leaves=15
num_cat=0
split_feature=9 11 0 3 11 17 12 12 8 17 11 17 9 14
split_gain=10.5224 9.60356 9.23173 9.41918 6.8191 6.0106 5.27895 5.2393 5.01243 3.94735 3.56111 3.90872 2.42887 2.39815
threshold=0.22435000000000002 11.243150000000002 866.50000000000011 64.500000000000014 10.478650000000002 0.38275000000000003 114.50000000000001 213.50000000000003 0.57125000000000015 0.30925000000000008 10.654950000000001 0.39425000000000004 0.5323500000000001 158.50000000000003
decision_type=2 2 10 2 2 2 2 2 2 2 2 2 2 2
left_child=7 2 3 4 5 -2 -4 9 13 -1 11 -11 -8 -5
right_child=1 -3 6 8 -6 -7 12 -9 -10 10 -12 -13 -14 -15
leaf_value=-0.0036248870485655186 0.013389935445392943 -0.0036248870485655186 0.00071360563685529817 0.013389935445392943 0.00071360563685529817 0.00071360563685529817 -0.0036248870485655186 -0.036029101999278071 0.032429190476805696 -0.0036248870485655186 -0.01959310021872562 -0.01959310021872562 0.00071360563685529817 0.028492605458393674
leaf_weight=1386.9462841264904 247.44152216613293 441.74270464014262 2907.5770664028823 88.990931034088135 422.62988888472319 48.752623103559017 466.28387659508735 11.486634988337753 41.413048133254051 60.365309927612543 72.953826090320945 21.573500789701939 94.406340677291155 27.164776280522346
leaf_count=12704 1784 4242 23133 389 3571 510 7695 364 251 1575 1936 333 1227 121
internal_value=0 0.00111001 0.00187293 0.00645485 0.00401524 0.00986601 0.000713606 -0.00362489 0.0174888 -0.00362489 -0.0116299 -0.00438909 -0.00362489 0.0133899
internal_weight=0 4786.4 4344.66 876.393 718.824 296.194 3468.27 1553.33 157.569 1541.84 154.893 81.9388 560.69 116.156
internal_count=59835 42923 38681 6626 5865 2294 32055 16912 761 16548 3844 1908 8922 510
is_linear=0
shrinkage=0.05


Tree=85
num_leaves=15
num_cat=0
split_feature=9 0 8 10 9 12 11 11 18 9 14 13 11 13
split_gain=14.3846 11.4736 7.72797 8.56271 8.56713 8.33146 5.48576 4.68647 4.32362 3.91346 5.31187 3.66312 3.49894 3.26547
threshold=0.56975000000000009 1633.5000000000002 0.61685000000000012 54.000000000000007 0.11345000000000001 97.500000000000014 10.015150000000002 9.9327500000000022 2.4427000000000008 0.11945000000000001 31.500000000000004 0.11025000000000001 10.608550000000001 0.11915000000000002
decision_type=2 10 2 2 2 2 2 2 2 2 2 2 2 2
left_child=1 2 3 4 10 6 -6 -2 -8 -3 -1 -4 -11 -9
right_child=7 9 11 -5 5 -7 8 13 -10 12 -12 -13 -14 -15
leaf_value=-0.017941805096926687 0.041542608848173457 -0.032083333200477522 0.0050341279323824206 0.0050341279323824206 0.0050341279323824206 -0.005594460291213966 0.00041609652511627872 0.011091631610644633 -0.005594460291213966 -0.005594460291213966 -0.005594460291213966 0.011091631610644633 -0.014201487438380574 0.034621615273592941
leaf_weight=114.69782779738307 12.683304170146583 17.357503176666796 490.92234189063311 685.49097975902259 332.95447711274028 656.61422322876751 3057.1996132545173 187.91917402297258 266.66512998752296 136.99266074225307 153.85452365130186 74.783496640622616 141.99360614921898 13.967105671763418
leaf_count=1742 92 769 2588 5771 2273 9367 20037 1488 4724 4456 891 410 5194 105
internal_value=0 -6.5085e-05 0.000423211 -0.00017364 -0.00095368 -0.000413172 0.000518449 0.013076 -0.000120073 -0.00964573 -0.00960147 0.0059712 -0.00814014 0.0110916
internal_weight=0 6129.53 5833.18 5267.48 4581.99 4313.43 3656.82 214.57 3323.86 296.344 268.552 565.706 278.986 201.886
internal_count=59907 58222 47803 44805 39034 36401 27034 1685 24761 10419 2633 2998 9650 1593
is_linear=0
shrinkage=0.05


Tree=86
num_leaves=15
num_cat=0
split_feature=8 14 11 12 6 9 13 11 14 3 13 11 3 11
split_gain=8.98738 7.95345 7.00132 8.97103 7.2757 9.10379 5.0139 4.65876 4.23925 7.3714 3.7251 3.48627 3.17657 3.82227
threshold=0.81815000000000004 189.50000000000003 10.243150000000002 17.500000000000004 0.79455000000000009 0.28005000000000008 0.11095000000000001 10.654950000000001 64.500000000000014 56.500000000000007 0.016250000000000004 10.822350000000002 8.5000000000000018 11.319450000000002
decision_type=2 2 2 2 2 2 2 2 2 2 2 2 2 2
left_child=1 2 -1 11 5 7 12 10 -2 -3 -5 -4 13 -7
right_child=8 9 3 4 -6 6 -8 -9 -10 -11 -12 -13 -14 -15
leaf_value=0.0025670413559122866 0.0065838418007402484 0.0025670413559122866 0.0025670413559122866 -0.012555202124763307 9.4006644039862274e-05 -0.0040756327323893523 9.4006644039862274e-05 -0.012555202124763307 0.02639285100771074 0.02639285100771074 -0.0040756327323893523 9.4006644039862274e-05 9.4006644039862274e-05 -0.012555202124763307
leaf_weight=1235.1650969684124 87.65564102306962 29.345813423395157 849.54599943757057 66.736233409494162 1185.3940205648541 1005.4454042296857 192.48818990215659 439.06500561721623 38.705858699977398 35.527859851717949 239.6771248485893 667.46860270574689 182.2027095053345 90.518642171286047
leaf_count=10982 455 124 4402 1628 5715 16026 1797 8249 204 157 3671 3643 1268 1565
internal_value=0 -0.000606324 -0.000797064 -0.00164222 -0.00306798 -0.00475859 -0.00247395 -0.00925629 0.0128111 0.0128111 -0.00450375 0.0015546 -0.00407563 -0.00407563
internal_weight=0 6218.58 6153.71 4918.54 3401.53 2216.13 1470.65 745.478 126.361 64.8737 306.413 1517.01 1278.17 1095.96
internal_count=59886 59227 58946 47964 39919 34204 20656 13548 659 281 5299 8045 18859 17591
is_linear=0
shrinkage=0.05


Tree=87
num_leaves=15
num_cat=0
split_feature=9 14 11 9 10 8 6 4 17 8 18 10 6 18
split_gain=8.66237 7.57114 7.9694 6.83517 5.34572 5.2892 5.11897 7.2135 4.23273 3.16728 2.71065 2.70068 5.9798 2.60068
threshold=0.56975000000000009 19.500000000000004 10.922950000000002 0.12935000000000002 54.000000000000007 0.90725000000000011 0.84995000000000009 4.5000000000000009 0.37325000000000003 0.40335000000000004 0.16315000000000004 54.000000000000007 0.95025000000000015 0.20595000000000002
decision_type=2 2 2 2 2 2 2 2 2 2 2 2 2 2
left_child=1 2 8 13 6 11 -3 -8 -1 10 -9 -2 -6 -4
right_child=5 4 3 -5 12 -7 7 9 -10 -11 -12 -13 -14 -15
leaf_value=-0.00062017526913420943 0.0065475533439482165 -0.00062017526913420943 -0.0056284348836142086 -0.0056284348836142086 0.0065475533439482165 0.042921674689111636 -0.00062017526913420943 0.0065475533439482165 -0.0056284348836142086 0.0065475533439482165 -0.00062017526913420943 0.024130942089020446 0.024130942089020446 -0.030683990472726713
leaf_weight=1668.3192925201729 182.84433885477483 2190.1343646198511 5.3538950756192198 609.58835239894688 397.85507225245237 10.591796055436133 337.82003596425056 77.882291108369827 206.89199631288648 452.7460937127471 84.163704693317413 22.547668350860476 27.943240523338318 38.72038681525737
leaf_count=25335 1442 11404 38 10122 2068 52 1588 354 3726 2042 418 202 127 986
internal_value=0 -0.000186185 -0.00227865 -0.00702821 0.00129687 0.00998021 0.000583624 0.0036457 -0.000620175 0.00654755 -0.000488696 0.00808173 0.00654755 -0.025834
internal_weight=0 6097.42 2528.87 653.663 3568.54 215.984 3142.75 952.612 1875.21 614.792 162.046 205.392 425.798 44.0743
internal_count=59904 58208 40207 11146 18001 1696 15806 4402 29061 2814 772 1644 2195 1024
is_linear=0
shrinkage=0.05


Tree=88
num_leaves=15
num_cat=0
split_feature=11 13 8 7 0 12 11 6 8 12 17 0 6 13
split_gain=8.97611 8.47518 11.7495 7.43466 6.6583 5.44468 7.04339 5.94923 5.1725 4.093 4.57821 4.06195 3.87458 3.15203
threshold=11.243150000000002 0.13905000000000003 0.62415000000000009 0.11561 694.50000000000011 10.500000000000002 10.194250000000002 0.72205000000000008 0.71395000000000008 118.50000000000001 0.16555000000000003 694.50000000000011 0.36045000000000005 0.26245000000000007
decision_type=2 2 2 8 10 2 2 2 2 2 2 8 2 2
left_child=1 3 4 5 -3 -1 -7 8 -8 -2 -11 -5 13 -6
right_child=9 2 -4 11 12 6 7 -9 -10 10 -12 -13 -14 -15
leaf_value=0.0017535506877774502 -0.0056762832811394978 0.040305357234504076 0.058008492882078766 0.017304664286275355 0.0017535506877774502 0.0017535506877774502 -0.0056762832811394978 0.0017535506877774502 0.0017535506877774502 -0.0059078916953206563 -0.031777162601379243 0.0017535506877774502 0.021516021584883319 0.016826705512315673
leaf_weight=213.7687354311347 502.50730095338076 13.58924877643585 11.601693801581858 41.003240615129471 100.11601831018925 290.21946475841105 1097.355772132054 64.075547620654106 51.136747725307941 38.08851982280612 30.912201054394245 3816.7031095102429 28.162486720830202 33.783681422472
leaf_count=1224 4576 88 88 184 1491 4813 21619 377 502 304 1003 22976 328 436
internal_value=0 0.000888074 0.0113224 0.000535592 0.00792787 -0.00220102 -0.00343445 -0.00516485 -0.00567628 -0.00567628 -0.0177857 0.00175355 0.00498243 0.00175355
internal_weight=0 5761.52 187.253 5574.26 175.651 1716.56 1502.79 1212.57 1148.49 571.508 69.0007 3857.71 162.062 133.9
internal_count=60009 54126 2431 51695 2343 28535 27311 22498 22121 5883 1307 23160 2255 1927
is_linear=0
shrinkage=0.05


Tree=89
num_leaves=15
num_cat=0
split_feature=9 14 11 9 3 17 8 17 12 11 12 11 9 12
split_gain=8.07403 9.05202 9.97459 7.35233 7.07129 5.41748 4.75098 4.63435 5.74215 2.81968 2.78934 5.11902 4.62143 2.68736
threshold=0.57345000000000013 20.500000000000004 10.956350000000002 0.11525000000000001 64.500000000000014 -0.015349999999999997 0.35575000000000007 0.37325000000000003 33.500000000000007 11.243150000000002 121.50000000000001 11.446300000000003 0.26625000000000004 69.500000000000014
decision_type=2 2 2 2 2 2 2 2 2 2 2 2 2 2
left_child=1 2 7 -4 9 6 -6 13 -9 -3 -5 12 -12 -1
right_child=-2 4 3 10 5 -7 -8 8 -10 -11 11 -13 -14 -15
leaf_value=0.00034009477800869001 0.01072326608585937 0.00034009477800869001 -0.034127569679912456 -0.0071559664474249648 0.00034009477800869001 0.00034009477800869001 0.01072326608585937 -0.00017313479141352518 -0.0071559664474249648 -0.0045777388789462426 -0.02892952041562484 -0.034127569679912456 -0.0071559664474249648 -0.0028365179442242181
leaf_weight=1051.747416254133 163.77203557081521 2889.333699464798 25.514880238100886 477.19148550182581 40.796641573309898 142.93244065344334 221.7965372055769 52.256700944155455 160.47307697311044 290.47398696839809 25.129537644796073 16.662219573743641 63.519586626440287 710.83690191153437
leaf_count=11451 1274 14603 629 7042 165 646 1026 632 3214 1586 764 443 1460 15039
internal_value=0 -0.00049168 -0.00274755 -0.00834198 0.00113405 0.00734348 0.0107233 -0.00102219 -0.00715597 0.000340095 -0.00715597 -0.0152846 -0.0101111 -0.000173135
internal_weight=0 6168.67 2583.33 608.018 3585.33 405.526 262.593 1975.31 212.73 3179.81 582.503 105.311 88.6491 1762.58
internal_count=59974 58700 40674 10338 18026 1837 1191 30336 3846 16189 9709 2667 2224 26490
is_linear=0
shrinkage=0.05


Tree=90
num_leaves=15
num_cat=0
split_feature=0 11 8 17 0 18 11 0 0 10 18 5 13 13
split_gain=9.02597 7.60523 6.98476 6.6058 6.0116 8.08595 7.3615 5.1008 5.99809 4.26127 2.96787 2.8751 3.29852 4.74283
threshold=1779.5000000000002 10.002750000000002 0.41525000000000006 0.43705000000000005 1214.5000000000002 3.1319000000000004 11.344450000000002 837.50000000000011 694.50000000000011 30.000000000000004 0.19355000000000003 4.5000000000000009 0.11395000000000001 0.15495000000000003
decision_type=10 2 2 2 10 2 2 10 8 2 2 2 2 2
left_child=1 7 3 4 9 6 -6 -1 -4 -3 -8 12 -9 -10
right_child=-2 2 8 -5 5 -7 10 11 13 -11 -12 -13 -14 -15
leaf_value=0.015935702735521591 -0.027413795539087127 -0.0023188254725417692 0.015935702735521591 -0.026565191257699128 -0.0023188254725417692 -0.020838344233376146 -0.0023188254725417692 0.00137292387660912 0.00137292387660912 0.00137292387660912 -0.020838344233376146 0.015935702735521591 0.014515096298138467 0.014515096298138467
leaf_weight=105.7953243330121 28.221539259888232 453.35657371208072 29.539261214435101 25.793989468365908 900.47816186584532 70.880101514048874 8.0936320945620519 344.1840592045337 2845.9868004191667 1330.9795550666749 49.865187738090754 30.691014155745506 49.701386861503124 44.278868604451418
leaf_count=775 1156 3565 136 338 18854 2697 57 3330 17278 9524 1334 148 368 470
internal_value=0 0.000439258 -8.88019e-05 -0.0018542 -0.0016183 -0.00465923 -0.00344225 0.00616278 0.00162805 0.000137523 -0.0205609 0.00369585 0.00250801 0.00137292
internal_weight=0 6289.62 5759.25 2839.45 2813.65 1029.32 958.437 530.372 2919.8 1784.34 57.9588 424.576 393.885 2890.27
internal_count=60030 58874 54253 36369 36031 22942 20245 4621 17884 13089 1391 3846 3698 17748
is_linear=0
shrinkage=0.05


Tree=91
num_leaves=15
num_cat=0
split_feature=13 8 11 6 12 11 0 16 11 14 0 8 13 8
split_gain=8.34148 6.97392 6.05673 5.12132 4.52403 4.67617 3.42534 5.22202 5.26494 3.23266 2.96288 2.92406 2.76466 2.48782
threshold=0.26245000000000007 0.78955000000000009 11.021050000000002 0.96305000000000007 68.500000000000014 10.223950000000002 837.50000000000011 0.037750000000000006 9.9764500000000016 64.500000000000014 1735.5000000000002 0.20585000000000003 0.029950000000000001 0.35125000000000006
decision_type=2 2 2 2 2 2 10 2 2 2 10 2 2 2
left_child=1 2 3 4 6 -6 7 8 -1 -3 13 -2 -7 -4
right_child=11 9 10 -5 5 12 -8 -9 -10 -11 -12 -13 -14 -15
leaf_value=0.010034439475764635 0.010034439475764635 0.010034439475764635 -0.0075915384055888066 0.010034439475764635 0.0010908026528020558 -0.0035053284500741067 0.0010908026528020558 0.010034439475764635 0.0010908026528020558 0.020613973609304961 -0.024479775199450628 0.027435650406227075 0.0010908026528020558 -0.0035053284500741067
leaf_weight=67.500323958694935 6.5181512683629981 112.07860445976257 378.65367121435702 134.55622421950102 289.75565091334283 862.40890198107809 2672.9951821416616 202.94875852763653 581.493139911443 45.008459314703941 15.865265699103473 41.647644966840744 82.673064650967717 809.81624333932996
leaf_count=521 95 623 5902 607 4402 14288 19011 963 5162 239 736 504 1178 5751
internal_value=0 -6.17083e-05 -0.000330415 0.000451384 0.000178426 -0.0024248 0.0010908 0.00425958 0.00203435 0.0103065 -0.00350533 0.020614 -0.00350533 -0.00350533
internal_weight=0 6255.75 6098.67 4894.33 4759.78 1234.84 3524.94 851.942 648.993 157.087 1204.34 48.1658 945.082 1188.47
internal_count=59982 59383 58521 46132 45525 19868 25657 6646 5683 862 12389 599 15466 11653
is_linear=0
shrinkage=0.05


Tree=92
num_leaves=15
num_cat=0
split_feature=13 8 0 14 9 0 16 16 0 6 9 11 17 8
split_gain=6.92533 8.13833 8.69347 6.68045 7.34766 5.73728 4.82038 4.88036 4.02643 3.70891 3.64984 3.35385 3.12097 3.06834
threshold=0.13905000000000003 0.62415000000000009 694.50000000000011 19.500000000000004 0.53025000000000011 1157.5000000000002 0.058050000000000011 0.087150000000000019 1738.5000000000002 0.23935000000000003 0.55475000000000008 10.209050000000001 0.36685000000000006 0.90725000000000011
decision_type=2 2 10 2 2 10 2 2 10 2 2 2 2 2
left_child=3 2 -2 4 5 12 10 13 -7 11 -4 -10 -1 -5
right_child=1 -3 6 7 -6 8 -8 -9 9 -11 -12 -13 -14 -15
leaf_value=0.00084702750868190604 0.040900714673030553 0.043724038890953686 0.00099180437286442965 0.00099180437286442965 0.00099180437286442965 -0.0052723989853324963 0.040900714673030553 0.018770228682601725 -0.0064376870098962688 -0.0064376870098962688 0.02772020687525464 -0.038043614390111197 -0.0052723989853324963 0.016101622890025469
leaf_weight=709.55852500721812 15.4151429310441 14.566693156957625 159.89731163345277 3623.4619223177433 342.90698253549635 1112.5996851231903 6.2145856693387023 37.604729816317558 6.2446631267666879 35.806539646349847 11.780285429209469 25.586465953849256 186.04456472024322 33.168968819081783
leaf_count=5888 99 106 2301 18227 4149 23332 57 187 236 1562 127 1153 2378 171
internal_value=0 0.00891296 0.00607824 -0.000345588 -0.0023878 -0.00371487 0.00284895 0.000991804 -0.0060032 -0.0177725 0.00115749 -0.0299384 -0.000695951 0.000991804
internal_weight=0 207.874 193.307 6112.98 2418.75 2075.84 177.892 3694.24 1180.24 67.6377 171.678 31.8311 895.603 3656.63
internal_count=59973 2690 2584 57283 38698 34549 2485 18585 26283 2951 2428 1389 8266 18398
is_linear=0
shrinkage=0.05


Tree=93
num_leaves=15
num_cat=0
split_feature=9 15 16 0 18 17 0 8 17 11 18 8 13 13
split_gain=7.17797 7.8777 6.44759 5.4932 5.0112 4.98832 6.80725 4.4545 4.3039 3.11016 2.07422 1.4427 1.32692 1.02855
threshold=0.56975000000000009 3.5000000000000004 0.054950000000000006 1741.5000000000002 0.16315000000000004 0.21255000000000004 1770.5000000000002 0.90725000000000011 0.010050000000000002 9.9764500000000016 3.0488500000000003 0.36485000000000006 0.019050000000000001 0.11915000000000002
decision_type=2 2 2 10 2 2 8 2 2 2 2 2 2 2
left_child=1 3 4 -1 8 6 -5 9 11 -2 -7 -3 -8 -11
right_child=7 2 -4 5 -6 10 12 -9 -10 13 -12 -13 -14 -15
leaf_value=-0.00048831726477410915 0.03289793690290034 -0.00048831726477410915 0.0089921406453167853 0.03790197499591081 -0.00048831726477410915 -0.020692873609778149 -0.020692873609778149 0.0405347639221273 -0.00048831726477410915 0.0089921406453167853 -0.045731129396191318 0.0089921406453167853 -0.00048831726477410915 0.027329132691410414
leaf_weight=5608.6686151912436 13.849631823599337 25.568692266941071 130.13613207638264 9.0952034723013657 119.73098753392696 43.331047744490206 4.7127849524840695 10.274200350046156 28.248827002942562 181.23169277049601 8.3508480452001077 112.54443722218275 4.1213512206450105 14.896596115082501
leaf_count=53461 106 109 581 378 516 1820 200 51 124 1446 401 497 176 111
internal_value=0 -0.000175755 0.00645542 -0.000662885 0.000881719 -0.0145219 -0.000488317 0.00899214 0.0083478 0.00899214 -0.0228644 0.00899214 -0.0206929 0.00899214
internal_weight=0 6094.51 416.229 5678.28 286.093 69.6112 17.9293 220.252 166.362 209.978 51.6819 138.113 8.83414 196.128
internal_count=59977 58263 1827 56436 1246 2975 754 1714 730 1663 2221 606 376 1557
is_linear=0
shrinkage=0.05


Tree=94
num_leaves=15
num_cat=0
split_feature=9 0 10 0 14 9 14 6 6 11 18 0 0 18
split_gain=6.96044 6.89762 6.40371 5.94408 3.34405 2.83844 2.43506 1.94001 1.72619 1.5446 2.11185 1.56057 0.912048 0.834127
threshold=0.11945000000000001 694.50000000000011 30.000000000000004 1178.5000000000002 72.500000000000014 0.30755000000000005 148.50000000000003 0.92485000000000006 0.93785000000000007 11.064550000000002 2.8762500000000002 1178.5000000000002 1157.5000000000002 0.24765000000000001
decision_type=2 8 2 8 2 2 2 2 2 2 2 10 10 2
left_child=2 5 6 -4 7 -2 8 9 12 10 11 -5 -1 -13
right_child=1 -3 3 4 -6 -7 -8 -9 -10 -11 -12 13 -14 -15
leaf_value=-0.013929278204914032 0.0067903141104007471 -3.0177091535602129e-05 0.0067903141104007471 -3.0177091535602129e-05 -3.0177091535602129e-05 0.030927468405496084 -3.0177091535602129e-05 -3.0177091535602129e-05 -3.0177091535602129e-05 -0.018764136640583271 -0.018764136640583271 -0.0012114125260008124 -0.023109490901846913 -0.014461130460998735
leaf_weight=60.141099579632282 19.993832215666771 5873.6255760323256 108.247976526618 16.700886197388172 10.650007724761961 23.977454341948032 9.5863426178693754 9.3139123395085317 11.333822444081305 15.541322000324724 9.9224852100014669 16.250105559825897 62.710438271053135 45.20770366769284
leaf_count=466 83 55323 599 210 70 116 41 57 61 340 295 122 1062 991
internal_value=0 0.000119175 -0.0068912 -0.00173102 -0.00918936 0.0196264 -0.0151426 -0.0128796 -0.0170482 -0.0150689 -0.0108056 -0.00683008 -0.0187641 -0.0110333
internal_weight=0 5917.6 375.606 231.834 123.586 43.9713 143.772 112.936 134.185 103.623 88.0812 78.1587 122.852 61.4578
internal_count=59836 55522 4314 2684 2085 199 1630 2015 1589 1958 1618 1323 1528 1113
is_linear=0
shrinkage=0.05


Tree=95
num_leaves=15
num_cat=0
split_feature=6 4 0 9 18 14 13 18 6 0 11 9 4 9
split_gain=6.12941 7.79456 3.58731 3.43243 3.80553 3.0875 3.62234 6.64235 2.95489 2.83479 1.97034 2.15237 0.775882 0.959754
threshold=0.84995000000000009 3.5000000000000004 1751.5000000000002 0.27655000000000007 3.0488500000000003 9.5000000000000018 0.13235000000000002 0.13395000000000004 0.097650000000000015 1826.5000000000002 11.295650000000002 0.22245000000000001 4.5000000000000009 0.10145000000000003
decision_type=2 2 10 2 2 2 2 2 2 8 2 2 2 2
left_child=2 -2 -1 -4 8 -3 10 -8 -5 -10 11 12 -7 -14
right_child=1 5 3 4 -6 6 7 -9 9 -11 -12 -13 13 -15
leaf_value=-0.00071841026081934231 -0.00071841026081934231 -0.00071841026081934231 -0.030322820826277259 -0.030322820826277259 -0.030322820826277259 -0.00071841026081934231 0.043010858000837884 0.0052559527038240359 0.015639091257491744 -0.030322820826277259 -0.00071841026081934231 0.0052559527038240359 -0.00071841026081934231 0.0046039615514939089
leaf_weight=4876.0204525943846 141.58123648166656 125.15364775061607 18.373774364590645 4.145117759704589 6.5832764878869048 64.827432960271835 17.2748112231493 19.856010064482689 26.546059013344351 2.1454314561560741 81.081447146832943 722.84938949346542 26.229422837495804 165.54155907779932
leaf_count=51021 684 575 965 164 284 351 78 92 990 83 389 3237 128 788
internal_value=0 0.00306682 -0.00071841 -0.0130694 -0.00447626 0.00493036 0.00580613 0.0209703 -0.00071841 -0.00071841 0.00525595 0.00525595 0.000492326 0.00274912
internal_weight=0 1364.39 4933.81 57.7937 39.4199 1222.81 1097.66 37.1308 32.8366 28.6915 1060.53 979.448 256.598 191.771
internal_count=59829 6322 53507 2486 1521 5638 5063 170 1237 1073 4893 4504 1267 916
is_linear=0
shrinkage=0.05


Tree=96
num_leaves=15
num_cat=0
split_feature=9 11 17 8 0 9 18 12 12 0 4 11 9 6
split_gain=7.25528 7.40955 7.1417 6.87943 6.86688 6.19007 4.87129 4.35132 3.01871 2.64531 3.23183 2.54685 2.89074 2.69233
threshold=0.11525000000000001 11.274050000000001 0.37325000000000003 0.78955000000000009 694.50000000000011 0.31355000000000005 2.1405000000000007 22.500000000000004 33.500000000000007 908.50000000000011 4.5000000000000009 10.803950000000002 0.49385000000000007 0.82375000000000009
decision_type=2 2 2 2 10 2 2 2 2 8 2 2 2 2
left_child=6 2 3 4 5 7 -1 -2 -4 -5 -7 -8 -11 -14
right_child=1 -3 8 9 -6 10 11 -9 -10 12 -12 -13 13 -15
leaf_value=-0.0056331986689491459 0.010842803827393992 -0.0056331986689491459 0.00034557406571348876 0.030035596707924633 0.00034557406571348876 0.010842803827393992 -0.0139339833712169 0.00034557406571348876 -0.0056331986689491459 0.00034557406571348876 0.025256500507182162 -0.041120468597394239 0.0093360429967675115 0.029960653273569518
leaf_weight=293.44343701563776 53.156068574637175 475.12780200783163 61.210075490176678 17.636431209743023 4578.030194141902 274.20201259106398 27.526982153765857 145.04691569134593 185.25716215185821 37.717086806893349 38.455913722515106 12.879946622997521 75.086203467100859 19.698969088494778
leaf_count=2628 309 4882 752 116 41224 2505 796 1655 3728 167 175 453 433 96
internal_value=0 0.000350074 0.000869249 0.00127216 0.000959742 0.00645212 -0.0072137 0.000345574 -0.0056332 0.0117849 0.0108428 -0.0233836 0.0108428 0.0138904
internal_weight=0 5960.62 5485.5 5239.03 5088.89 510.861 333.85 198.203 246.467 150.139 312.658 40.4069 132.502 94.7852
internal_count=59919 56042 51160 46680 45868 4644 3877 1964 4480 812 2680 1249 696 529
is_linear=0
shrinkage=0.05


Tree=97
num_leaves=15
num_cat=0
split_feature=16 10 9 13 12 18 18 13 9 12 14 12 10 12
split_gain=8.18923 7.72263 7.09953 9.33116 6.59951 6.59829 5.91745 3.43359 3.43152 2.90976 2.76197 2.5648 2.48245 2.38316
threshold=0.087150000000000019 54.000000000000007 0.50375000000000014 0.079550000000000023 117.50000000000001 0.21825000000000003 2.5025500000000007 0.10735000000000001 0.30945000000000006 17.500000000000004 54.500000000000007 33.500000000000007 30.000000000000004 236.50000000000003
decision_type=2 2 2 2 2 2 2 2 2 2 2 2 2 2
left_child=1 2 3 4 6 -2 -1 10 9 12 -7 -8 -5 -6
right_child=5 -3 -4 8 13 7 11 -9 -10 -11 -12 -13 -14 -15
leaf_value=-0.001372735501135613 0.041655830464563427 0.004657567714835993 0.0028794791662791943 -0.001372735501135613 -0.0087884460255229901 0.004657567714835993 -0.001372735501135613 0.037364853766235176 0.0028794791662791943 -0.001372735501135613 0.031694896499176381 -0.0087884460255229901 0.0028794791662791943 -0.037785815654826173
leaf_weight=2087.0331414556131 18.29677677154541 727.77739650011063 1049.0477640852332 189.89787375181913 466.45549925882369 39.901352262124419 65.883105198852718 7.5005527436733237 769.81191385909915 374.50460147298872 8.8425489664077741 239.8977466924116 257.16951312124729 6.1774376742541781
leaf_count=18231 90 7156 8371 1029 8721 519 977 60 4364 2774 45 6000 1410 207
internal_value=0 -0.000179361 -0.000819445 -0.00169055 -0.0033951 0.0163827 -0.00232657 0.0075771 0.00137887 -0.00096741 0.00465757 -0.00878845 0.00269431 -0.00878845
internal_weight=0 6233.66 5505.88 4456.83 2865.45 74.5412 2392.81 56.2445 1591.38 821.572 48.7439 305.781 447.067 472.633
internal_count=59954 59240 52084 43713 34136 714 25208 624 9577 5213 564 6977 2439 8928
is_linear=0
shrinkage=0.05


Tree=98
num_leaves=15
num_cat=0
split_feature=13 10 6 11 12 18 12 17 9 6 11 11 17 9
split_gain=8.24538 5.23405 7.14657 6.79472 5.75052 5.11378 5.22047 4.67843 4.14609 6.25339 3.10531 3.08493 2.71297 1.8379
threshold=0.26245000000000007 54.000000000000007 0.95025000000000015 11.021050000000002 118.50000000000001 0.20595000000000002 13.500000000000002 0.19345000000000004 0.16955000000000003 0.97195000000000009 11.225650000000002 10.708750000000002 0.37175000000000008 0.24225000000000002
decision_type=2 2 2 2 2 2 2 2 2 2 2 2 2 2
left_child=1 3 5 8 -5 6 11 -6 -1 12 13 -3 -10 -9
right_child=-2 2 -4 4 7 -7 -8 10 9 -11 -12 -13 -14 -15
leaf_value=-0.0031065738612266881 0.020155663812950975 0.020155663812950975 0.020155663812950975 -0.0031065738612266881 -0.0066878595741628969 -4.0074609713379573e-05 0.0040490702223751193 -0.036421694906341971 -4.0074609713379573e-05 0.019019863656442815 -0.039447123140941294 0.0040490702223751193 -0.0031065738612266881 -0.0066878595741628969
leaf_weight=647.59902677685022 48.233986247330904 29.970451191067696 33.836134046316147 964.63371064141393 79.762601139955223 477.50496317818761 161.63819117844105 5.7768047396093669 3544.3117662407458 47.298927009105682 23.004259517416358 28.236090034246445 175.5171311898157 20.478258202783763
leaf_count=7144 580 146 154 8640 786 5934 806 259 30580 212 812 141 3106 594
internal_value=0 -0.000386666 0.00358518 -0.000914446 -0.00444073 0.0024342 0.008749 -0.014315 -4.00746e-05 -4.00746e-05 -0.0262863 0.0201557 -4.00746e-05 -0.0137307
internal_weight=0 6239.57 731.186 5508.38 1093.66 697.35 219.845 129.022 4414.73 3767.13 49.2593 58.2065 3719.83 26.2551
internal_count=59894 59314 7181 52133 11091 7027 1093 2451 41042 33898 1665 287 33686 853
is_linear=0
shrinkage=0.05


Tree=99
num_leaves=15
num_cat=0
split_feature=9 10 6 9 0 0 13 6 5 0 14 0 0 12
split_gain=6.7814 6.28021 4.40764 4.56097 3.47744 3.46059 3.97498 3.93492 3.90663 3.11667 2.73691 1.99683 2.04188 1.84865
threshold=0.13755000000000003 42.000000000000007 0.97195000000000009 0.56975000000000009 1178.5000000000002 1229.5000000000002 0.14555000000000004 0.84995000000000009 3.5000000000000004 1661.5000000000002 141.50000000000003 1285.5000000000002 778.50000000000011 22.500000000000004
decision_type=2 2 2 2 10 10 2 2 2 8 2 10 10 2
left_child=1 9 3 5 -3 6 7 -2 10 -1 -9 -4 -5 -12
right_child=2 4 11 12 -6 -7 -8 8 -10 -11 13 -13 -14 -15
leaf_value=-0.0073554616985739528 0.00020167750658896919 0.00020167750658896919 0.018020391633072227 0.018020391633072227 -0.0091726680152869663 -0.0019926661423477596 0.0074924665804647714 0.00020167750658896919 0.0074924665804647714 -0.020359474603386579 0.0074924665804647714 0.0074924665804647714 0.0074924665804647714 0.00020167750658896919
leaf_weight=336.62562254071236 2860.7756500020623 103.36300109326839 59.249534755945206 33.402057878673077 71.61931798607111 1883.9539665374905 15.967105120420454 272.60908215492964 303.5647628903389 53.024599530734122 65.275889933109283 18.265674322843552 182.99302920140326 26.235973849892616
leaf_count=3370 18104 704 263 264 1267 30074 103 1234 1365 1177 297 85 1435 120
internal_value=0 -0.00553723 0.000201678 0.000201678 0.000201678 0.000201678 0.000658746 0.000439632 0.004076 -0.00917267 0.000544134 0.0120484 0.00749247 0.00749247
internal_weight=0 564.633 5722.29 5644.78 174.982 5428.38 3544.43 3528.46 667.686 389.65 364.121 77.5152 216.395 91.5119
internal_count=59862 6518 53344 52996 1971 51297 21223 21120 3016 4547 1651 348 1699 417
is_linear=0
shrinkage=0.05


Tree=100
num_leaves=15
num_cat=0
split_feature=11 17 12 8 6 11 12 9 0 13 13 13 4 5
split_gain=6.05825 5.57059 3.74117 5.03873 4.97336 4.80673 4.33878 2.56111 2.49201 2.35636 2.07235 2.16788 1.82521 1.73973
threshold=10.243150000000002 0.43705000000000005 113.50000000000001 0.29005000000000009 0.84995000000000009 10.861350000000002 8.5000000000000018 0.57855000000000012 1465.5000000000002 0.25335000000000008 0.15495000000000003 0.20925000000000002 1.5000000000000002 1.0000000180025095e-35
decision_type=2 2 2 2 2 2 2 2 10 2 2 2 2 2
left_child=7 2 4 5 6 8 -2 9 -4 -1 -8 -5 -10 -14
right_child=1 -3 3 11 -6 -7 10 -9 12 -11 -12 -13 13 -15
leaf_value=0.0032642443960571726 0.0032642443960571726 -0.023728921589223684 -0.0018198647545788248 -0.0018198647545788248 0.0032642443960571726 -0.023728921589223684 -0.0016067151765571178 0.02178723642620653 -0.01861843264064926 0.02178723642620653 0.0032642443960571726 0.0032642443960571726 -0.01861843264064926 -0.0018198647545788248
leaf_weight=1236.1073933523148 252.91909192502499 24.911217585206032 29.918624803423882 510.25663390569389 921.95304378122091 44.990315414965153 3086.0073707448319 17.692505666986108 41.592359561473131 11.289515130221842 75.847953649237752 29.830927260220051 3.6088216332718721 10.117623597383497
leaf_count=10908 1340 330 589 6893 4256 1734 30141 127 1623 132 1001 349 137 394
internal_value=0 -0.000605103 -0.000485342 -0.00395876 5.23236e-05 -0.0127478 -0.000827707 0.00326424 -0.00558042 0.00326424 -0.00137428 -0.00181986 -0.0133235 -0.00181986
internal_weight=0 5031.95 5007.04 670.315 4336.73 130.228 3414.77 1265.09 85.2374 1247.4 3161.86 540.088 55.3188 13.7264
internal_count=59954 48787 48457 11719 36738 4477 32482 11167 2743 11040 31142 7242 2154 531
is_linear=0
shrinkage=0.05


Tree=101
num_leaves=15
num_cat=0
split_feature=13 11 5 9 9 11 18 0 9 11 13 6 13 0
split_gain=6.30576 5.89667 4.82643 5.00601 4.80336 7.44815 6.34602 4.33969 3.29921 3.23425 2.81909 2.42615 2.48002 2.35203
threshold=0.26245000000000007 9.9915500000000019 4.5000000000000009 0.31155000000000005 0.50005000000000011 11.344450000000002 0.25195000000000006 866.50000000000011 0.5323500000000001 10.626950000000003 0.019050000000000001 0.9335500000000001 0.11175 1211.5000000000002
decision_type=2 2 2 2 2 2 2 10 2 2 2 2 2 8
left_child=1 2 3 -1 5 -3 -7 10 9 -2 -5 12 -8 -14
right_child=8 4 -4 7 -6 6 11 -9 -10 -11 -12 -13 13 -15
leaf_value=-0.00057968387407187553 0.025890730127594616 -0.00079548620057933838 0.017567908455827081 0.0047314624232809108 0.0022882766255676507 -0.00079548620057933838 -0.019389820595246202 0.0047314624232809108 0.050504162375545406 0.0022882766255676507 0.017567908455827081 -0.00079548620057933838 -0.00079548620057933838 -0.019389820595246202
leaf_weight=193.08715368807316 19.849333342164755 4291.3930115755647 30.508514456450939 18.453329540789127 1162.7431649733335 117.37513189762831 137.72092322539538 220.19724034331739 6.8877891823649398 23.041343417018652 41.826552502810955 6.2796800732612601 7.8875081911683109 8.2255256623029691
leaf_count=1889 239 42373 145 158 9325 630 2295 1974 61 284 257 33 46 130
internal_value=0 -0.000123392 0.00505581 0.00368652 -0.000579684 -0.0013099 -0.0092339 0.00808916 0.0175679 0.0175679 0.0175679 -0.0156803 -0.0172187 -0.000795486
internal_weight=0 6235.7 504.073 473.564 5731.62 4568.88 277.489 280.477 49.7785 42.8907 60.2799 160.114 153.834 16.113
internal_count=59839 59255 4423 4278 54832 45507 3134 2389 584 523 415 2504 2471 176
is_linear=0
shrinkage=0.05


Tree=102
num_leaves=15
num_cat=0
split_feature=9 15 16 0 8 16 11 0 6 3 11 6 0 10
split_gain=5.54164 4.85434 5.87512 4.56663 4.52782 3.40265 3.5801 2.83411 2.7923 3.4362 2.16935 1.3706 0.789337 1.72795
threshold=0.56975000000000009 3.5000000000000004 0.054950000000000006 1751.5000000000002 0.30215000000000009 0.087150000000000019 11.021050000000002 1805.5000000000002 0.84995000000000009 47.500000000000007 9.9327500000000022 0.097650000000000015 778.50000000000011 30.000000000000004
decision_type=2 2 2 10 2 2 2 8 2 2 2 2 10 2
left_child=1 3 8 5 -5 6 -1 11 -3 -10 -2 -6 13 -12
right_child=10 2 -4 4 7 -7 -8 -9 9 -11 12 -13 -14 -15
leaf_value=2.0173031375736913e-05 0.027189501515221627 2.0173031375736913e-05 0.0079560777446216376 -0.031587950841359798 -0.030298667745045145 0.0079560777446216376 -0.0024293438551958729 -0.030298667745045145 2.0173031375736913e-05 0.0079560777446216376 0.0079560777446216376 -0.0024293438551958729 0.0079560777446216376 0.02611989302296196
leaf_weight=4446.4532471522689 13.831890773028134 151.23325964063406 134.49447102844715 22.23412293754518 3.0092967916280271 73.432283242233098 1077.6791056897491 6.1502773603424421 41.905480608344078 96.106646157801151 11.362426370382311 22.450609014369547 176.4121624045074 19.708471082150936
leaf_count=42091 96 654 601 1201 121 680 11271 239 177 434 89 841 1382 152
internal_value=0 -8.11947e-05 0.00507396 -0.000468555 -0.0148263 -0.00032782 -0.000475179 -0.00242934 2.0173e-05 0.00710656 0.00795608 0.00519361 0.00795608 0.0166947
internal_weight=0 6075.15 423.74 5651.41 53.8443 5597.56 5524.13 31.6102 289.245 138.012 221.315 25.4599 207.483 31.0709
internal_count=60029 58310 1866 56444 2402 54042 53362 1201 1265 611 1719 962 1623 241
is_linear=0
shrinkage=0.05


Tree=103
num_leaves=15
num_cat=0
split_feature=9 16 18 0 13 11 13 9 12 18 8 13 17 11
split_gain=6.56799 5.23723 6.92492 4.89841 4.95889 4.54915 3.88244 3.77233 3.14731 2.92 3.84216 2.764 1.30689 1.15464
threshold=0.11525000000000001 0.079750000000000001 0.21825000000000003 694.50000000000011 0.02315 11.274050000000001 0.10955000000000002 0.50185000000000013 32.500000000000007 2.8762500000000002 0.16815000000000002 0.081950000000000009 0.011150000000000002 9.9484500000000011
decision_type=2 2 2 10 2 2 2 2 2 2 2 2 2 2
left_child=9 3 -3 4 8 11 12 -7 -2 13 -11 -5 -4 -1
right_child=1 2 6 5 -6 7 -8 -9 -10 10 -12 -13 -14 -15
leaf_value=-0.00021409971929866147 0.0038354454223940046 0.036105840024784244 0.027606954785964196 -0.00021409971929866147 0.0038354454223940046 -0.0067403149031475696 0.036105840024784244 -0.00021409971929866147 -0.00021409971929866147 -0.044150827352369477 -0.0067403149031475696 0.0019251435737281401 0.0038354454223940046 -0.0067403149031475696
leaf_weight=21.760219670832157 112.32720071822405 22.340219579637051 7.7613228261470786 2995.637533152476 339.77233016118407 316.95704683754593 7.6993873231112948 88.571698131039739 295.23633176460862 11.144111658446489 4.3217680957168332 1723.0439858306199 43.317038284614682 290.99315597582608
leaf_count=198 1268 106 38 33543 2802 3422 59 731 3343 328 191 10171 543 3121
internal_value=0 0.000514581 0.0130543 0.000339146 0.00383545 -0.0002141 0.00383545 -0.00550331 -0.0002141 -0.00674031 -0.0278614 -0.0002141 0.00383545 -0.00674031
internal_weight=0 5952.66 81.118 5871.55 747.336 5124.21 58.7777 405.529 407.564 328.219 15.4659 4718.68 51.0784 312.753
internal_count=59864 56026 746 55280 7413 47867 640 4153 4611 3838 519 43714 581 3319
is_linear=0
shrinkage=0.05


Tree=104
num_leaves=15
num_cat=0
split_feature=13 9 11 9 6 4 0 13 17 18 12 11 12 3
split_gain=5.62982 6.76873 5.41626 5.82706 4.88757 7.22461 4.19156 7.42618 4.68105 3.58294 2.3186 3.58589 1.65684 1.63
threshold=0.081950000000000009 0.50375000000000014 11.344450000000002 0.11345000000000001 0.79935000000000012 3.5000000000000004 694.50000000000011 0.13235000000000002 -0.015349999999999997 2.3969500000000004 85.500000000000014 10.545850000000002 10.500000000000002 16.500000000000004
decision_type=2 2 2 2 2 2 10 2 2 2 2 2 2 2
left_child=1 2 3 12 10 -6 7 8 -2 -4 -5 -12 -1 -13
right_child=6 -3 9 4 5 -7 -8 -9 -10 -11 11 13 -14 -15
leaf_value=-0.0025433013661439186 0.023414407220314765 0.0020824838618573698 -0.010198781870446635 -0.0025433013661439186 -0.0025433013661439186 0.0020824838618573698 0.0020824838618573698 0.037653824054490408 0.0020824838618573698 -0.028925076445350997 -0.0025433013661439186 -0.010198781870446635 -0.010198781870446635 -0.0025433013661439186
leaf_weight=17.208666332066059 26.411691062152386 826.82585487700999 164.75604335498065 1507.2336082300171 139.63833623379469 883.56219305098057 2009.6281329244375 21.355025686323643 56.627071887254715 24.84469192661345 208.58438928052783 229.3800159720704 167.78264207951725 4.9274782268330446
leaf_count=103 120 7666 1744 17514 703 4227 12071 124 263 851 5294 6697 2546 143
internal_value=0 -0.00108376 -0.00210732 -0.00161279 -0.00107535 0.00172219 0.00208248 0.0120558 0.00510307 -0.0102934 -0.0025433 -0.00615895 -0.0101988 -0.0101988
internal_weight=0 4174.74 3347.92 3158.32 2973.33 1023.2 2114.02 104.394 83.0388 189.601 1950.13 442.892 184.991 234.307
internal_count=60066 47488 39822 37227 34578 4930 12578 507 383 2595 29648 12134 2649 6840
is_linear=0
shrinkage=0.05


Tree=105
num_leaves=15
num_cat=0
split_feature=11 9 0 13 17 9 18 9 0 10 11 14 13 9
split_gain=5.92569 6.47507 6.94171 9.65603 4.81151 3.80098 5.28379 3.60037 3.5725 2.99355 3.10289 3.12792 2.13296 1.74785
threshold=9.9915500000000019 0.31155000000000005 751.50000000000011 0.019050000000000001 0.43705000000000005 0.11945000000000001 0.23055000000000003 0.37885000000000008 1657.5000000000002 54.000000000000007 10.876450000000002 33.500000000000007 0.11095000000000001 0.50005000000000011
decision_type=2 2 10 2 2 2 2 2 10 2 2 2 2 2
left_child=1 -1 3 -3 5 6 -2 -6 9 10 -8 -12 -4 -7
right_child=4 2 12 -5 7 13 8 -9 -10 -11 11 -13 -14 -15
leaf_value=-0.00086514300907826578 -0.00086514300907826578 0.006184737001398502 0.0042575937702254143 0.045653565418914424 -0.039412789391240988 -0.00086514300907826578 -0.007765635493818715 -0.0036335565196189325 -0.038214045729411186 -0.00086514300907826578 -0.033798659727154894 -0.0090572779308315792 0.017374690458046255 0.0012970532381849792
leaf_weight=207.33694209810346 131.3749643266201 18.924414150416851 214.1971169449389 27.853851817548275 13.073710087686779 4261.901873935014 117.02999145537615 14.500052165240048 10.809663676656781 25.014816021546721 27.521064196713269 24.927736349403858 35.508724711835384 1158.2622436042875
leaf_count=1982 758 161 1884 189 200 41824 1563 166 586 326 621 165 234 9285
internal_value=0 0.00478344 0.00955417 0.0270345 -0.000865143 -0.000865143 -0.0061868 -0.0213834 -0.0113717 -0.00969199 -0.0124085 -0.0224291 0.00618474 -0.000865143
internal_weight=0 503.821 296.484 46.7783 5784.42 5756.84 336.678 27.5738 205.303 194.494 169.479 52.4488 249.706 5420.16
internal_count=59944 4450 2468 350 55494 55128 4019 366 3261 2675 2349 786 2118 51109
is_linear=0
shrinkage=0.05


Tree=106
num_leaves=15
num_cat=0
split_feature=8 10 11 16 8 12 6 13 6 0 8 8 8 11
split_gain=6.69244 5.33893 4.71751 6.4082 4.91824 7.03729 4.33712 4.20506 3.73062 3.52427 2.6941 2.60856 2.20368 2.32628
threshold=0.81815000000000004 42.000000000000007 10.243150000000002 0.026850000000000002 0.30645000000000006 20.500000000000004 0.95025000000000015 0.15495000000000003 0.96305000000000007 1449.5000000000002 0.64095000000000013 0.56645000000000012 0.13745000000000004 10.922950000000002
decision_type=2 2 2 2 2 2 2 2 2 10 2 2 2 2
left_child=1 2 -1 4 9 -6 11 8 10 -4 -7 -3 -11 -14
right_child=-2 6 3 -5 5 7 -8 -9 -10 12 -12 -13 13 -15
leaf_value=0.002151493605493889 0.011613935629253072 0.002151493605493889 -0.0051254137659450423 0.002151493605493889 0.0019122786336809982 -0.0051254137659450423 0.011613935629253072 0.0019122786336809982 0.0019122786336809982 -0.038970397911756521 0.00082760343299373364 0.011613935629253072 -0.0075919809578968546 -0.021810887648980606
leaf_weight=860.15644910559058 123.49948127567768 1705.8826302215457 460.94715542625636 464.06934269983321 844.38810857571661 1204.8050253782421 93.416060954332352 65.895707160234451 60.530023895204067 7.3056634617969385 189.79626507312059 48.072064250707626 95.708195026032627 41.394500006921589
leaf_count=7692 655 17523 5126 2491 4357 13172 426 770 279 353 1301 212 3679 1874
internal_value=0 -9.54868e-05 -0.00106224 -0.00189172 -0.00277729 -0.00174656 0.00215149 -0.00377767 -0.00449574 -0.0067953 -0.00512541 0.00215149 -0.0136343 -0.0120118
internal_weight=0 6142.37 4295 3434.84 2970.77 2365.42 1847.37 1521.03 1455.13 605.356 1394.6 1753.95 144.408 137.103
internal_count=59910 59255 41094 33402 30911 19879 18161 15522 14752 11032 14473 17735 5906 5553
is_linear=0
shrinkage=0.05


Tree=107
num_leaves=15
num_cat=0
split_feature=11 12 11 17 13 12 14 7 13 10 18 11 17 10
split_gain=5.43365 4.49456 6.35727 3.78337 6.25852 3.58867 2.7263 2.27711 4.45958 10.1124 6.42418 4.02907 2.9443 2.26726
threshold=10.194250000000002 20.500000000000004 10.822350000000002 0.37325000000000003 0.023650000000000001 29.500000000000004 184.50000000000003 inf 0.018050000000000004 30.000000000000004 2.1119000000000008 9.9764500000000016 0.34095000000000003 54.000000000000007
decision_type=2 2 2 2 2 2 2 8 2 2 2 2 2 2
left_child=7 2 -2 -3 5 -5 -4 -1 -9 -10 11 -11 -12 -7
right_child=1 3 6 4 -6 13 -8 8 9 10 12 -13 -14 -15
leaf_value=0.0034079596779986797 0.0034079596779986797 -0.0016305258493454931 -0.0016305258493454931 -0.0016305258493454931 -0.0016305258493454931 -0.0204160822773609 0.0034079596779986797 0.0034079596779986797 0.0034079596779986797 0.066331612642854074 0.026238390529946184 0.026238390529946184 0.0034079596779986797 -0.0016305258493454931
leaf_weight=947.43524644803256 1143.496814487502 2991.5530559727922 811.17958918213844 22.516948373988271 63.630177849903703 111.65377465356141 22.27359776198864 52.595284149050713 33.634626880288124 13.516050204634668 14.169059231877329 14.908122412860392 13.751866251230238 15.916702661663292
leaf_count=8357 5935 35485 4479 296 1275 2376 97 507 262 90 136 100 146 340
internal_value=0 -0.000474282 0.00140024 -0.00163053 -0.00826852 -0.0145222 -0.00163053 0.00340796 0.00971122 0.017023 0.0305217 0.0469096 0.0127933 -0.0179125
internal_weight=0 5182.22 1976.95 3205.27 213.718 150.087 833.453 1090.01 142.575 89.9797 56.3451 28.4242 27.9209 127.57
internal_count=59881 50283 10511 39772 4287 3012 4576 9598 1241 734 472 190 282 2716
is_linear=0
shrinkage=0.05


Tree=108
num_leaves=15
num_cat=0
split_feature=6 5 3 11 18 8 0 6 12 10 0 8 0 12
split_gain=3.99179 4.59326 7.60163 3.55291 2.86598 3.22598 3.07784 3.91802 3.66531 3.85679 5.2554 2.6535 2.47328 2.0107
threshold=0.84995000000000009 3.5000000000000004 79.500000000000014 11.243150000000002 0.35845000000000005 0.34675000000000006 1337.5000000000002 0.95865000000000011 52.500000000000007 42.000000000000007 1202.5000000000002 0.51885000000000014 1800.5000000000002 73.500000000000014
decision_type=2 2 2 2 2 2 10 2 2 2 10 2 10 2
left_child=12 -2 3 4 5 -3 7 8 -7 10 -10 -9 -1 -14
right_child=1 2 -4 -5 -6 6 -8 11 9 -11 -12 -13 13 -15
leaf_value=-0.00070986900418329576 -0.00070986900418329576 -0.00070986900418329576 0.036173692495917481 -0.00070986900418329576 -0.00070986900418329576 0.013281443983891382 -0.00070986900418329576 0.013281443983891382 0.013281443983891382 0.013281443983891382 -0.00070986900418329576 0.031422151356907284 -0.00070986900418329576 -0.03521340699047746
leaf_weight=4891.5888160718605 595.47650727629662 58.837317287921906 17.986835911870003 68.737516313791275 68.195260159671307 160.88411626964808 84.992983497679234 44.892032951116562 54.116877168416977 65.278498470783234 110.16842280328274 30.059411197900772 4.2690853960812083 8.4170763120055181
leaf_count=52986 2745 334 85 339 319 718 406 201 241 300 505 132 189 393
internal_value=0 0.002351 0.00491762 0.00411676 0.00551508 0.00669436 0.00796769 0.00956248 0.00751618 0.00343566 -0.000669457 0.019983 -0.000709869 -0.021966
internal_weight=0 1359.63 764.149 746.162 677.425 609.23 550.392 465.399 390.448 229.564 164.285 74.9514 4904.27 12.6862
internal_count=59893 6325 3580 3495 3156 2837 2503 2097 1764 1046 746 333 53568 582
is_linear=0
shrinkage=0.05


Tree=109
num_leaves=15
num_cat=0
split_feature=17 13 12 8 9 6 14 9 10 8 18 10 9 18
split_gain=5.93452 9.93551 9.28668 5.05801 4.49274 6.80937 1.94079 1.41775 0.685778 0.977893 2.69138 1.96492 0.52009 0.396824
threshold=0.37325000000000003 0.023650000000000001 27.500000000000004 0.78955000000000009 0.50925000000000009 0.79695000000000016 64.500000000000014 0.56775000000000009 18.000000000000004 0.21975000000000003 2.1405000000000007 54.000000000000007 0.5565500000000001 1.8389000000000002
decision_type=2 2 2 2 2 2 2 2 2 2 2 2 2 2
left_child=3 2 -2 12 -5 6 -6 8 13 10 -10 -11 -1 -4
right_child=1 -3 7 4 5 -7 -8 -9 9 11 -12 -13 -14 -15
leaf_value=0.00044118246099118243 0.00044118246099118243 0.00044118246099118243 -0.014575659862079116 0.00044118246099118243 0.0029460273423083248 0.036250707417074257 0.02266157694736079 0.00044118246099118243 -0.014575659862079116 -0.014575659862079116 -0.028786316418877259 0.00044118246099118243 0.0026006223818825979 -0.032581589957531208
leaf_weight=5474.2644081469625 26.668093452230096 81.727513330988586 4.9982338100671937 54.42493898421526 55.993791364133358 28.158579461276531 15.212309367954729 6.8299320340156546 20.36701622325927 72.394872015342116 35.534972878172994 8.302588979713617 349.97135186381638 17.106258559040725
leaf_count=51033 334 1550 88 257 353 153 75 101 409 1585 706 189 2697 282
internal_value=0 -0.00707183 -0.0140118 0.000441182 0.0094796 0.0158654 0.00741353 -0.0190973 -0.0200593 -0.0184482 -0.023684 -0.0145757 0.000441182 -0.0287863
internal_weight=0 273.929 192.202 5978.03 153.79 99.3647 71.2061 165.534 158.704 136.599 55.902 80.6975 5824.24 22.1045
internal_count=59812 5244 3694 54568 838 581 428 3360 3259 2889 1115 1774 53730 370
is_linear=0
shrinkage=0.05


Tree=110
num_leaves=15
num_cat=0
split_feature=10 6 8 9 11 12 14 13 10 9 3 16 18 14
split_gain=4.6901 8.06932 6.42847 5.13507 4.49341 6.02533 3.77989 4.33746 3.63659 2.66076 2.63942 5.77895 2.48347 2.03169
threshold=54.000000000000007 0.95025000000000015 0.56645000000000012 0.11525000000000001 10.243150000000002 52.500000000000007 56.500000000000007 0.12175000000000001 42.000000000000007 0.57345000000000013 60.500000000000007 0.051750000000000011 2.9612500000000002 169.50000000000003
decision_type=2 2 2 2 2 2 2 2 2 2 2 2 2 2
left_child=3 2 10 12 -5 -6 7 8 9 -7 -2 -12 13 -1
right_child=1 -3 -4 4 5 6 -8 -9 -10 -11 11 -13 -14 -15
leaf_value=-0.0077569854908702968 0.0016021421937197243 0.026561138339057395 0.026561138339057395 0.0016021421937197243 0.00019505460289213772 -0.0072626134446812304 0.00019505460289213772 0.00019505460289213772 -0.00021050202941923267 -0.00021050202941923267 0.0016021421937197243 0.026561138339057395 -0.030455609410536807 0.00019505460289213772
leaf_weight=259.91933534108102 633.13149654306471 35.131763011217117 13.153452381491659 1053.9130392391235 2776.6420419160277 821.57798601873219 210.3080513253808 127.23206406086683 207.94492794480175 26.758935684338212 34.653126746416092 20.511007815599442 10.64018544834107 13.730346634984015
leaf_count=2937 6825 159 58 9216 18680 14421 1017 1705 3846 314 147 89 386 59
internal_value=0 0.00351515 0.00232473 -0.000730454 -0.000373678 -0.00115172 -0.00383284 -0.00500901 -0.00617656 -0.00726261 0.00160214 0.0124434 -0.00726261 -0.00726261
internal_weight=0 736.581 701.449 5508.67 5224.38 4170.46 1393.82 1183.51 1056.28 848.337 688.296 55.1641 284.29 273.65
internal_count=59859 7278 7119 52581 49199 39983 21303 20286 18581 14735 7061 236 3382 2996
is_linear=0
shrinkage=0.05


Tree=111
num_leaves=15
num_cat=0
split_feature=8 0 3 10 9 12 9 11 11 12 8 13 0 18
split_gain=4.64872 3.99956 3.98928 3.40904 2.97941 4.19234 3.19493 3.15204 2.87901 8.31047 5.74399 2.51427 2.93996 2.26668
threshold=0.71395000000000008 1229.5000000000002 64.500000000000014 54.000000000000007 0.30945000000000006 17.500000000000004 0.50005000000000011 10.243150000000002 10.939150000000001 96.500000000000014 0.29775000000000007 0.017650000000000002 1343.5000000000002 0.44170000000000004
decision_type=2 10 2 2 2 2 2 2 2 2 2 2 10 2
left_child=1 3 -2 4 5 13 8 -6 -3 -10 -11 12 -12 -1
right_child=2 6 -4 -5 7 -7 -8 -9 9 10 11 -13 -14 -15
leaf_value=0.0017530324583380286 0.0051886768792514431 -0.0017363461859914811 0.032026203660058594 0.0048993819714549256 0.0048993819714549256 -0.0017363461859914811 0.0017530324583380286 0.0017530324583380286 -0.0017363461859914811 -0.031069143993262147 -0.0046162824049066362 -0.0034184643074011024 -0.031069143993262147 -0.0017363461859914811
leaf_weight=562.3244556337595 274.25072696246207 1225.5981921702623 13.646468214690683 489.66499499231577 385.07319514453411 834.51598373055458 403.49522546865046 1540.3271892406046 237.81305563263595 42.453900756314397 19.826777964830399 68.088543493300676 21.86177933961153 130.63502318039536
leaf_count=2981 1644 21178 103 2991 2061 6212 5269 8937 3959 1830 114 1119 626 840
internal_value=0 7.28047e-05 0.00656724 0.000999551 0.000445243 -0.00120331 -0.00173635 0.00175303 -0.00273665 -0.00648506 -0.0156344 -0.00943873 -0.018961 0.00175303
internal_weight=0 5961.68 287.897 3942.54 3452.88 1527.48 2019.14 1925.4 1615.64 390.044 152.231 109.777 41.6886 692.959
internal_count=59864 58117 1747 24022 21031 10033 34095 10998 28826 7648 3689 1859 740 3821
is_linear=0
shrinkage=0.05


Tree=112
num_leaves=15
num_cat=0
split_feature=13 17 10 8 12 6 6 13 8 16 9 18 9 11
split_gain=4.32367 3.67618 3.14763 3.26408 3.83818 2.86005 3.96669 2.57572 2.45029 1.73594 1.75727 1.60874 1.42632 1.19806
threshold=0.25335000000000008 0.43705000000000005 42.000000000000007 0.55815000000000015 8.5000000000000018 0.95025000000000015 0.95025000000000015 0.023250000000000003 0.58525000000000016 0.054950000000000006 0.16735000000000003 1.9617500000000001 0.47625000000000006 10.157850000000002
decision_type=2 2 2 2 2 2 2 2 2 2 2 2 2 2
left_child=1 2 3 4 -1 8 -5 11 -4 12 -11 -3 -6 -2
right_child=13 7 5 6 9 -7 -8 -9 -10 10 -12 -13 -14 -15
leaf_value=0.0017438108216117105 0.029442486023909267 -0.0041286343415412952 0.0017438108216117105 0.0017438108216117105 -0.0020038393715483323 0.010687730560437758 0.010687730560437758 -0.0020038393715483323 0.010687730560437758 -0.0020038393715483323 0.0017438108216117105 -0.035380836001444933 0.00086609781489088819 0.010687730560437758
leaf_weight=205.20420467853546 8.9297106862068159 5.9580141864717069 1697.3540706727654 971.14882526919246 2427.1596361789852 88.470989309251308 74.93389193713665 8.9765615835785848 27.394079253077507 44.955538461916149 153.36274307500571 14.819219436496494 470.2980752857402 52.663250083103776
leaf_count=1055 97 74 17173 5511 27565 400 342 118 124 272 949 206 5288 639
internal_value=0 -4.50298e-05 4.10502e-05 -0.000688897 -0.00146012 0.00179046 0.00174381 -0.017289 0.00174381 -0.00200384 0.00174381 -0.0270202 -0.00200384 0.0131624
internal_weight=0 6190.04 6160.28 4347.06 3300.98 1813.22 1046.08 29.7538 1724.75 3095.78 198.318 20.7772 2897.46 61.593
internal_count=59813 59077 58679 40982 35129 17697 5853 398 17297 34074 1221 280 32853 736
is_linear=0
shrinkage=0.05


Tree=113
num_leaves=15
num_cat=0
split_feature=0 13 12 0 12 8 9 18 9 8 8 0 11 10
split_gain=4.96287 4.30865 5.842 4.36026 4.30568 4.41554 3.2513 2.87349 2.25995 2.16459 1.89331 1.87952 3.56018 5.79528
threshold=694.50000000000011 0.13905000000000003 229.50000000000003 1223.5000000000002 46.500000000000007 0.62415000000000009 0.11525000000000001 2.9612500000000002 0.55475000000000008 0.50365000000000015 0.78955000000000009 1205.5000000000002 10.582550000000001 42.000000000000007
decision_type=8 2 2 10 2 2 2 2 2 2 2 10 2 2
left_child=9 2 6 -3 -5 8 7 -2 -6 -1 11 -8 -13 -14
right_child=1 3 -4 4 5 -7 10 -9 -10 -11 -12 12 13 -15
leaf_value=0.015685209811121141 -0.0045674221659739904 0.015685209811121141 -0.03051506168591735 0.015685209811121141 -0.00045886008056478705 0.015685209811121141 0.00039130192323038552 -0.028697487229418991 0.015685209811121141 0.03288785494483959 0.0053147799790156302 -0.00045886008056478705 -0.0045674221659739904 -0.00045886008056478705
leaf_weight=29.864151149988174 295.20162550359964 26.031167268753052 15.211226426064966 13.249986190348862 146.29263022355735 12.882370635867117 3412.1996600218117 11.93226191960275 12.400389228016136 18.117675885558128 154.2297898568213 976.19594663195312 799.20937120914459 338.76960169244558
leaf_count=125 3211 149 487 183 2138 91 20787 442 124 93 851 13727 12085 5415
internal_value=0 -0.000292854 -0.000540091 0.00671515 0.00336782 0.000613173 -0.00045886 -0.00559497 -0.00045886 0.0156852 -0.00045886 -0.00045886 -0.00150559 -0.00359722
internal_weight=0 6213.81 6002.95 210.857 184.825 171.575 5987.74 307.134 158.693 47.9818 5680.6 5526.37 2114.17 1137.98
internal_count=59908 59690 57005 2685 2536 2353 56518 3653 2262 218 52865 52014 31227 17500
is_linear=0
shrinkage=0.05


Tree=114
num_leaves=15
num_cat=0
split_feature=13 0 11 0 6 9 5 9 11 0 11 9 17 9
split_gain=4.32331 3.7371 2.84279 3.53769 2.9695 2.31705 1.90283 5.66631 2.50132 3.08902 1.70062 1.68653 1.3113 1.06459
threshold=0.25335000000000008 694.50000000000011 10.922950000000002 1731.5000000000002 0.39405000000000007 0.54715000000000014 4.5000000000000009 0.40455000000000008 10.754950000000003 1223.5000000000002 10.015150000000002 0.49385000000000007 0.19345000000000004 0.53815000000000013
decision_type=2 8 2 10 2 2 2 2 2 8 2 2 2 2
left_child=1 -1 6 11 12 -2 -3 10 9 -9 -8 -4 -5 -14
right_child=5 2 3 4 -6 -7 7 8 -10 -11 -12 -13 13 -15
leaf_value=0.01226798203276646 0.01226798203276646 -0.00051245769082755176 -0.0024358499371877566 -0.0024358499371877566 -0.0024358499371877566 0.040112631564285794 0.010200475439898058 0.030192502084494418 -0.00051245769082755176 0.010200475439898058 -0.00051245769082755176 -0.00051245769082755176 -0.043424632447619974 -0.0036384492587763434
leaf_weight=47.42248510569334 56.425397556275129 4276.6575075788423 1222.802254631184 3.0579037768766346 2.8001063624396911 6.6653505861759177 20.005884245038033 29.157239511609077 20.515136867761612 58.777069017291069 136.84101770818233 349.59548989497125 12.301832664757965 2.1458250768482676
leaf_count=217 688 41276 12529 145 147 58 101 122 89 252 733 2751 691 66
internal_value=0 -0.000785551 -0.000894804 -0.00271171 -0.0229561 0.012268 -0.000257224 0.0038437 0.012268 0.012268 -0.000512458 -0.00243585 -0.0322063 -0.0381335
internal_weight=0 6182.08 6134.66 1592.7 20.3057 63.0907 4541.95 265.296 108.449 87.9343 156.847 1572.4 17.5056 14.4477
internal_count=59865 59119 58902 16329 1049 746 42573 1297 463 374 834 15280 902 757
is_linear=0
shrinkage=0.05


Tree=115
num_leaves=15
num_cat=0
split_feature=0 9 11 10 17 11 9 12 9 18 0 0 9 11
split_gain=3.64652 3.35844 2.93746 3.02801 3.15769 2.96861 3.45758 2.89901 2.55604 2.27648 1.85469 2.16941 1.69857 1.14761
threshold=694.50000000000011 0.30755000000000005 11.570550000000003 42.000000000000007 0.37325000000000003 11.243150000000002 0.13755000000000003 10.500000000000002 0.51315000000000011 2.4747500000000007 1.0000000180025095e-35 1.0000000180025095e-35 0.56975000000000009 10.166050000000002
decision_type=8 2 2 2 2 2 2 2 2 2 10 10 2 2
left_child=1 -1 3 4 5 6 7 -2 -7 -4 -5 -8 -12 -9
right_child=2 -3 9 10 -6 8 11 13 -10 -11 12 -13 -14 -15
leaf_value=0.0011634338698472656 0.00064206811769182306 0.02794243381287655 -0.0068434161865867042 0.0068389991396323041 -0.0068434161865867042 -0.0068434161865867042 0.0047386650277865799 0.00064206811769182306 0.00064206811769182306 -0.029689023631557145 0.0011634338698472656 0.00064206811769182306 0.0068389991396323041 -0.0068434161865867042
leaf_weight=24.260672003030777 47.978468798100948 21.793863266706467 111.67953502573073 218.36284545809031 185.79272036533803 237.24869015067816 322.19789639860392 51.858356143347919 51.618809685111046 10.086061422713099 1514.334523149766 3155.7284622211009 56.399246579036117 234.33664996176958
leaf_count=101 279 111 996 2253 3564 2497 2977 547 403 336 14815 27561 464 2917
internal_value=0 0.0141603 0.000188455 0.000343118 -0.00048566 -0.000196026 0.000174838 -0.00467529 -0.00507394 -0.00746887 0.00116343 0.000642068 0.00116343 -0.00507394
internal_weight=0 46.0545 6197.62 6075.86 4286.76 4100.97 3812.1 334.173 288.867 121.766 1789.1 3477.93 1570.73 286.195
internal_count=59821 212 59609 58277 40745 37181 34281 3743 2900 1332 17532 30538 15279 3464
is_linear=0
shrinkage=0.05


Tree=116
num_leaves=15
num_cat=0
split_feature=8 7 12 10 12 9 11 9 10 17 13 14 9 7
split_gain=4.05344 4.37866 3.3821 3.18625 4.20717 3.98177 3.39463 3.0007 2.51042 3.1467 3.61595 2.33303 2.53394 2.28624
threshold=0.71395000000000008 0.11561 236.50000000000003 42.000000000000007 63.500000000000007 0.43805000000000005 9.9764500000000016 0.13345000000000004 54.000000000000007 0.37325000000000003 0.016450000000000003 66.500000000000014 0.52275000000000016 0.14125000000000001
decision_type=2 8 2 2 2 2 2 2 2 2 2 2 2 8
left_child=1 2 8 4 7 6 -5 -3 9 -1 -11 -2 -13 -6
right_child=11 3 -4 5 13 -7 -8 -9 -10 10 -12 12 -14 -15
leaf_value=-0.0025109177101114784 0.0056529145222459871 -0.0022024468047559934 -0.02605964398346397 0.0056529145222459871 -0.0066021998437830551 0.0056529145222459871 0.00081399713093790896 0.00081399713093790896 0.00081399713093790896 -0.02605964398346397 -0.0038951170483058268 0.0073941481749141367 0.027024349238745689 -0.0022024468047559934
leaf_weight=1626.0962247708812 214.31448749639094 188.45583097077906 13.981978145428 68.6978719253093 460.94446706026793 417.11185929737985 785.26601687725633 1900.8208517227322 224.94553716573864 23.544512089341879 36.765065781772137 46.430606290698051 25.464909933507442 203.93670346587896
leaf_count=26616 1364 1309 373 405 2367 2291 5114 11304 4061 887 1362 240 143 2008
internal_value=0 -0.000428669 -0.00238914 0.000509416 -0.000446356 0.0025791 0.000813997 0.000813997 -0.00220245 -0.00293189 -0.0140561 0.00565291 0.0146224 -0.00220245
internal_weight=0 5950.57 1925.33 4025.23 2754.16 1271.08 853.964 2089.28 1911.35 1686.41 60.3096 286.21 71.8955 664.881
internal_count=59844 58097 33299 24798 16988 7810 5519 12613 32926 28865 2249 1747 383 4375
is_linear=0
shrinkage=0.05


Tree=117
num_leaves=15
num_cat=0
split_feature=8 0 18 0 8 18 9 16 10 0 13 14 11 9
split_gain=5.24154 3.92336 2.7118 4.49193 3.43744 3.54254 3.49489 2.59459 2.74411 2.69848 1.75398 1.64324 1.68955 1.77011
threshold=0.67395000000000016 778.50000000000011 2.5025500000000007 1569.5000000000002 0.25985000000000008 2.9612500000000002 0.51515000000000011 0.079750000000000001 42.000000000000007 1223.5000000000002 0.025150000000000002 56.500000000000007 11.274050000000001 0.16955000000000003
decision_type=2 8 2 10 2 2 2 2 2 8 2 2 2 2
left_child=2 -2 7 -4 -5 -6 10 8 11 -9 -7 -1 13 -13
right_child=1 -3 3 4 5 6 -8 9 -10 -11 -12 12 -14 -15
leaf_value=-0.0011300919801444382 0.029221733566253044 0.0043514221193333199 -0.0011300919801444382 -0.023292928894715764 -0.0011300919801444382 -0.023292928894715764 -0.0011300919801444382 0.020355671167466075 0.0013280564405197181 0.0013280564405197181 -0.0011300919801444382 -0.0011300919801444382 -0.0011300919801444382 0.0013280564405197181
leaf_weight=2285.0660705938935 15.591869376599787 382.89794448390603 389.3096169475466 42.226415413431823 47.229605626314878 31.13818887155503 13.388555966317652 39.146340668201447 1665.4289180440828 33.008040726184845 8.9592056628316623 211.0104855671525 103.45698635280132 982.48655869066715
leaf_count=23462 107 2307 7517 2151 1715 1267 383 193 13766 368 366 1134 533 4646
internal_value=0 0.00539524 -0.000524251 -0.00392355 -0.011471 -0.00633419 -0.0157289 -0.000183461 -0.0003483 0.00435142 -0.0232929 -0.00112786 0.000649251 0.00132806
internal_weight=0 398.49 5851.85 532.252 142.942 100.716 53.486 5319.6 5247.45 72.1544 40.0974 3582.02 1296.95 1193.5
internal_count=59915 2414 57501 13399 5882 3731 2016 44102 43541 561 1633 29775 6313 5780
is_linear=0
shrinkage=0.05


Tree=118
num_leaves=15
num_cat=0
split_feature=5 12 11 0 13 0 11 12 0 9 11 0 6 11
split_gain=5.08572 7.60553 8.14469 4.72071 4.26861 3.47731 3.45115 3.08694 4.46157 3.37169 3.19678 2.15194 1.97229 1.69017
threshold=4.5000000000000009 53.500000000000007 10.460050000000003 1275.5000000000002 0.017250000000000005 1805.5000000000002 10.695050000000002 97.500000000000014 1300.5000000000002 0.49805000000000005 11.191950000000002 1741.5000000000002 0.86725000000000008 9.9327500000000022
decision_type=2 2 2 8 2 10 2 2 8 2 2 8 2 2
left_child=5 2 4 -4 -2 6 -1 12 -9 10 11 -10 -8 -3
right_child=1 13 3 -5 -6 -7 7 8 9 -11 -12 -13 -14 -15
leaf_value=0.00082434379709227376 0.019418055336223872 0.016187952013514553 0.019418055336223872 0.00082434379709227376 0.0448778028971158 -0.028332648868145328 -0.0007624186394594697 -0.0007624186394594697 -0.0063697357558700415 -0.0007624186394594697 -0.022892234198543804 -0.022892234198543804 0.00082434379709227376 0.00082434379709227376
leaf_weight=3275.7395963007584 19.237065151333809 16.904152505099773 37.326335445046425 32.804681532084942 28.053930312395096 9.9649840816855413 1813.2705889353529 126.08936956897378 141.41422733198851 71.314342352561653 52.837744168937206 21.785562721081078 361.79335559159517 224.2309430167079
leaf_count=30925 91 81 180 172 131 475 16958 679 3871 1255 1627 570 1673 1133
internal_value=0 0.00592394 0.016301 0.00533615 0.0321142 -0.000201833 -0.000149209 -0.00151636 -0.00547136 -0.00916207 -0.0122766 -0.00872123 -0.000762419 0.000824344
internal_weight=0 358.557 117.422 70.131 47.291 5874.21 5864.24 2588.51 413.441 287.352 216.038 163.2 2175.06 241.135
internal_count=59821 1788 574 352 222 58033 57558 26633 8002 7323 6068 4441 18631 1214
is_linear=0
shrinkage=0.05


Tree=119
num_leaves=15
num_cat=0
split_feature=13 9 17 0 17 18 6 11 9 11 8 17 17 6
split_gain=3.00538 4.51406 5.56327 2.71415 3.20424 2.609 2.45339 2.37065 2.00739 1.21334 1.17674 1.73273 0.757007 0.601831
threshold=0.26245000000000007 0.53815000000000013 0.084450000000000011 1741.5000000000002 0.22645000000000001 3.0988500000000005 0.10325000000000002 10.933450000000002 0.5817500000000001 10.426150000000002 0.30215000000000009 0.32285000000000003 0.053050000000000007 0.33045000000000008
decision_type=2 2 2 10 2 2 2 2 2 2 2 2 2 2
left_child=3 2 -2 8 -5 6 -6 10 -1 -4 11 13 -10 -8
right_child=1 -3 9 4 5 -7 7 -9 12 -11 -12 -13 -14 -15
leaf_value=0.0003025488402230259 0.042406922760909925 0.046709834189536115 0.016326868041242424 0.0003025488402230259 -0.042264042445364948 -0.044470734338373806 -0.018192945651855651 -0.028696958906765477 0.02457408188952423 0.0003025488402230259 0.0003025488402230259 -0.028696958906765477 0.0003025488402230259 0.0003025488402230259
leaf_weight=6100.0858798073605 7.6446986012160769 7.1004264131188384 12.102927148342131 21.295438291504979 4.7314263563603154 6.7028258806094518 3.5998321007937211 7.9809319097548714 10.858135655522348 24.383826613426208 16.40448911767453 3.8081092843785882 14.568323001265524 1.8297169655561445
leaf_count=56035 87 58 133 939 233 366 189 442 52 307 578 216 139 97
internal_value=0 0.0123468 0.00590558 0.000302549 -0.00973464 -0.017621 -0.011918 -0.00655039 0.000302549 0.000302549 0.000302549 -0.0167057 0.0141852 0.000302549
internal_weight=0 51.2319 44.1315 6191.87 66.3528 45.0573 38.3545 33.6231 6125.51 36.4868 25.6421 9.23766 25.4265 5.42955
internal_count=59871 585 527 59286 3060 2121 1755 1522 56226 440 1080 502 191 286
is_linear=0
shrinkage=0.05


Tree=120
num_leaves=15
num_cat=0
split_feature=17 0 13 12 10 16 17 18 12 13 17 13 12 0
split_gain=2.76929 2.62658 8.28893 6.24388 5.35186 5.77245 3.97286 2.69213 2.08005 1.65893 1.62187 1.37862 1.797 0.786409
threshold=0.43705000000000005 694.50000000000011 0.13235000000000002 32.500000000000007 42.000000000000007 0.041550000000000011 0.35595000000000004 3.3309500000000005 13.500000000000002 0.019050000000000001 -0.037749999999999992 0.26245000000000007 236.50000000000003 1751.5000000000002
decision_type=2 10 2 2 2 2 2 2 2 2 2 2 2 8
left_child=1 2 3 4 5 10 7 11 -6 -2 -1 12 13 -3
right_child=9 6 -4 -5 8 -7 -8 -9 -10 -11 -12 -13 -14 -15
leaf_value=0.017457333664323015 -0.027866548773086974 9.927954141094855e-06 0.031909487068506097 -0.00035119548194204546 0.031909487068506097 0.017457333664323015 -0.0090497771756994517 -0.0090497771756994517 0.017457333664323015 -0.0090497771756994517 -0.00035119548194204546 0.0085160776119396573 -0.0090497771756994517 -0.0068863446941707348
leaf_weight=10.248978883028029 14.086370382457973 5186.0471636010334 22.683337904512882 435.91537958011031 16.489514075219631 21.808956556022167 130.26575319981202 39.452186123467982 77.70664856210351 15.298203080892561 169.56064050272107 49.942993152886629 11.926718781702219 40.671143555548042
leaf_count=47 195 43169 128 4947 75 121 4680 1420 691 206 1523 576 302 1885
internal_value=0 3.11749e-05 0.00279449 0.00184962 0.007683 0.00305281 -0.000351195 -0.000351195 0.0174573 -0.0151005 -0.00026319 -0.000351195 -0.000351195 -0.000351195
internal_weight=0 6212.72 754.413 731.73 295.815 201.619 5458.31 5328.04 94.1962 29.3846 179.81 5288.59 5238.65 5226.72
internal_count=59965 59564 7532 7404 2457 1691 52032 47352 766 401 1570 45932 45356 45054
is_linear=0
shrinkage=0.05


Tree=121
num_leaves=15
num_cat=0
split_feature=17 9 0 13 12 14 16 9 12 7 11 13 9 13
split_gain=2.72329 5.10284 2.3189 7.06521 6.33333 4.69163 2.1358 1.8423 1.43207 1.50473 0.972921 0.907454 0.337212 0.232886
threshold=0.43705000000000005 0.37885000000000008 694.50000000000011 0.13235000000000002 30.500000000000004 159.50000000000003 0.045550000000000007 0.52465000000000017 22.500000000000004 inf 10.933450000000002 0.26245000000000007 0.27235000000000004 0.021950000000000001
decision_type=2 2 10 2 2 2 2 2 2 8 2 2 2 2
left_child=2 -2 3 4 5 6 7 8 9 -1 -11 12 -4 -9
right_child=1 -3 11 -5 -6 -7 -8 13 -10 10 -12 -13 -14 -15
leaf_value=0.00035558632957240639 -0.036329439286921054 0.00035558632957240639 -0.00069629226623428282 0.03016829019549094 0.00035558632957240639 0.03016829019549094 0.021995434581269589 0.013086601808672774 0.00035558632957240639 0.013086601808672774 0.0012825979154908146 0.0080936793793438301 0.00035558632957240639 0.019963555577144878
leaf_weight=14.074958965182303 13.561941888183357 14.526723042130468 1794.504956850782 22.412115633487701 461.80544499307871 11.612353838980196 21.031955659389496 13.500812463462351 91.126405604183674 73.750781085342169 23.079192459583282 50.257659751921892 3624.8077142834663 21.675388000905514
leaf_count=63 219 169 19550 126 5258 55 113 118 985 505 191 578 31904 135
internal_value=0 -0.0149789 0.000355586 0.0031265 0.00225811 0.00861688 0.00705935 0.00564827 0.00376606 0.00764236 0.010315 0.000355586 0.000355586 0.0160557
internal_weight=0 28.0887 6223.64 754.069 731.657 269.852 258.239 237.208 202.031 110.905 96.83 5469.57 5419.31 35.1762
internal_count=59969 388 59581 7549 7423 2165 2110 1997 1744 759 696 52032 51454 253
is_linear=0
shrinkage=0.05


Tree=122
num_leaves=15
num_cat=0
split_feature=13 9 11 9 0 10 6 18 9 0 12 13 13 11
split_gain=3.54629 3.39935 4.52298 1.75565 3.71056 3.4803 3.42138 3.35347 2.91084 1.76777 1.67653 1.98557 1.38611 0.982076
threshold=0.26245000000000007 0.25415000000000004 10.564250000000001 0.27655000000000007 1776.5000000000002 30.000000000000004 0.87085000000000012 3.3962500000000007 0.11945000000000001 1202.5000000000002 42.500000000000007 0.021750000000000002 0.10515000000000001 10.550750000000003
decision_type=2 2 2 2 10 2 2 2 2 10 2 2 2 2
left_child=3 -2 -3 4 5 6 7 8 9 12 -10 -12 -1 -11
right_child=1 2 -4 -5 -6 -7 -8 -9 10 13 11 -13 -14 -15
leaf_value=-0.012747254161196341 -0.00041030878375121466 0.038964231959348394 0.0050399745350089955 0.0001904137014758405 -0.033853617797188928 -0.00041030878375121466 -0.00041030878375121466 -0.033853617797188928 -0.0020900817404721143 -0.012747254161196341 -0.0084317991460157449 -0.0020900817404721143 -0.0020900817404721143 -0.030560593754594217
leaf_weight=54.826573871076107 14.420929774641989 17.098857201635838 22.253520414233208 4103.173110047821 7.8757704491727045 1298.5016793627292 160.996218547225 6.7019986156374207 353.15782553888857 16.472849857062101 92.453153728507459 64.324229644611478 15.557198487222193 17.555308998562396
leaf_count=467 198 165 232 36399 505 14154 775 203 2481 371 1997 1407 90 471
internal_value=0 0.0123684 0.0203806 -0.000410309 -0.00159009 -0.00145175 -0.00415127 -0.00601099 -0.00558452 -0.0131565 -0.00401139 -0.00829867 -0.0084318 -0.0224095
internal_weight=0 53.7733 39.3524 6191.6 2088.42 2080.55 782.045 621.049 614.347 104.412 509.935 156.777 70.3838 34.0282
internal_count=59915 595 397 59320 22921 22416 8262 7487 7284 1399 5885 3404 557 842
is_linear=0
shrinkage=0.05


Tree=123
num_leaves=15
num_cat=0
split_feature=6 5 4 11 5 14 0 13 9 12 0 17 17 8
split_gain=3.81649 5.42785 6.1871 4.73261 6.34948 4.45732 2.21236 1.949 3.30836 3.03064 2.634 2.52807 2.32186 1.94368
threshold=0.86725000000000008 3.5000000000000004 3.5000000000000004 10.166050000000002 4.5000000000000009 29.500000000000004 1368.5000000000002 0.019050000000000001 0.29775000000000007 213.50000000000003 1686.5000000000002 0.22645000000000001 0.33925000000000005 0.27905000000000008
decision_type=2 2 2 2 2 2 10 2 2 2 10 2 2 2
left_child=7 -2 -3 4 -4 -5 -7 8 9 10 -1 -12 -10 -13
right_child=1 2 3 5 -6 6 -8 -9 12 -11 11 13 -14 -15
leaf_value=-0.0045065130303587391 -0.00038738689257061809 -0.00038738689257061809 0.0094591014223455467 -0.00038738689257061809 0.038387540180690127 0.0094591014223455467 -0.00038738689257061809 -0.00038738689257061809 -0.00038738689257061809 -0.042415569546807613 -0.0045065130303587391 -0.038445904053616392 -0.0045065130303587391 -0.0045065130303587391
leaf_weight=331.17149721831083 520.13559130579233 86.651497542858124 61.584801085293293 143.65042048692703 27.069112077355385 316.49108359962702 22.512486845254898 4042.3357035461813 520.28698119334877 4.7698381710797539 9.477697569876911 14.991490245796742 149.35582001041621 3.733731133863329
leaf_count=6404 2401 419 282 681 123 1455 115 35929 7706 218 468 821 2809 186
internal_value=0 0.00277035 0.00581218 0.00805543 0.0186216 0.00608015 0.00921866 -0.000387387 -0.00255737 -0.00638603 -0.00579145 -0.0202088 -0.000468977 -0.0307071
internal_weight=0 1178.09 657.959 571.308 88.6539 482.654 339.004 5076.12 1033.79 364.144 359.374 28.2029 669.643 18.7252
internal_count=60017 5476 3075 2656 405 2251 1570 54541 18612 8097 7879 1475 10515 1007
is_linear=0
shrinkage=0.05


Tree=124
num_leaves=15
num_cat=0
split_feature=8 14 9 0 13 14 11 8 9 9 18 9 13 0
split_gain=3.25688 3.72627 3.42293 2.93078 2.61249 2.83707 2.13075 4.18344 2.08448 2.02801 0.98766 2.54208 0.930225 1.70996
threshold=0.78955000000000009 67.500000000000014 0.52275000000000016 1805.5000000000002 0.081950000000000009 169.50000000000003 11.344450000000002 0.55445000000000011 0.33125000000000004 0.5565500000000001 0.22245000000000001 0.50185000000000013 0.025650000000000003 694.50000000000011
decision_type=2 2 2 10 2 2 2 2 2 2 2 2 2 10
left_child=3 -2 -3 4 6 8 9 10 -6 -1 -8 12 -12 -14
right_child=1 2 -4 -5 5 -7 7 -9 -10 -11 11 -13 13 -15
leaf_value=-0.00068167533255493733 0.0024697353055637226 0.0060814141427918637 0.035499183269556055 -0.026872076886362936 -0.00068167533255493733 0.0060814141427918637 -0.004148760770061842 -0.00068167533255493733 0.0023174132759504877 0.0023174132759504877 -0.020249610527167127 -0.004148760770061842 -0.004148760770061842 -0.016567616006431998
leaf_weight=3549.4105530441739 118.2077574506402 21.564589098095894 18.090641669929028 9.335397227201609 921.24957429803908 107.75008933991194 52.155221275985241 44.615887006744742 1014.7528092563152 243.70804274082184 59.568482491187751 23.040458125993609 7.9433161467313758 39.17367728985846
leaf_count=41092 656 124 105 477 6009 480 300 273 5728 2199 1516 344 105 461
internal_value=0 0.00698299 0.0200448 -0.000269156 -0.000223773 0.00123137 -0.000963757 -0.00566399 0.000741735 -0.000681675 -0.0100662 -0.0123954 -0.0160539 -0.0104389
internal_weight=0 157.863 39.6552 6072.7 6063.37 2043.75 4019.62 226.497 1936 3793.12 181.881 129.726 106.685 47.117
internal_count=59869 885 229 58984 58507 12217 46290 2999 11737 43291 2726 2426 2082 566
is_linear=0
shrinkage=0.05


Tree=125
num_leaves=15
num_cat=0
split_feature=10 7 13 9 0 17 13 6 0 9 7 12 13 17
split_gain=3.12924 4.02259 3.81827 4.63264 3.62713 5.19937 3.70002 2.68955 3.54706 2.56544 2.21664 1.90117 2.28526 1.77544
threshold=42.000000000000007 0.11561 0.018050000000000004 0.43805000000000005 1688.5000000000002 0.24275000000000002 0.020650000000000005 0.95025000000000015 823.50000000000011 0.56975000000000009 0.50251000000000012 30.500000000000004 0.027650000000000004 0.37325000000000003
decision_type=2 8 2 2 10 2 2 2 10 2 8 2 2 2
left_child=4 -2 -3 7 13 -6 9 8 10 -7 -4 -12 -13 -1
right_child=1 2 3 -5 5 6 -8 -9 -10 -11 11 12 -14 -15
leaf_value=-0.00063961605029058937 -0.00063961605029058937 -0.00063961605029058937 -0.00063961605029058937 0.0098407897709112627 -0.00063961605029058937 -0.032004136217969312 -0.0052537931400475392 0.0098407897709112627 -0.00063961605029058937 -0.0052537931400475392 0.0098407897709112627 -0.00063961605029058937 0.0098407897709112627 -0.0052537931400475392
leaf_weight=4095.4675622060895 573.24113491224125 274.30064869951457 20.129639014601707 321.52689632773399 43.274483728222549 37.602200121153146 32.4683388909325 47.486552305519581 444.10417351685464 2.0045556761324397 99.019990380853415 41.652025960385799 22.259835369884968 174.28480488900095
leaf_count=33982 10256 2067 85 1687 1663 1615 1278 215 2504 46 555 518 181 3166
internal_value=0 0.00181485 0.00344084 0.00491045 -0.000639616 -0.00946796 -0.0180171 0.00254966 0.00159231 -0.0280931 0.00743384 0.00970404 0.00119439 -0.000639616
internal_weight=0 1843.72 1270.48 996.179 4385.1 115.35 72.0751 674.652 627.166 39.6068 183.061 162.932 63.9119 4269.75
internal_count=59818 18068 7812 5745 41750 4602 2939 4058 3843 1661 1339 1254 699 37148
is_linear=0
shrinkage=0.05


Tree=126
num_leaves=15
num_cat=0
split_feature=13 8 0 12 12 17 9 9 8 0 12 9 8 6
split_gain=4.05271 7.34928 5.95027 6.39421 3.76406 2.76289 3.08372 1.71515 1.6567 1.87596 4.74642 1.22946 1.08636 0.713006
threshold=0.13905000000000003 0.68665000000000009 1223.5000000000002 38.500000000000007 229.50000000000003 0.43705000000000005 0.37885000000000008 0.55475000000000008 0.78955000000000009 694.50000000000011 33.500000000000007 0.54195000000000015 0.52195000000000014 0.36925000000000002
decision_type=2 2 10 2 2 2 2 2 2 10 2 2 2 2
left_child=4 2 -2 -4 5 8 -7 12 9 10 -1 13 -5 -6
right_child=1 -3 3 7 11 6 -8 -9 -10 -11 -12 -13 -14 -15
leaf_value=0.0047953274572953954 0.025206701914223639 0.044565218132523177 0.025206701914223639 -0.00048687746062273351 -0.042168974719588262 -0.025453045315571535 -0.00048687746062273351 0.017488082835614434 0.0047953274572953954 -0.00048687746062273351 -0.00048687746062273351 -0.00048687746062273351 0.017488082835614434 -0.025453045315571535
leaf_weight=316.41880210116506 28.002962805330753 10.985674373805521 7.7544035837054244 143.77925460040569 9.5785152502357871 13.690086741000416 15.036971937865017 13.092297151684759 151.59021102264524 5103.2611127309501 416.01743850857019 2.4439100138843068 10.217108000069855 2.0750349303707489
leaf_count=2668 154 71 109 2117 362 230 176 126 844 48020 4759 50 97 78
internal_value=0 0.0065018 0.00423186 0.000748277 -0.000486877 -0.000486877 -0.0157564 -0.000486877 -0.000486877 -0.000486877 0.00204194 -0.025453 -0.000486877 -0.0318974
internal_weight=0 213.832 202.846 174.843 6030.11 6016.01 28.7271 167.089 5987.29 5835.7 732.436 14.0975 153.996 11.6536
internal_count=59861 2674 2603 2449 57187 56697 406 2340 56291 55447 7427 490 2214 440
is_linear=0
shrinkage=0.05


Tree=127
num_leaves=15
num_cat=0
split_feature=16 18 0 18 17 13 0 12 13 13 12 9 17 12
split_gain=3.4309 7.97139 3.59968 3.12643 3.17297 3.36447 2.43051 2.39439 2.06783 2.17405 1.64943 1.53447 2.20683 1.76698
threshold=0.088350000000000026 0.15905000000000002 792.50000000000011 0.056250000000000008 0.0090500000000000008 0.10805000000000002 1779.5000000000002 50.500000000000007 0.13905000000000003 0.26245000000000007 236.50000000000003 0.34515000000000007 -0.073649999999999979 22.500000000000004
decision_type=2 2 10 2 2 2 8 2 2 2 2 2 2 2
left_child=2 -2 3 -1 -3 -6 9 -8 11 10 -4 13 -13 -5
right_child=1 4 6 8 5 -7 7 -9 -10 -11 -12 12 -14 -15
leaf_value=0.012819697977896054 0.043969963419278647 0.031772592891419808 -0.00060729505625733125 0.0018009227128410769 0.0018009227128410769 0.031772592891419808 -0.00060729505625733125 -0.02550441289269291 0.012819697977896054 0.0096790574243092436 -0.018493425276029388 0.012819697977896054 0.0018009227128410769 -0.00060729505625733125
leaf_weight=67.884924553334713 13.470310494303702 7.8807457834482184 5017.9247876722366 163.91919736936688 45.886233556084335 6.9822702780365935 3.7797737224027541 18.505662515759468 18.42513644695282 50.370735846459866 12.063862880691884 29.351899720728397 468.0979415550828 314.95019820332527
leaf_count=308 63 38 47998 876 557 51 180 953 104 568 338 144 4012 3713
internal_value=0 0.0106135 -0.000129853 0.00251624 0.00262492 0.00180092 -0.000681288 -0.0167987 0.00180092 -0.000607295 -0.000607295 0.00145484 0.00180092 -0.000607295
internal_weight=0 74.2196 6165.27 1062.63 60.7492 52.8685 5102.64 22.2854 994.744 5080.36 5029.99 976.319 497.45 478.869
internal_count=59903 709 59194 9157 646 608 50037 1133 8849 48904 48336 8745 4156 4589
is_linear=0
shrinkage=0.05


Tree=128
num_leaves=11
num_cat=0
split_feature=0 8 17 9 11 8 0 0 11 0
split_gain=2.07237 2.63626 1.47941 2.40577 1.08865 0.976146 1.15881 0.563736 0.331915 0.0440469
threshold=694.50000000000011 0.43445000000000006 0.43705000000000005 0.37885000000000008 10.455350000000001 0.78955000000000009 1128.5000000000002 1.0000000180025095e-35 10.690750000000001 1223.5000000000002
decision_type=8 2 2 2 2 2 8 10 2 8
left_child=1 -1 5 4 -4 7 -7 -2 -5 -8
right_child=2 -3 3 8 -6 6 9 -9 -10 -11
leaf_value=0.00030715683763842444 0.0017264288975157244 0.021001407113797842 -0.0064080365405062498 0.00030715683763842444 -0.036255360404029373 0.011646912311755766 0.0028837704203125507 0.00030715683763842444 -0.010522479392454969 0.00030715683763842444
leaf_weight=19.445062860846519 705.19009328633547 26.580067582428455 5.3673133514821556 8.3663687035441345 8.0870529860258085 40.647519528865814 41.723067730665207 5299.5513791623525 7.0056525990366945 68.817424399778247
leaf_count=81 7288 133 79 90 151 232 185 51057 91 433
internal_value=0 0.0108435 0.000307157 -0.0108286 -0.0256155 0.000307157 0.00432628 0.000307157 0.000307157 0.000307157
internal_weight=0 46.0251 6184.76 28.8264 13.4544 6155.93 151.188 6004.74 15.372 110.54
internal_count=59820 214 59606 411 230 59195 850 58345 181 618
is_linear=0
shrinkage=0.05


Tree=129
num_leaves=15
num_cat=0
split_feature=13 9 11 12 8 9 18 13 12 11 15 12 18 12
split_gain=2.67555 3.3992 2.53993 6.56889 3.11792 3.18179 2.1826 2.22093 2.16952 2.07355 2.7248 1.88772 1.72424 0.835058
threshold=0.26245000000000007 0.53815000000000013 11.234750000000002 156.50000000000003 0.61685000000000012 0.56975000000000009 2.5573500000000005 0.021650000000000006 70.500000000000014 9.9915500000000019 3.5000000000000004 57.500000000000007 0.18935000000000005 7.5000000000000009
decision_type=2 2 2 2 2 2 2 2 2 2 2 2 2 2
left_child=2 8 4 6 5 9 -4 -8 -2 -1 -11 -9 -12 -6
right_child=1 -3 3 -5 13 -7 7 11 -10 10 12 -13 -14 -15
leaf_value=0.0024753494252736409 0.025388126738301181 0.03959778926347049 -0.0015022696628273825 -0.027648065573040649 0.01361693681015424 0.0033769889194351869 -0.022840625108499345 -0.0015022696628273825 0.0033769889194351869 -0.0014387203952258949 0.0024753494252736409 -0.022840625108499345 -0.0014387203952258949 0.0033769889194351869
leaf_weight=447.98597860895097 10.540054220706223 7.5797186121344557 493.6852372768335 26.122067572083324 19.018297933042049 138.56378021836281 24.160453677177429 7.6554705807939154 36.08301142603159 4131.2861094847322 196.59514982998371 6.9674902660772204 114.1558368653059 555.86478441208601
leaf_count=4054 114 57 4214 635 100 1194 733 171 416 43259 841 273 488 3246
internal_value=0 0.0106282 -0.000428758 -0.00364076 -0.000107972 -0.000506976 -0.00241338 -0.0136819 0.0051859 -0.000763207 -0.0010903 -0.00150227 0.00247535 0.00337699
internal_weight=0 54.2028 6162.06 558.591 5603.47 5028.59 532.469 38.7834 46.6231 4890.02 4442.04 14.623 310.751 574.883
internal_count=59795 587 59208 6026 53182 49836 5391 1177 530 48642 44588 444 1329 3346
is_linear=0
shrinkage=0.05


Tree=130
num_leaves=12
num_cat=0
split_feature=0 12 13 9 12 11 9 9 12 8 18
split_gain=3.09184 2.80294 2.54557 3.32965 3.05271 1.56221 1.44698 0.448126 0.421042 0.298392 0.226518
threshold=1800.5000000000002 83.500000000000014 0.26245000000000007 0.25415000000000004 242.50000000000003 10.587150000000001 0.5817500000000001 0.50375000000000014 117.50000000000001 0.41365000000000007 2.3060500000000004
decision_type=10 2 2 2 2 2 2 2 2 2 2
left_child=2 10 4 -4 6 -5 7 8 -1 -7 -2
right_child=1 -3 3 5 -6 9 -8 -9 -10 -11 -12
leaf_value=-0.0001610893496997493 -0.0001610893496997493 -0.044340365594479778 -0.0001610893496997493 0.029217102582834938 -0.027997285509726019 0.0088939264153243651 0.0088939264153243651 0.00085091834072921848 -0.0018952567386740921 0.018431775553001597 -0.016225122602204999
leaf_weight=4405.9228160935454 2.3940681759268028 6.557975790463388 15.016864918172358 18.464582450687885 8.923014263622461 12.812645785510542 26.414524905383587 1158.44356569089 569.11848394852132 8.0697642713785154 1.901613383553922
leaf_count=38340 112 365 205 173 235 146 196 9208 10793 67 104
internal_value=0 -0.0257214 -0.000161089 0.0105603 -0.000161089 0.0189189 -0.000161089 -0.000161089 -0.000161089 0.00889393 -0.000161089
internal_weight=0 10.8537 6223.19 54.3639 6168.82 39.347 6159.9 6133.48 4975.04 20.8824 4.29568
internal_count=59944 581 59363 591 58772 386 58537 58341 49133 213 216
is_linear=0
shrinkage=0.05


Tree=131
num_leaves=15
num_cat=0
split_feature=5 12 6 11 0 11 12 4 13 18 17 11 17 0
split_gain=2.72855 8.19145 2.45058 5.05829 2.80339 2.33243 1.2335 1.02475 0.986668 2.99732 4.53897 2.19045 1.4472 2.74217
threshold=4.5000000000000009 41.500000000000007 0.89295000000000013 10.166050000000002 1280.5000000000002 10.441350000000002 8.5000000000000018 4.5000000000000009 0.017250000000000005 2.6584500000000006 0.37675000000000008 11.467250000000002 0.23475000000000004 1657.5000000000002
decision_type=2 2 2 2 8 2 2 2 2 2 2 2 2 10
left_child=6 5 -3 -4 7 -2 -1 -5 9 10 -8 12 -11 -14
right_child=1 2 3 4 -6 -7 8 -9 -10 11 -12 -13 13 -15
leaf_value=0.0028486049267334853 0.031721314175373071 9.4987212735444105e-05 0.019897394630362542 0.0022388626744844786 9.4987212735444105e-05 0.012406706800366088 9.4987212735444105e-05 0.012406706800366088 9.4987212735444105e-05 9.4987212735444105e-05 -0.0070882917099020287 -0.036435821139891016 -0.0070882917099020287 -0.026804459350905259
leaf_weight=379.40781024843454 25.613908663392067 173.53247085213661 16.990653991699219 25.282816633582115 43.582291595637798 43.665872752666473 746.35297839855775 23.789978250861168 4499.9990875516087 38.008895378559828 63.118173946626484 5.4164662486873558 133.79883688502014 17.377377810422331
leaf_count=1933 120 914 77 117 210 218 10060 110 40044 1252 1233 190 2699 805
internal_value=0 0.0046181 0.000823143 0.00762704 0.00208931 0.0198974 9.49872e-05 0.012236 -9.53087e-05 -0.00153369 -0.000191228 -0.00708829 -0.00708829 -0.00833916
internal_weight=0 352.458 283.178 109.646 92.6551 69.2798 5883.48 49.0728 5504.07 1004.07 809.471 194.602 189.185 151.176
internal_count=59982 1766 1428 514 437 338 58216 227 56283 16239 11293 4946 4756 3504
is_linear=0
shrinkage=0.05


Tree=132
num_leaves=15
num_cat=0
split_feature=10 8 6 17 0 13 0 7 8 11 0 6 9 18
split_gain=3.60066 5.66946 5.34444 5.34401 3.24261 6.09202 2.56759 2.16497 2.08313 1.81333 3.00297 2.09815 3.46742 6.57923
threshold=54.000000000000007 0.56235000000000013 0.95025000000000015 0.43705000000000005 792.50000000000011 0.026050000000000004 1800.5000000000002 0.55277500000000013 0.68665000000000009 10.922950000000002 1735.5000000000002 0.89295000000000013 0.13345000000000004 0.24765000000000001
decision_type=2 2 2 2 10 2 10 8 2 2 10 2 2 2
left_child=3 2 4 6 5 -2 8 -7 9 -1 11 12 13 -11
right_child=1 -3 -4 -5 -6 7 -8 -9 -10 10 -12 -13 -14 -15
leaf_value=1.9012759468146087e-05 1.9012759468146087e-05 0.029899680797644025 0.022497243624509125 -0.023186782477650596 1.9012759468146087e-05 0.0017913115342464787 -0.023186782477650596 0.022497243624509125 0.003406155404565148 -0.0021636184869649093 -0.023186782477650596 1.9012759468146087e-05 -0.0021636184869649093 -0.023186782477650596
leaf_weight=3796.2149846153334 62.386117838323116 18.514541774988174 31.174298241734505 24.642937943339348 563.33530107606202 13.886442020535467 8.9375853515230101 49.345324363559484 360.6001703646034 35.14789917320013 11.445348285138605 206.87512204796076 1007.0088016381487 51.776020425371826
leaf_count=35942 712 83 141 357 5961 60 492 312 2183 225 673 974 10884 1001
internal_value=0 0.00330116 0.00257679 -0.000414468 0.00164411 0.0088742 -0.000307813 0.0198101 -0.000261376 -0.000520878 -0.00212249 -0.00188455 -0.0029974 -0.0125223
internal_weight=0 738.642 720.127 5502.65 688.953 125.618 5478.01 63.2318 5469.07 5108.47 1312.25 1300.81 1093.93 86.9239
internal_count=60000 7269 7186 52731 7045 1084 52374 372 51882 49699 13757 13084 12110 1226
is_linear=0
shrinkage=0.05


Tree=133
num_leaves=15
num_cat=0
split_feature=0 14 11 13 11 12 14 13 9 10 11 9 13 0
split_gain=2.48178 7.54962 6.79125 9.61433 2.12256 1.99841 1.64957 1.45124 1.24644 4.13482 2.4063 0.90838 0.412862 0.285243
threshold=694.50000000000011 124.50000000000001 9.9764500000000016 0.018850000000000002 11.608300000000002 125.50000000000001 24.500000000000004 0.023350000000000006 0.16735000000000003 30.000000000000004 10.876450000000002 0.50185000000000013 0.26245000000000007 1226.5000000000002
decision_type=10 2 2 2 2 2 2 2 2 2 2 2 2 8
left_child=1 2 3 -1 8 11 -7 -4 9 -2 -11 -6 13 -10
right_child=4 -3 7 -5 5 6 -8 -9 12 10 -12 -13 -14 -15
leaf_value=0.00011464876603214198 -0.0049935222148648848 0.026559951797988948 -0.00025971662329874997 0.026559951797988948 -0.0049935222148648848 -0.040846691059376911 -0.0049935222148648848 0.0032824499981836137 0.00036101868519239767 -0.00025971662329874997 -0.0049935222148648848 -0.00025971662329874997 0.0032824499981836137 -0.00025971662329874997
leaf_weight=28.327501319348812 277.58788386173546 30.62225878983736 384.63491011038423 37.967804670333862 62.587964544072747 6.7426386801525933 4.2566546276211739 295.77829545363784 2720.8995815292001 347.80479353666306 127.9932521386072 17.759372223168612 43.913248080760241 1832.462333176285
leaf_count=263 3206 144 4597 288 645 196 25 2593 13489 3820 1619 128 456 28394
internal_value=0 0.00262902 0.00161341 0.0167655 -0.00038948 -0.0079053 -0.0269864 0.000114649 -0.000259717 -0.00229214 -0.000259717 -0.00499352 -0.000259717 -0.000259717
internal_weight=0 777.331 746.709 66.2953 5442.01 91.3466 10.9993 680.413 5350.66 753.386 475.798 80.3473 4597.28 4553.36
internal_count=59863 7885 7741 551 51978 994 221 7190 50984 8645 5439 773 42339 41883
is_linear=0
shrinkage=0.05


Tree=134
num_leaves=14
num_cat=0
split_feature=16 3 5 17 0 12 17 18 6 5 5 6 18
split_gain=2.64718 2.48829 7.09497 2.57973 1.65015 3.11417 1.90236 3.04993 1.57071 0.406874 0.389533 0.186228 0.157053
threshold=0.14265000000000003 82.500000000000014 3.5000000000000004 -0.048949999999999994 1741.5000000000002 55.500000000000007 0.31415000000000004 2.3665500000000006 0.12045000000000002 4.5000000000000009 1.5000000000000002 0.19325000000000003 0.13815000000000002
decision_type=2 2 2 2 10 2 2 2 2 2 2 2 2
left_child=1 4 3 12 9 -6 7 8 -7 -1 -8 -9 -3
right_child=-2 2 -4 -5 5 6 10 11 -10 -11 -12 -13 -14
leaf_value=-0.00036414231974935652 0.025119322741442726 0.016486154625365273 0.025119322741442726 -0.00036414231974935652 -0.00036414231974935652 -0.026767365382003468 -0.03894737168168734 -0.026767365382003468 -0.00036414231974935652 0.0013694068768574084 -0.026767365382003468 -0.015877084542957241 0.0087606426769691707
leaf_weight=5667.202704239171 9.3238208778202516 17.629355721175671 32.455156192183495 56.558667659759521 12.424290239810942 3.8345047682523754 11.404969726689155 4.459859429392961 16.966974100098014 351.92819458246231 4.0372532573528597 8.966949029825626 17.654411323368549
leaf_count=54379 96 83 149 259 564 174 625 249 737 1765 216 498 80
internal_value=0 -0.000220496 0.00675419 -0.000364142 -0.000364142 -0.0084503 -0.0156961 -0.00867357 -0.000364142 -0.000364142 -0.0297876 -0.0267674 0.0129686
internal_weight=0 6205.52 124.298 91.8424 6081.23 62.0948 49.6705 34.2283 20.8015 6019.13 15.4422 13.4268 35.2838
internal_count=59874 59778 571 422 59207 3063 2499 1658 911 56144 841 747 163
is_linear=0
shrinkage=0.05


Tree=135
num_leaves=15
num_cat=0
split_feature=16 11 12 12 11 13 10 9 6 0 0 13 9 17
split_gain=2.86066 2.32019 3.25227 2.24493 4.69801 4.72741 3.4054 1.80655 1.50463 1.13093 1.00764 2.09942 0.552112 0.189921
threshold=0.14265000000000003 11.608300000000002 118.50000000000001 8.5000000000000018 11.045950000000001 0.10515000000000001 30.000000000000004 0.50185000000000013 0.5444500000000001 837.50000000000011 1166.5000000000002 0.073250000000000023 0.47625000000000006 -0.019649999999999997
decision_type=2 2 2 2 2 2 2 2 2 10 10 2 2 2
left_child=1 3 7 4 5 6 -1 9 -8 -3 12 -12 -10 -7
right_child=-2 2 -4 -5 -6 13 8 -9 10 -11 11 -13 -14 -15
leaf_value=-0.00013020109983852873 0.025851703173432401 -0.00013020109983852873 -0.031495097370692379 -0.00013020109983852873 -0.00013020109983852873 0.022584345605609478 -0.00013020109983852873 -0.00013020109983852873 0.013842532787532967 -0.012681913339178256 -0.00013020109983852873 0.013842532787532967 0.017282040487607564 0.017282040487607564
leaf_weight=79.492063373327255 9.7097443919628841 12.882377183064817 11.455306872725485 5744.334291011095 64.295028857886791 26.511560469865799 15.758680142462252 20.214516695588827 65.058371216058731 54.545117347035557 14.674819491803648 17.003685779869556 22.23317713290453 60.558219373226166
leaf_count=404 96 137 253 56723 338 122 87 147 323 592 86 98 104 304
internal_value=0 -1.1813e-05 -0.0075626 0.000111871 0.00390546 0.00752513 0.00349757 -0.00411447 0.00901273 -0.00943432 0.0110916 0.00331952 0.0138425 0.017282
internal_weight=0 6209.02 99.0973 6109.92 365.586 301.291 214.221 87.642 134.729 67.4275 118.97 31.6785 87.2915 87.0698
internal_count=59814 59718 1129 58589 1866 1528 1102 876 698 729 611 184 427 426
is_linear=0
shrinkage=0.05


Tree=136
num_leaves=12
num_cat=0
split_feature=9 11 9 6 13 0 11 13 17 17 11
split_gain=2.4997 2.78827 3.91739 2.15439 2.09445 1.67559 2.09462 1.27304 0.596541 0.284192 0.229922
threshold=0.10955000000000002 11.332300000000002 0.49585000000000007 0.97195000000000009 0.020850000000000004 1657.5000000000002 10.281450000000001 0.13905000000000003 -0.015349999999999997 -0.028749999999999994 9.9484500000000011
decision_type=2 2 2 2 2 10 2 2 2 2 2
left_child=5 3 9 7 -5 10 -7 -2 -6 -3 -1
right_child=1 2 -4 4 8 6 -8 -9 -10 -11 -12
leaf_value=0.00043851484597709196 0.00043851484597709196 0.00043851484597709196 0.00043851484597709196 0.00043851484597709196 0.020754705357497474 -0.0048731487682302241 -0.043041449649824391 0.0045041597641445217 0.0092452701739228257 -0.0048731487682302241 -0.0048731487682302241
leaf_weight=14.465109676122664 5338.4580120178871 39.193943701684475 83.548065107315779 27.143095195293427 23.144591361284256 1.963103394024073 5.5025295801460743 196.15024388581514 26.700407080352306 229.67090420331806 233.62237501237541
leaf_count=141 50151 192 715 124 105 101 359 2363 120 2934 2550
internal_value=0 0.000167301 -0.00414035 0.000438515 0.00874899 -0.00487315 -0.0271807 0.000438515 0.0148925 -0.00487315 -0.00487315
internal_weight=0 5964.01 352.413 5611.6 76.9881 255.553 7.46563 5534.61 49.845 268.865 248.087
internal_count=59855 56704 3841 52863 349 3151 460 52514 225 3126 2691
is_linear=0
shrinkage=0.05


Tree=137
num_leaves=13
num_cat=0
split_feature=0 17 5 18 0 9 0 9 11 17 9 18
split_gain=2.65531 5.9458 2.6427 2.18265 1.97096 2.84037 0.95417 2.28354 0.911319 0.75347 0.457689 0.335982
threshold=1751.5000000000002 0.22645000000000001 1.5000000000000002 1.2053500000000004 694.50000000000011 0.28005000000000008 1.0000000180025095e-35 0.31555000000000005 10.157850000000002 0.35595000000000004 0.56975000000000009 2.3665500000000006
decision_type=10 2 2 2 8 2 10 2 2 2 2 2
left_child=4 -2 3 -3 5 -1 7 -6 -5 10 -8 -4
right_child=1 2 11 8 6 -7 9 -9 -10 -11 -12 -13
leaf_value=6.3825488938545528e-05 6.3825488938545528e-05 -0.0017147825840602188 -0.0017147825840602188 -0.013216942275866471 6.3825488938545528e-05 0.02300772681355457 6.3825488938545528e-05 0.0043469811484751304 -0.043082473452401432 -0.0017147825840602188 0.0027765838985540207 -0.013216942275866471
leaf_weight=21.724679015576839 15.957432816736398 2.1278007393702891 5.8115527476184052 4.2683683754876354 295.77043924853206 21.849227659404278 5097.8174539441243 442.16727573052049 17.849834857042879 117.89955741679296 180.28755849413574 3.3051769048906863
leaf_count=91 751 94 267 184 3589 111 43920 4169 1011 4227 1269 193
internal_value=0 -0.0114685 -0.0249828 -0.0333173 6.38255e-05 0.0105779 6.38255e-05 0.00187398 -0.03814 6.38255e-05 6.38255e-05 -0.00171478
internal_weight=0 49.3202 33.3627 24.246 6177.52 43.5739 6133.94 737.938 22.1182 5396 5278.11 9.11673
internal_count=59876 2500 1749 1289 57376 202 57174 7758 1195 49416 45189 460
is_linear=0
shrinkage=0.05


Tree=138
num_leaves=11
num_cat=0
split_feature=14 12 3 14 13 14 11 3 12 14
split_gain=2.85661 6.12357 3.92736 2.04974 1.63009 2.63812 1.17043 0.741101 0.390494 0.338891
threshold=175.50000000000003 17.500000000000004 54.500000000000007 190.50000000000003 0.0081500000000000027 39.500000000000007 10.507650000000002 72.500000000000014 8.5000000000000018 19.500000000000004
decision_type=2 2 2 2 2 2 2 2 2 2
left_child=4 2 -2 -4 5 6 -1 -3 -6 -10
right_child=1 7 3 -5 8 -7 -8 -9 9 -11
leaf_value=-0.010357474513285232 0.0032569613412509386 -0.00059426983958810881 0.015677265206591014 0.038414637888735476 0.0010657377616729046 -0.00059426983958810881 -0.044298556053317228 0.012077761966473609 -0.0011864017016021125 -0.00059426983958810881
leaf_weight=5.3134582284837979 32.744660407304764 48.821556992828846 24.679211832582951 18.889171808958054 357.74756161123514 5.5908221900463095 5.8038740158081055 18.416881747543812 2469.5405162507668 3219.7605437636375
leaf_count=91 141 216 114 84 1837 26 129 87 40732 16376
internal_value=0 0.00651794 0.0165111 0.0261758 -0.00059427 -0.015765 -0.0302701 -0.00059427 -0.00059427 -0.00059427
internal_weight=0 143.551 76.313 43.5684 6063.76 16.7082 11.1173 67.2384 6047.05 5689.3
internal_count=59833 642 339 198 59191 246 220 303 58945 57108
is_linear=0
shrinkage=0.05


Tree=139
num_leaves=15
num_cat=0
split_feature=0 12 10 16 17 12 17 8 10 12 13 18 11 18
split_gain=2.07352 7.60409 4.71376 5.52811 3.29662 2.80498 2.64707 2.63124 2.4482 2.3518 1.86228 1.92736 1.30847 2.12672
threshold=694.50000000000011 30.500000000000004 42.000000000000007 0.045550000000000007 0.35595000000000004 13.500000000000002 -0.046949999999999992 0.21975000000000003 42.000000000000007 134.50000000000003 0.017250000000000005 3.0318500000000004 10.143350000000002 2.0393000000000003
decision_type=10 2 2 2 2 2 2 2 2 2 2 2 2 2
left_child=1 2 3 6 -2 -4 -1 -6 9 10 -9 -12 13 -8
right_child=4 -3 5 -5 7 -7 12 8 -10 -11 11 -13 -14 -15
leaf_value=0.018499066735117895 -0.00022718189805006131 -0.00022718189805006131 0.038961848721033296 0.018499066735117895 -0.023980899140552812 0.018499066735117895 0.018499066735117895 -0.015456158085865907 -0.00022718189805006131 -0.023980899140552812 -0.00022718189805006131 -0.015456158085865907 -0.00022718189805006131 -0.00022718189805006131
leaf_weight=10.551814593374727 5312.5194640452974 497.96072646975517 16.564414270222187 21.178457695990801 21.135585026815534 73.730179496109486 12.921122670173647 25.121253816410899 25.798365689814091 21.051290945149958 27.4620745703578 5.1971972947940221 139.40201172605157 10.092503428459166
leaf_count=50 47296 5644 75 113 1047 628 71 851 943 778 866 188 1246 95
internal_value=0 0.0025242 0.00912034 0.00468598 -0.000227182 0.0184991 0.00131075 -0.00829034 -0.00492378 -0.0105157 -0.00511155 -0.000227182 -0.000227182 0.0114529
internal_weight=0 782.401 284.441 194.146 5438.29 90.2946 172.967 125.766 104.63 78.8318 57.7805 32.6593 162.416 23.0136
internal_count=59891 7922 2278 1575 51969 703 1462 4673 3626 2683 1905 1054 1412 166
is_linear=0
shrinkage=0.05


Tree=140
num_leaves=12
num_cat=0
split_feature=16 9 17 14 0 13 16 0 12 13 0
split_gain=2.21592 2.76187 3.32029 5.76892 6.45506 4.56814 1.85996 0.744547 1.74706 0.965574 0.115417
threshold=0.058050000000000011 0.18665000000000001 -0.019649999999999997 113.50000000000001 765.50000000000011 0.10435000000000001 0.078550000000000023 1800.5000000000002 73.500000000000014 0.023450000000000002 922.50000000000011
decision_type=2 2 2 2 10 2 2 10 2 2 8
left_child=7 -2 3 10 -5 -6 -4 -1 -9 -10 -3
right_child=1 2 6 4 5 -7 -8 8 9 -11 -12
leaf_value=-0.0003384515201922006 -0.0003384515201922006 0.0052578163975475758 -0.0003384515201922006 0.048859764792793144 0.0028668729140406079 0.0319483677387059 0.0028668729140406079 -0.0003384515201922006 -0.041151967455956895 -0.0003384515201922006 0.0028668729140406079
leaf_weight=5805.6737681045197 85.205701568163931 50.911982588469982 104.67112480197102 16.681942038238049 26.323001407086849 17.548065923154354 70.083567877300084 3.5486302189528924 4.1888543334789574 1.9532332154922185 29.865687228739262
leaf_count=57012 508 235 581 80 122 83 628 189 261 112 133
internal_value=0 0.00349861 0.00602199 0.011692 0.0232269 0.0126084 0.00139598 -0.000338452 -0.013534 -0.0298713 0.00286687
internal_weight=0 401.291 316.085 141.331 60.553 43.8711 174.755 5815.36 9.69072 6.14209 80.7777
internal_count=59944 2370 1862 653 285 205 1209 57574 562 373 368
is_linear=0
shrinkage=0.05


Tree=141
num_leaves=10
num_cat=0
split_feature=13 14 0 12 6 0 14 0 0
split_gain=4.04236 4.75406 7.45588 3.28044 3.02008 2.11066 2.32357 1.91956 0.857816
threshold=0.081950000000000009 188.50000000000003 852.50000000000011 229.50000000000003 0.38285000000000008 694.50000000000011 16.500000000000004 716.50000000000011 694.50000000000011
decision_type=2 2 10 2 2 10 2 8 10
left_child=3 5 -3 7 -5 -2 -7 -1 -9
right_child=1 2 -4 4 -6 6 -8 8 -10
leaf_value=0.008643948908294145 0.008643948908294145 0.036867592651767082 0.0016899884317432168 -0.038191923141213488 -0.00058452730557435753 -0.00058452730557435753 0.0016899884317432168 0.0012324242908508206 -0.00058452730557435753
leaf_weight=33.185047157108784 102.6394327133894 23.871388718485832 17.51463483273983 10.156402357388286 2.1560364365577689 516.38108715415001 1431.6831302344799 661.64654716849327 3410.9920534929261
leaf_count=150 498 109 77 391 77 4484 7273 7352 39444
internal_value=0 0.00203344 0.0186102 -0.000665017 -0.0254457 0.00168999 0.00131935 -0.000584527 -0.000584527
internal_weight=0 2092.09 41.386 4118.14 12.3124 2050.7 1948.06 4105.82 4072.64
internal_count=59855 12441 186 47414 468 12255 11757 46946 46796
is_linear=0
shrinkage=0.05


Tree=142
num_leaves=15
num_cat=0
split_feature=11 12 14 10 6 8 8 13 13 11 7 12 17 11
split_gain=2.22109 3.44857 3.35439 2.03221 5.82447 4.76271 1.96434 2.2916 2.19451 2.35531 1.53702 2.98793 1.54937 1.38455
threshold=11.608300000000002 125.50000000000001 22.500000000000004 54.000000000000007 0.95025000000000015 0.56645000000000012 0.78955000000000009 0.081950000000000009 0.017850000000000001 11.033750000000001 0.11561 10.500000000000002 0.016350000000000003 11.344450000000002
decision_type=2 2 2 2 2 2 2 2 2 2 8 2 2 2
left_child=3 -2 -3 6 5 8 7 13 -5 10 11 -9 -13 -1
right_child=1 2 -4 4 -6 -7 -8 9 -10 -11 -12 12 -14 -15
leaf_value=-0.0011188805744889606 -0.0039963548366040071 -0.053631795391852866 -0.0039963548366040071 -0.0011188805744889606 0.022434544427044373 0.022434544427044373 0.0054252187720012059 0.0027947468345658226 0.0027947468345658226 -0.0011188805744889606 0.0027947468345658226 0.0027947468345658226 -0.0011188805744889606 -0.0039963548366040071
leaf_weight=3303.4418766209856 90.093704527243972 6.3725156718865019 4.042478010058403 128.07828454161063 34.275734513998032 13.501978203654287 149.75908910110593 89.908554218709469 549.82696618977934 307.58955420739949 920.7400985211134 57.488675996661186 412.50846568867564 144.22252631559968
leaf_count=38192 925 190 25 2068 155 61 851 497 4876 1945 4415 319 3452 1920
internal_value=0 -0.0073242 -0.0332393 0.000133049 0.00261504 0.00160152 -0.000201806 -0.000363757 0.000965359 0.000965359 0.00202393 -0.000109391 -0.00111888 -0.00111888
internal_weight=0 100.509 10.415 6111.34 725.683 691.407 5385.66 5235.9 677.905 1788.24 1480.65 559.906 469.997 3447.66
internal_count=59891 1140 215 58751 7160 7005 51591 50740 6944 10628 8683 4268 3771 40112
is_linear=0
shrinkage=0.05


Tree=143
num_leaves=15
num_cat=0
split_feature=16 4 13 14 13 0 18 9 14 13 14 9 9 3
split_gain=2.41987 5.21581 3.10905 2.56693 0.99454 0.631328 3.4982 1.74768 1.34104 0.85906 0.781558 0.686992 1.56405 1.33431
threshold=0.079750000000000001 4.5000000000000009 0.10875000000000001 59.500000000000007 0.25335000000000008 1217.5000000000002 3.4672500000000004 0.091650000000000023 56.500000000000007 0.13905000000000003 56.500000000000007 0.50925000000000009 0.50005000000000011 16.500000000000004
decision_type=2 2 2 2 2 10 2 2 2 2 2 2 2 2
left_child=4 2 3 -2 5 9 7 8 -7 -1 12 -8 13 -9
right_child=1 -3 -4 -5 -6 6 11 10 -10 -11 -12 -13 -14 -15
leaf_value=-0.00053856544815734139 -0.00053856544815734139 0.035609819676457745 0.02925086836711795 0.02084610153390784 0.0055300814451178853 -0.020709609844506188 -0.038202555840059819 -0.0033200875081680174 -0.0011106983657613058 0.0055300814451178853 -0.00053856544815734139 -0.0041395164622670703 -0.00053856544815734139 -0.00053856544815734139
leaf_weight=3870.1445294376463 52.016600792296231 13.167432889342306 8.5068834200501424 13.15280022472143 65.786892479285598 19.237717661540959 6.6797534232027811 1278.9811572656035 3.8376327231526366 24.437911100685596 394.45131719857454 2.1605398515239358 413.54932123981416 57.757217718288302
leaf_count=23606 620 60 61 65 727 518 287 25567 27 130 2032 57 5506 699
internal_value=0 0.00781943 0.00244239 -0.000538565 -0.000538565 -0.000605224 -0.00139723 -0.00126162 -0.01466 -0.000538565 -0.0011107 -0.0311443 -0.0017702 -0.00275419
internal_weight=0 86.8437 73.6763 65.1694 6137.02 6071.24 2176.65 2167.81 23.0754 3894.58 2144.74 8.84029 1750.29 1336.74
internal_count=59962 806 746 685 59156 58429 34693 34349 545 23736 33804 344 31772 26266
is_linear=0
shrinkage=0.05


Tree=144
num_leaves=15
num_cat=0
split_feature=16 15 0 12 13 11 12 17 0 18 12 8 0 17
split_gain=1.92033 5.12545 6.51818 5.28957 4.64493 1.29145 3.1236 2.10284 1.84785 1.17908 0.493811 0.249789 0.142302 0.131809
threshold=0.057450000000000008 3.5000000000000004 895.50000000000011 20.500000000000004 0.098550000000000013 11.608300000000002 122.50000000000001 0.025150000000000002 1069.5000000000002 0.29035000000000005 236.50000000000003 0.53175000000000006 837.50000000000011 -0.039949999999999992
decision_type=2 2 10 2 2 2 2 2 10 2 2 2 8 2
left_child=5 12 3 4 -3 10 7 -7 -9 -8 -1 -10 -2 -4
right_child=1 2 13 -5 -6 6 9 8 11 -11 -12 -13 -14 -15
leaf_value=-0.00032737265553544514 0.0018710705583000614 0.013253409810541733 0.0019290248695570907 0.0019290248695570907 0.042671720860331233 -0.00032737265553544514 -0.017281487344064275 -0.00032737265553544514 -0.017281487344064275 -0.043978977752044006 -0.0091420856453906206 -0.0073959118064436061 -0.00032737265553544514 -0.00032737265553544514
leaf_weight=5695.678580080159 74.138338267803192 27.356248401105404 17.573256455361843 27.836289517581463 28.048330128192902 33.295837610960007 4.6491739451885206 13.330247387289999 26.492570344358683 6.303726127371192 15.57104585925117 8.4461694024503213 210.28155587613583 22.820774525403976
leaf_count=56053 339 124 80 131 130 177 28 153 471 205 394 52 1499 101
internal_value=0 0.00321712 0.0116744 0.0198358 0.0286388 -0.000327373 -0.00620319 -0.0026707 -0.0110933 -0.030085 -0.000327373 -0.0172815 -0.000327373 -0.000327373
internal_weight=0 408.055 123.635 83.2409 55.4046 5803.77 92.5177 81.5648 48.269 10.9529 5711.25 34.9387 284.42 40.394
internal_count=59937 2404 566 385 254 57533 1086 853 676 233 56447 523 1838 181
is_linear=0
shrinkage=0.05


Tree=145
num_leaves=9
num_cat=0
split_feature=17 9 16 0 6 0 12 12
split_gain=2.67869 4.5002 1.99869 3.68703 3.5847 1.05819 0.454767 0.223447
threshold=0.43705000000000005 0.41065000000000007 0.087150000000000019 1226.5000000000002 0.6936500000000001 694.50000000000011 45.500000000000007 48.500000000000007
decision_type=2 2 2 8 2 10 2 2
left_child=2 7 5 4 -4 -1 -5 -2
right_child=1 -3 3 6 -6 -7 -8 -9
leaf_value=0.0021079431093017019 -0.024155862162991079 0.00020205530514268676 0.0033159362874070905 0.0033159362874070905 0.035574652497675663 0.00020205530514268676 0.00020205530514268676 -0.044788885700825481
leaf_weight=744.53388954885304 9.3338731601834279 12.697570476680992 16.625236853957176 14.458024851977823 17.38626866042614 5360.3284721495584 26.94168693665415 5.1285207979381093
leaf_count=7453 162 148 85 135 81 51316 412 89
internal_value=0 -0.0152541 0.000202055 0.00828866 0.0203513 0.000202055 0.000202055 -0.033896
internal_weight=0 27.16 6180.27 75.4112 34.0115 6104.86 41.3997 14.4624
internal_count=59881 399 59482 713 166 58769 547 251
is_linear=0
shrinkage=0.05


Tree=146
num_leaves=9
num_cat=0
split_feature=6 8 13 0 17 8 0 18
split_gain=4.63308 4.3546 2.87116 2.42055 2.27772 2.04513 2.22401 0.439504
threshold=0.97195000000000009 0.56645000000000012 0.020450000000000006 1779.5000000000002 0.22455000000000003 0.43995000000000006 1805.5000000000002 1.3534500000000003
decision_type=2 2 2 10 2 2 8 2
left_child=3 2 -2 -1 6 -4 -5 -6
right_child=1 -3 5 4 7 -7 -8 -9
leaf_value=-0.00016816540891445933 -0.00016816540891445933 0.032527639805591958 0.003896239105126072 0.028163999807875553 -0.023314467208605288 0.025161137544683316 -0.023314467208605288 -0.035617909073631902
leaf_weight=6095.8927827719599 20.736286699771881 18.243575245141983 24.512943267822266 4.0527399266138699 2.1695839581079754 20.709389492869377 2.6425978858023882 12.025763324927537
leaf_count=58331 99 84 110 198 110 90 147 720
internal_value=0 0.0115722 0.00537692 -0.000168165 -0.0167946 0.0139681 -0.000168165 -0.0279707
internal_weight=0 84.2022 65.9586 6116.78 20.8907 45.2223 6.69534 14.1953
internal_count=59889 383 299 59506 1175 200 345 830
is_linear=0
shrinkage=0.05


Tree=147
num_leaves=15
num_cat=0
split_feature=17 9 10 8 9 11 9 11 11 8 11 9 11 9
split_gain=2.8481 3.08006 1.92249 3.53198 6.4962 0.906458 0.891415 0.798839 1.98377 1.34256 0.823846 0.290121 0.207768 0.00345894
threshold=0.43705000000000005 0.37885000000000008 42.000000000000007 0.56645000000000012 0.54375000000000007 11.344450000000002 0.13755000000000003 10.668450000000002 11.208250000000001 0.65005000000000013 10.587150000000001 0.58015000000000005 10.474550000000002 0.10955000000000002
decision_type=2 2 2 2 2 2 2 2 2 2 2 2 2 2
left_child=2 12 6 5 -5 11 -1 -3 9 10 -8 13 -2 -4
right_child=1 7 3 4 -6 -7 8 -9 -10 -11 -12 -13 -14 -15
leaf_value=-0.0030827056153242775 -0.018802104224193608 -0.00036049412696911366 -0.00036049412696911366 0.00092492591013276868 0.030379322613767148 -0.00036049412696911366 0.00080651522372482019 -0.016239120901364503 -0.0030827056153242775 0.00092492591013276868 -0.00036049412696911366 0.010994276893539073 -0.040356356494675241 0.00092492591013276868
leaf_weight=369.44097716733813 4.8153439238667506 7.6324641034007055 79.380051259882748 29.753768727183342 28.237873986363411 92.523072422482073 1634.9282827181742 6.9213929697871208 403.6890686689876 413.55214229784906 1523.8007941097021 11.335063345730303 7.2305449545383453 1596.4600221700966
leaf_count=4502 77 83 923 132 126 1131 15164 92 4152 2506 15121 101 146 15580
internal_value=0 -0.0161995 -0.000101853 0.00132444 0.0133616 0.000924926 -0.000360494 -0.000360494 -0.000360494 -9.78638e-05 -0.000360494 0.000924926 -0.0338417 0.000924926
internal_weight=0 26.5997 6183.1 1837.69 57.9916 1779.7 4345.41 14.5539 3975.97 3572.28 3158.73 1687.18 12.0459 1675.84
internal_count=59836 398 59438 17993 258 17735 41445 175 36943 32791 30285 16604 223 16503
is_linear=0
shrinkage=0.05


Tree=148
num_leaves=13
num_cat=0
split_feature=6 8 11 8 9 18 17 11 13 14 12 12
split_gain=2.8751 3.29296 2.78612 1.65354 1.2905 3.86664 1.13166 1.29252 0.899988 2.37358 0.434404 0.439858
threshold=0.97195000000000009 0.39705000000000007 10.876450000000002 0.50965000000000016 0.11735000000000002 2.8762500000000002 0.37325000000000003 11.274050000000001 0.011550000000000001 43.500000000000007 61.500000000000007 32.500000000000007
decision_type=2 2 2 2 2 2 2 2 2 2 2 2
left_child=4 -2 3 -3 5 8 7 -6 9 10 -1 -7
right_child=1 2 -4 -5 6 11 -8 -9 -10 -11 -12 -13
leaf_value=-0.011402416213211537 -0.00016963281229380304 0.012118139624506931 0.00059572705484929156 0.032890657855200241 -0.00016963281229380304 -0.011402416213211537 -0.0021182346214574659 -0.0021182346214574659 -0.0021182346214574659 -0.0021182346214574659 -0.02827292144951464 -0.032076276367320349
leaf_weight=5.7863584728911537 22.52123299241066 20.750185430049896 20.956430405378342 20.338722258806229 5127.8609543605708 2.0723003540188065 247.24531588377431 424.46375234099105 294.7566824266687 5.5296553075313559 7.0550616160035133 11.741843767464159
leaf_count=103 109 91 93 93 46201 45 4865 4388 3151 40 209 507
internal_value=0 0.00905939 0.0155205 0.0229375 -0.000169633 -0.00330618 -0.000169633 -0.000169633 -0.00211823 -0.0129063 -0.0264475 -0.0282729
internal_weight=0 84.5666 62.0453 41.0889 6126.51 326.942 5799.57 5552.32 313.128 18.3711 12.8414 13.8141
internal_count=59895 386 277 184 59509 4055 55454 50589 3503 352 312 552
is_linear=0
shrinkage=0.05


Tree=149
num_leaves=8
num_cat=0
split_feature=8 14 13 14 11 14 14
split_gain=2.46763 3.52817 0.99558 1.71374 1.47975 0.545748 0.032047
threshold=0.90725000000000011 38.500000000000007 0.0081500000000000027 39.500000000000007 10.426150000000002 188.50000000000003 175.50000000000003
decision_type=2 2 2 2 2 2 2
left_child=2 -2 3 4 -1 6 -4
right_child=1 -3 5 -5 -6 -7 -8
leaf_value=-0.0012619476951437837 -3.9976995177367811e-05 0.025338934041060641 -3.9976995177367811e-05 -3.9976995177367811e-05 -0.03832581017034814 0.0043690169086788456 0.0010189838350470666
leaf_weight=4.4366162521764618 16.84041341394186 22.334740497171879 6013.6139827319421 5.420358031988143 6.1391342771239579 69.540084570646286 72.068750791251659
leaf_count=77 76 134 58890 25 140 309 325
internal_value=0 0.012392 -3.9977e-05 -0.0121413 -0.0242294 -3.9977e-05 -3.9977e-05
internal_weight=0 39.1752 6171.22 15.9961 10.5758 6155.22 6085.68
internal_count=59976 210 59766 242 217 59524 59215
is_linear=0
shrinkage=0.05


Tree=150
num_leaves=15
num_cat=0
split_feature=16 18 10 13 5 11 15 18 13 8 10 18 10 6
split_gain=3.08368 3.33344 1.88648 2.08932 1.43419 1.46168 1.41334 1.39086 5.93363 5.61413 6.57289 4.72966 2.31383 2.17333
threshold=0.10520000000000002 0.15525000000000003 54.000000000000007 0.017850000000000001 3.5000000000000004 10.318250000000001 3.5000000000000004 2.9804500000000007 0.02315 0.17355000000000001 18.000000000000004 3.3640500000000002 42.000000000000007 0.16215000000000004
decision_type=2 2 2 2 2 2 2 2 2 2 2 2 2 2
left_child=2 -2 7 -4 5 -5 -7 -1 9 -9 -11 -12 -13 -14
right_child=1 -3 3 4 -6 6 -8 8 -10 10 11 12 13 -15
leaf_value=-0.0003075000565551488 0.03822613543780129 0.0059439988790810829 -0.0003075000565551488 0.0059439988790810829 0.0059439988790810829 -0.0003075000565551488 0.0059439988790810829 -0.032801410259144591 -0.0003075000565551488 -0.028240763744185354 -0.0003075000565551488 -0.028240763744185354 -0.028240763744185354 -0.0003075000565551488
leaf_weight=5183.7537556691095 8.9671095460653287 43.244648125953972 139.27249189000577 124.71126274298877 100.89987614750862 336.5558737013489 31.498348414897919 23.70532540185377 78.196992982644588 27.857567172497511 86.961329732090235 21.459878524299715 4.1545853600837281 2.6908359350636601
leaf_count=45975 41 453 2123 1076 491 3401 136 571 1918 575 2372 605 86 104
internal_value=0 0.0121025 1.41006e-05 0.00239333 0.00390992 0.00243458 0.000798601 -0.0003075 -0.00406697 -0.0107529 -0.00689885 -0.00154241 -0.0205445 -0.0003075
internal_weight=0 52.2118 6161.72 732.938 593.665 492.765 368.054 5428.78 245.027 166.83 143.124 115.267 28.3053 6.84542
internal_count=59927 494 59433 7227 5104 4613 3537 52206 6231 4313 3742 3167 795 190
is_linear=0
shrinkage=0.05


end of trees

feature_importances:
bureau_score=303
dsr=277
log_income=249
loan_to_income=246
income_cv=166
employment_months=133
bureau_utilisation=128
avg_balance_to_income=110
savings_rate=105
negative_balance_days=78
term_months=55
max_dpd_24m=53
gambling_share=50
bureau_behavior_score=49
inquiries_6m=29
active_loans=21
nsf_count=11
delinquency_count_24m=5

parameters:
[boosting: gbdt]
[objective: binary]
[metric: binary_logloss]
[tree_learner: serial]
[device_type: cpu]
[data_sample_strategy: bagging]
[data: ]
[valid: ]
[num_iterations: 600]
[learning_rate: 0.05]
[num_leaves: 15]
[num_threads: 1]
[seed: 20260924]
[deterministic: 1]
[force_col_wise: 0]
[force_row_wise: 0]
[histogram_pool_size: -1]
[max_depth: -1]
[min_data_in_leaf: 80]
[min_sum_hessian_in_leaf: 0.001]
[bagging_fraction: 0.9]
[pos_bagging_fraction: 1]
[neg_bagging_fraction: 1]
[bagging_freq: 1]
[bagging_seed: 30830]
[feature_fraction: 0.9]
[feature_fraction_bynode: 1]
[feature_fraction_seed: 26541]
[extra_trees: 0]
[extra_seed: 23432]
[early_stopping_round: 0]
[first_metric_only: 0]
[max_delta_step: 0]
[lambda_l1: 0]
[lambda_l2: 1]
[linear_lambda: 0]
[min_gain_to_split: 0]
[drop_rate: 0.1]
[max_drop: 50]
[skip_drop: 0.5]
[xgboost_dart_mode: 0]
[uniform_drop: 0]
[drop_seed: 28709]
[top_rate: 0.2]
[other_rate: 0.1]
[min_data_per_group: 100]
[max_cat_threshold: 32]
[cat_l2: 10]
[cat_smooth: 10]
[max_cat_to_onehot: 4]
[top_k: 20]
[monotone_constraints: -1,0,1,1,1,1,1,1,1,1,1,-1,-1,1,1,1,1,-1,-1]
[monotone_constraints_method: advanced]
[monotone_penalty: 0]
[feature_contri: ]
[forcedsplits_filename: ]
[refit_decay_rate: 0.9]
[cegb_tradeoff: 1]
[cegb_penalty_split: 0]
[cegb_penalty_feature_lazy: ]
[cegb_penalty_feature_coupled: ]
[path_smooth: 0]
[interaction_constraints: ]
[verbosity: -1]
[saved_feature_importance_type: 0]
[use_quantized_grad: 0]
[num_grad_quant_bins: 4]
[quant_train_renew_leaf: 0]
[stochastic_rounding: 1]
[linear_tree: 0]
[max_bin: 255]
[max_bin_by_feature: ]
[min_data_in_bin: 3]
[bin_construct_sample_cnt: 200000]
[data_random_seed: 5099]
[is_enable_sparse: 1]
[enable_bundle: 1]
[use_missing: 1]
[zero_as_missing: 0]
[feature_pre_filter: 1]
[pre_partition: 0]
[two_round: 0]
[header: 0]
[label_column: ]
[weight_column: ]
[group_column: ]
[ignore_column: ]
[categorical_feature: ]
[forcedbins_filename: ]
[precise_float_parser: 0]
[parser_config_file: ]
[objective_seed: 14780]
[num_class: 1]
[is_unbalance: 0]
[scale_pos_weight: 1]
[sigmoid: 1]
[boost_from_average: 1]
[reg_sqrt: 0]
[alpha: 0.9]
[fair_c: 1]
[poisson_max_delta_step: 0.7]
[tweedie_variance_power: 1.5]
[lambdarank_truncation_level: 30]
[lambdarank_norm: 1]
[label_gain: ]
[lambdarank_position_bias_regularization: 0]
[eval_at: ]
[multi_error_top_k: 1]
[auc_mu_weights: ]
[num_machines: 1]
[local_listen_port: 12400]
[time_out: 120]
[machine_list_filename: ]
[machines: ]
[gpu_platform_id: -1]
[gpu_device_id: -1]
[gpu_use_dp: 0]
[num_gpu: 1]

end of parameters

pandas_categorical:[]
