tree
version=v4
num_class=1
num_tree_per_iteration=1
label_index=0
max_feature_idx=17
objective=binary sigmoid:1
feature_names=bureau_score bureau_hit delinquency_count_24m max_dpd_24m inquiries_6m active_loans bureau_utilisation dsr loan_to_income term_months log_income employment_months income_cv negative_balance_days nsf_count gambling_share savings_rate avg_balance_to_income
monotone_constraints=-1 0 1 1 1 1 1 1 1 1 -1 -1 1 1 1 1 -1 -1
feature_infos=[614:1900] [0:1] [0:5] [0:89] [0:8] [0:5] [0:0.97999999999999998] [0.042999999999999997:1.0461] [0.083400000000000002:0.58330000000000004] [12:60] [9.7409999999999997:12.579700000000001] [6:200] [0.0080000000000000002:0.29999999999999999] [0:200] [0:5] [0:0.14990000000000001] [-0.10000000000000001:0.44990000000000002] [0:3.5]
tree_sizes=1673 1699 1714 1714 1710 1715 1713 1718 1713 1718 1722 1727 1722 1718 1727 1719 1735 1709 1724 1739 1731 1741 1723 1731 1731 1741 1722 1739 1726 1728 1734 1737 1742 1731 1739 1739 1739 1740 1732 1728 1745 1739 1729 1746 1744 1745 1744 1741 1736 1747 1731 1744 1736 1739 1725 1739 1762 1740 1744 1743 1743 1747 1742 1744 1743 1754 1750 1756 1739 1740 1746 1740 1754 1754 1744 1750 1737 1749 1763 1626 1760 1754 1748 1726 1421 1752 1752 1753 1743 1748 1748 1728 1527 1538 1731 1756 1763 1758 1750 1632 1323 1766 1758 1762 1671 1414 1757 1749 1739 1747 1651 1775 1766 1763 1557 1761 1738 1758 994

Tree=0
num_leaves=15
num_cat=0
split_feature=2 6 7 7 7 7 6 10 7 6 15 10 6 6
split_gain=7043.15 1307.8 435.51 188.648 118.575 44.503 38.1337 32.0956 28.2223 15.4052 15.3343 14.056 11.9816 10.346
threshold=1.5000000000000002 0.50235000000000007 0.5242500000000001 0.49235000000000007 0.79495000000000016 0.44125000000000009 0.85785000000000011 10.475550000000002 0.61365000000000014 0.88325000000000009 0.037850000000000009 11.060750000000002 0.8317500000000001 0.81895000000000007
decision_type=2 2 2 2 2 2 2 2 2 2 2 2 2 2
left_child=1 -1 5 6 7 -3 10 9 -9 -4 -2 -7 -6 -5
right_child=3 2 4 13 12 11 -8 8 -10 -11 -12 -13 -14 -15
leaf_value=-2.1792198876387721 -1.9753292660140924 -2.1312931218323237 -2.039837429147846 -1.8485195821655691 -1.9878932327586891 -2.0962280240709759 -1.8683370832627415 -2.0918999933037976 -2.039837429147846 -1.9818750027922361 -1.9090611284723604 -2.130860150207504 -1.8881683917062149 -1.7761845217032266
leaf_weight=1722.5310759246349 32.053264901041985 515.22304203361273 45.519429445266724 44.476275853812695 15.078311003744604 151.16243861615658 52.631840296089649 73.494912125170231 42.105472236871719 16.311128884553909 34.42406851798296 36.32071141153574 10.052207335829733 54.718147478997707
leaf_count=18164 338 5433 480 469 159 1594 555 775 444 172 363 383 106 577
internal_value=-2.13135 -2.15366 -2.10502 -1.85872 -2.04062 -2.12369 -1.90541 -2.05583 -2.07231 -2.02644 -1.93823 -2.1029 -1.94022 -1.80547
internal_weight=0 2627.8 905.268 218.304 202.561 702.706 119.109 177.431 115.6 61.8306 66.4773 187.483 25.1305 99.1944
internal_count=30012 27710 9546 2302 2136 7410 1256 1871 1219 652 701 1977 265 1046
is_linear=0
shrinkage=1


Tree=1
num_leaves=15
num_cat=0
split_feature=2 6 7 7 7 7 6 13 16 0 10 8 3 0
split_gain=5239.07 1157.74 354.719 102.778 96.9197 40.8118 30.6281 26.7395 25.0557 21.3584 18.7847 16.006 14.6196 12.9322
threshold=1.5000000000000002 0.44825000000000004 0.61365000000000014 0.44125000000000009 0.54435000000000011 0.84915000000000018 0.84915000000000007 51.500000000000007 0.063250000000000015 888.50000000000011 10.930250000000003 0.43855000000000005 53.500000000000007 1180.5000000000002
decision_type=2 2 2 2 2 2 2 2 2 10 2 2 2 10
left_child=1 -1 3 13 6 7 9 -4 10 12 -5 -12 -2 -3
right_child=4 2 5 8 -6 -7 -8 -9 -10 -11 11 -13 -14 -15
leaf_value=-0.047438041743172454 0.13731056986867773 0.0021395514990091018 0.06774920646437059 0.048671986342383795 0.25527126176907472 0.18318396196789855 0.20988495298384155 0.12903850574374898 0.0021395514990091018 0.12081837464236181 0.0021395514990091018 0.041688466237424802 0.20409761861168724 -0.010848844470711832
leaf_weight=1654.5024434253573 24.464284025132656 285.37371696531773 46.494335182011127 191.11747044324875 85.473872564733028 16.917786717414856 89.410357862710953 34.045725919306278 50.575233317911625 33.281752698123455 32.797099404036999 35.372203506529331 37.844014085829258 240.93302095681429
leaf_count=18121 219 3010 451 1938 706 154 762 330 519 299 341 366 338 2543
internal_value=0 -0.0223274 0.0221749 0.0115904 0.208552 0.111948 0.18571 0.0949221 0.0343861 0.161159 0.0406435 0.017757 0.180458 -0.00187032
internal_weight=0 2588.13 933.627 836.169 270.474 97.4578 185 80.5401 309.862 95.5901 259.287 68.1693 62.3083 526.307
internal_count=30097 27773 9652 8717 2324 935 1618 781 3164 856 2645 707 557 5553
is_linear=0
shrinkage=0.05


Tree=2
num_leaves=15
num_cat=0
split_feature=2 17 7 7 7 7 10 0 17 7 0 13 17 7
split_gain=4162.85 1105.49 299.339 50.7389 48.9165 35.7106 22.3887 16.8505 15.2382 13.9157 9.55942 11.7213 9.48325 8.97296
threshold=1.5000000000000002 0.59720000000000006 0.5242500000000001 0.75335000000000008 0.50015000000000009 0.44125000000000009 10.397500000000003 888.50000000000011 0.23175000000000004 0.61365000000000014 1101.5000000000002 58.500000000000007 0.16135000000000002 0.35795000000000005
decision_type=2 2 2 2 2 2 2 10 2 2 10 2 2 2
left_child=1 2 5 6 7 10 -4 12 -5 -8 -1 -12 -2 -13
right_child=4 -3 3 8 -6 -7 9 -9 -10 -11 11 13 -14 -15
leaf_value=0.011678255895921315 0.1847161246316128 -0.046828411701661882 0.086284746132489584 0.16307395545752243 0.19623403095549033 0.023632539284521203 0.035155957902440298 0.12506097812782774 0.090703855530091179 0.069605818010202047 -0.010698717912310841 -0.0072860207212049463 0.14084487369987503 0.011678255895921315
leaf_weight=108.52098140865564 56.258524172008038 1586.9151905328035 56.262779235839844 15.532062590122221 143.02372121810913 194.83828961104155 86.406158909201622 60.490547180175781 24.615148358047009 47.581994950771332 279.03486374020576 68.023155719041824 48.317143991589546 60.395250968635082
leaf_count=1143 434 18049 521 129 1006 1959 855 476 209 436 2959 720 373 640
internal_value=0 -0.021376 0.0215419 0.070937 0.173008 0.00545413 0.0595832 0.151823 0.121985 0.0478148 -0.00144269 -0.00495736 0.165972 0.00750408
internal_weight=0 2528.13 941.211 230.398 308.09 710.813 190.251 165.066 40.1472 133.988 515.974 407.453 104.576 128.418
internal_count=29909 27620 9571 2150 2289 7421 1812 1283 338 1291 5462 4319 807 1360
is_linear=0
shrinkage=0.05


Tree=3
num_leaves=15
num_cat=0
split_feature=0 6 7 7 7 7 15 15 6 6 15 10 10 7
split_gain=3196.65 1109.61 268.579 62.1855 45.6863 39.5087 36.6151 24.5609 22.4125 21.8108 17.6932 14.7531 14.6018 12.1353
threshold=1029.5000000000002 0.44825000000000004 0.5242500000000001 0.43195000000000006 0.79495000000000016 0.44125000000000009 0.0021500000000000004 0.0010500000000000004 0.85335000000000016 0.85785000000000011 0.0010500000000000004 10.444650000000001 9.9444000000000017 0.61365000000000014
decision_type=8 2 2 2 2 2 2 2 2 2 2 2 2 2
left_child=3 -2 5 7 6 10 9 -1 -5 12 -3 -11 -4 -14
right_child=1 2 4 8 -6 -7 -8 -9 -10 11 -12 -13 13 -15
leaf_value=0.032898390498585804 -0.046442083012855968 -0.0030660837685268171 0.094983804876860367 0.13982227309746983 0.11926824756024934 0.025115333289058607 0.11926824756024934 0.11747496521631472 0.17776566096683044 0.10730140822965271 0.025115333289058607 0.055241374846281145 0.025115333289058607 0.053961282524038368
leaf_weight=10.284165434539316 1527.1892642304301 495.12660782039165 10.190578855574129 125.56534790992737 35.422845616936684 202.9994707852602 12.810895830392836 115.70992211997509 99.545054048299789 23.561294734477997 20.70137032866478 42.247121170163155 75.096937365829945 48.311599433422089
leaf_count=105 18043 5255 89 847 267 1994 97 815 623 200 200 391 712 417
internal_value=0 -0.0199209 0.0219918 0.141014 0.0667865 0.00648839 0.0575082 0.110885 0.157313 0.0515492 -0.000876493 0.0752075 0.0394234 0.0341088
internal_weight=0 2493.66 966.469 351.104 247.641 718.827 212.218 125.994 225.11 199.408 515.828 65.8084 133.599 123.409
internal_count=30055 27665 9622 2390 2173 7449 1906 920 1470 1809 5455 591 1218 1129
is_linear=0
shrinkage=0.05


Tree=4
num_leaves=15
num_cat=0
split_feature=2 17 7 7 7 7 10 17 13 16 16 0 0 8
split_gain=2870.99 1000.04 219.578 35.6663 34.6053 19.2449 16.1473 15.4831 16.415 14.1889 13.6992 13.4383 12.6005 9.6055
threshold=1.5000000000000002 0.59720000000000006 0.51185000000000014 0.75335000000000008 0.54065000000000007 0.44125000000000009 10.475550000000002 0.16135000000000002 111.50000000000001 0.034150000000000007 0.048450000000000007 1307.5000000000002 1101.5000000000002 0.47905000000000003
decision_type=2 2 2 2 2 2 2 2 2 2 2 8 10 2
left_child=1 2 5 6 7 12 9 8 -2 11 -5 -4 -1 -7
right_child=4 -3 3 10 -6 13 -8 -9 -10 -11 -12 -13 -14 -15
leaf_value=0.014129886373945475 0.10707495697908974 -0.04600470583884661 0.092395831948028473 0.11262264243557461 0.15051582686245504 0.014129886373945475 0.037547655547905623 0.099829538495577699 0.1485792038037278 0.037547655547905623 0.046524881808082938 0.037547655547905623 -0.0048329758439608003 0.03572983674154994
leaf_weight=110.2766405120492 65.462561294436455 1474.9320724308491 45.240465871989727 34.316806375980377 130.12154521048069 124.11678690463305 148.88305709511042 114.20852695405483 66.121763899922371 26.129150450229645 12.769773729145525 13.929436042904852 410.80972181260586 56.988476812839508
leaf_count=1150 415 18093 380 243 733 1201 1355 732 418 223 96 116 4387 551
internal_value=0 -0.0199767 0.0190655 0.0563105 0.128216 0.00408784 0.0479483 0.115849 0.128894 0.0654565 0.0960374 0.0791423 -0.000800519 0.0180801
internal_weight=0 2458.39 983.46 281.269 375.914 702.192 234.182 245.793 131.584 85.2991 47.0866 59.1699 521.086 181.105
internal_count=30093 27795 9702 2413 2298 7289 2074 1565 833 719 339 496 5537 1752
is_linear=0
shrinkage=0.05


Tree=5
num_leaves=15
num_cat=0
split_feature=2 6 7 7 7 7 6 10 6 10 10 6 0 7
split_gain=2414.28 934.794 203.3 37.4896 25.2008 24.1777 17.5864 19.3465 15.8263 10.8931 10.1449 7.73471 6.65825 6.59322
threshold=1.5000000000000002 0.44825000000000004 0.5242500000000001 0.75335000000000008 0.44125000000000009 0.49235000000000007 0.85785000000000011 10.700750000000001 0.87925000000000009 11.060750000000002 9.9444000000000017 0.59175000000000011 1481.5000000000002 0.71905000000000008
decision_type=2 2 2 2 2 2 2 2 2 2 2 2 10 2
left_child=1 12 4 6 11 8 10 -8 -2 -6 -4 -3 -1 -7
right_child=5 2 3 -5 9 13 7 -9 -10 -11 -12 -13 -14 -15
leaf_value=-0.040558767145221442 0.093673549972970657 -0.014218202833328274 0.079099224081219124 0.093673549972970657 0.024221870029892189 0.1207358125334813 0.087634970324151004 0.035038449141278981 0.11990992272851152 -0.0017185493150108885 0.030651780939473201 -0.0017185493150108885 -0.048097998138376626 0.15981614802341715
leaf_weight=519.23276365548372 128.44802843034267 122.78108156472445 11.384491443634031 51.060685709118843 171.09738443046808 174.44600297510624 42.060049511492252 30.27967020124197 78.641760975122452 39.059170633554459 131.38036538660526 397.04118206351995 894.17902734875679 23.046881213784218
leaf_count=6616 801 1307 89 346 1611 928 331 264 457 384 1134 4221 11397 120
internal_value=0 -0.019227 0.0178595 0.0551787 0.00419525 0.112627 0.0456498 0.0658283 0.0992542 0.0187619 0.0350384 -0.00171855 -0.045359 0.126079
internal_weight=0 2409.56 996.144 266.165 729.979 404.583 215.105 72.3397 207.09 210.157 142.765 519.822 1413.41 197.493
internal_count=30006 27700 9687 2164 7523 2306 1818 595 1258 1995 1223 5528 18013 1048
is_linear=0
shrinkage=0.05


Tree=6
num_leaves=15
num_cat=0
split_feature=6 2 7 7 8 8 8 13 6 0 6 6 6 6
split_gain=2147.58 831.637 179.806 32.2661 30.2648 18.9685 14.4258 14.0329 12.8352 12.1634 12.2563 10.989 10.727 10.2971
threshold=0.50235000000000007 1.5000000000000002 0.5242500000000001 0.61365000000000014 0.17895000000000003 0.27365000000000006 0.51145000000000007 61.500000000000007 0.88325000000000009 1180.5000000000002 0.63980000000000015 0.81475000000000009 0.85335000000000016 0.80625000000000013
decision_type=2 2 2 2 2 2 2 2 2 10 2 2 2 2
left_child=-1 2 5 -4 -3 9 7 11 -7 10 -2 -5 -11 -6
right_child=1 4 3 6 13 8 -8 -9 -10 12 -12 -13 -14 -15
leaf_value=-0.044459640401693229 -0.013114642730670797 0.070621501167801526 0.035595198587028302 0.035595198587028302 0.094287003599955288 0.0090628607382074785 0.090447438993673746 0.070621501167801526 0.035595198587028302 -0.022557789292875528 0.0090628607382074785 0.06829991235794243 0.0045008829688664318 0.11535600766717552
leaf_weight=1374.7820940613747 65.704202979803085 72.659937784075737 140.00989087671041 28.855195842683315 134.53315871953964 342.31035444140434 55.617847606539726 19.644489362835884 44.17455168068409 108.81638842821121 102.42542241513729 26.232108376920223 54.520477831363678 220.09586110711098
leaf_count=18176 694 420 1182 218 735 3446 391 139 428 1163 1072 186 576 1140
internal_value=0 0.0432472 0.0180076 0.0526806 0.101448 0.00489561 0.0706215 0.0548669 0.0124084 -0.00387511 0.00555184 0.0382246 -0.0135534 0.107651
internal_weight=0 1415.6 988.311 270.36 427.289 717.951 130.35 74.7318 386.485 331.466 168.13 55.0873 163.337 354.629
internal_count=29966 11790 9495 2116 2295 7379 934 543 3874 3505 1766 404 1739 1875
is_linear=0
shrinkage=0.05


Tree=7
num_leaves=15
num_cat=0
split_feature=6 2 7 7 7 0 8 6 6 11 2 6 8 10
split_gain=1966.16 710.677 137.859 24.0763 19.4656 17.9757 15.6887 15.4502 13.2378 11.7965 8.9057 8.38107 8.14111 10.4775
threshold=0.50235000000000007 1.5000000000000002 0.51185000000000014 0.56355000000000011 0.66450000000000009 888.50000000000011 0.27365000000000006 0.80625000000000013 0.8952500000000001 24.500000000000004 3.5000000000000004 0.85785000000000011 0.47545000000000004 10.687350000000002
decision_type=2 2 2 2 2 10 2 2 2 2 2 2 2 2
left_child=9 2 6 5 11 -3 -2 -6 12 -1 -7 -4 13 -8
right_child=1 3 4 -5 7 10 8 -9 -10 -11 -12 -13 -14 -15
leaf_value=-0.0035642011474319012 -0.0035642011474319012 0.093917519359636756 0.028219981945155848 0.11198016968802066 0.044557947273447494 0.051092984555646717 0.013561851482556767 0.084509892095916625 0.035987847465809263 -0.04443753186195399 0.081065454143803062 0.049018505673353641 0.021607214060653527 -0.0035642011474319012
leaf_weight=7.6195340901613227 327.85828690230846 203.57085463404655 139.60852947086096 125.92922914028168 52.54492324590683 55.081895425915718 134.35008554905653 39.251592800021172 33.085493072867393 1318.3391515612602 62.715074136853218 80.058092668652534 85.259051814675331 115.48890801519156
leaf_count=93 3488 1064 1160 593 358 296 1359 249 315 18102 339 628 821 1182
internal_value=0 0.0401005 0.0167789 0.0924762 0.0443706 0.0845099 0.00438622 0.0638265 0.0114563 -0.0440463 0.0675984 0.0359878 0.00835896 0.00376979
internal_weight=0 1454.8 1007.5 447.297 311.463 321.368 696.042 91.7965 368.184 1325.96 117.797 219.667 335.098 249.839
internal_count=30047 11852 9560 2292 2395 1699 7165 607 3677 18195 635 1788 3362 2541
is_linear=0
shrinkage=0.05


Tree=8
num_leaves=15
num_cat=0
split_feature=6 3 7 7 7 6 8 0 10 6 0 6 6 4
split_gain=1758.6 603.876 124.929 28.3119 21.8982 17.3254 15.7748 13.7943 13.7246 9.2646 9.09106 7.56458 7.45142 9.69692
threshold=0.44825000000000004 29.500000000000004 0.5242500000000001 0.43195000000000006 0.75335000000000008 0.81095000000000017 0.29325000000000007 1186.5000000000002 10.397500000000003 0.81895000000000007 1276.5000000000002 0.59175000000000011 0.93845000000000012 4.5000000000000009
decision_type=2 2 2 2 2 2 2 10 2 2 10 2 2 2
left_child=-1 2 6 12 8 -5 7 11 -4 10 -8 -2 13 -3
right_child=1 3 4 5 -6 -7 9 -9 -10 -11 -12 -13 -14 -15
leaf_value=-0.043642594917843787 -0.010742319684590036 0.026582923217700678 0.052835633292001465 0.076456891570258811 0.069222608495333113 0.10302539110481075 0.010070852014995775 -0.013511818491785328 0.026582923217700678 0.026582923217700678 -0.013511818491785328 0.010070852014995775 0.092825503810937932 0.064943440670792094
leaf_weight=1270.5236487835646 51.276198849081993 15.671612992882727 75.091523669660091 120.49071781337261 60.60652095079422 185.26743684709072 271.91753927618265 175.21262687444687 159.05615913122892 67.257051147520542 21.56349740922451 143.83478918671608 24.176969841122627 117.67664347589016
leaf_count=18119 551 83 535 589 358 860 2703 1883 1267 621 217 1503 122 624
internal_value=0 0.0364082 0.0149783 0.0837246 0.042399 0.0928389 0.00387981 -0.00336627 0.0351911 0.0113072 0.00740755 0.00576703 0.0655598 0.0599622
internal_weight=0 1489.1 1025.82 463.283 294.754 305.758 731.062 370.324 234.148 360.738 293.481 195.111 157.525 133.348
internal_count=30035 11916 9638 2278 2160 1449 7478 3937 1802 3541 2920 2054 829 707
is_linear=0
shrinkage=0.05


Tree=9
num_leaves=15
num_cat=0
split_feature=6 2 7 8 7 0 13 7 7 6 0 0 8 6
split_gain=1586.15 499.351 95.9671 23.966 21.0077 13.5008 11.6538 16.3503 10.5349 9.99405 9.05303 8.52458 8.22804 8.0629
threshold=0.44825000000000004 1.5000000000000002 0.49235000000000007 0.17895000000000003 0.61365000000000014 1101.5000000000002 107.50000000000001 0.57285000000000008 0.36665000000000009 0.67585000000000006 1313.5000000000002 1481.5000000000002 0.51145000000000007 0.85335000000000016
decision_type=2 2 2 2 2 10 2 2 2 2 10 10 2 2
left_child=11 2 5 13 10 9 7 -5 -7 -2 -4 -1 -6 -3
right_child=1 3 4 6 12 8 -8 -9 -10 -11 -12 -13 -14 -15
leaf_value=-0.037387811794199054 0.0050724738910105666 0.037419892989297342 0.02895412123355981 0.059574175669477564 0.037419892989297342 -0.0091532053374773995 0.089403352706899197 0.089403352706899197 0.0050724738910105666 0.024404004689528261 0.0050724738910105666 -0.046396762837480142 0.062565994947094736 0.059574175669477564
leaf_weight=452.04913007467985 79.591547556221485 46.03920017182827 189.05082461237907 131.04861164093018 80.626858115196228 235.34821827709675 206.77056038379669 60.669662490487099 288.66586013883352 61.053654789924622 39.363452471792698 770.62014647573233 64.344164624810219 38.572601571679115
leaf_count=6661 808 245 1555 635 531 2559 967 267 2895 607 321 11435 402 191
internal_value=0 0.0333578 0.013786 0.0752968 0.0340329 0.00237781 0.0805238 0.070533 -0.00132191 0.0160742 0.024404 -0.0430992 0.0489329 0.0500267
internal_weight=0 1521.15 1038.04 483.101 373.385 664.659 398.489 191.718 524.014 140.645 228.414 1222.67 144.971 84.6118
internal_count=30079 11983 9678 2305 2809 6869 1869 902 5454 1415 1876 18096 933 436
is_linear=0
shrinkage=0.05


Tree=10
num_leaves=15
num_cat=0
split_feature=6 2 7 7 7 6 6 0 7 15 0 12 0 10
split_gain=1494.57 460.845 81.7177 19.6949 18.6697 12.6618 12.4156 10.7866 10.5706 10.2922 8.84748 8.49566 7.40039 7.20388
threshold=0.44825000000000004 1.5000000000000002 0.48325000000000007 0.51475000000000015 0.75335000000000008 0.85335000000000016 0.88325000000000009 1101.5000000000002 0.36825000000000008 0.042250000000000003 1481.5000000000002 0.098750000000000018 1324.5000000000002 10.666150000000002
decision_type=2 2 2 2 2 2 2 10 2 2 10 2 10 2
left_child=10 2 7 5 6 9 12 -2 11 -3 -1 -9 -4 -8
right_child=1 3 4 -5 -6 -7 13 8 -10 -11 -12 -13 -14 -15
leaf_value=-0.036772512557390953 0.014659131522218925 0.038586999128624844 0.02355908618556931 0.083838918427022929 0.05588636017738751 0.073943253998948869 0.051864075278519078 -0.01404393086481563 0.0055708171077709289 0.065892263654422453 -0.046102300389091411 0.0055708171077709289 0.0055708171077709289 0.02583257579219685
leaf_weight=436.60315566509962 134.18663997203112 79.400691822171211 225.80544237792492 207.61297552287579 62.347310334444046 139.5102161616087 47.545138441026211 184.15783014893532 267.86589548736811 71.39865942299366 739.14792455732822 54.317286103963852 27.809759348630905 42.709953166544437
leaf_count=6643 1339 405 1792 899 345 652 331 2019 2692 354 11413 593 222 335
internal_value=0 0.0321115 0.0132485 0.0716596 0.0307615 0.0626918 0.0260572 0.00211124 -0.00123644 0.0518641 -0.042672 -0.008874 0.0202491 0.0419773
internal_weight=0 1544.67 1046.75 497.923 406.218 290.31 343.87 640.528 506.341 150.799 1175.75 238.475 253.615 90.2551
internal_count=30034 11978 9668 2310 3025 1411 2680 6643 5304 759 18056 2612 2014 666
is_linear=0
shrinkage=0.05


Tree=11
num_leaves=15
num_cat=0
split_feature=6 15 7 7 13 7 8 0 7 6 4 12 6 10
split_gain=1364.08 357.493 78.0306 25.2371 16.8908 13.7449 12.6267 10.6219 9.71744 8.83499 8.80963 10.3493 9.05141 8.589
threshold=0.44825000000000004 1.0000000180025095e-35 0.51185000000000014 0.56355000000000011 76.500000000000014 0.84915000000000018 0.43685000000000007 804.50000000000011 0.75335000000000008 0.84915000000000007 4.5000000000000009 0.10085000000000001 0.59175000000000011 10.397500000000003
decision_type=2 2 2 2 2 2 2 8 2 2 2 2 2 2
left_child=8 2 6 4 -3 13 10 -6 -1 -9 11 -2 -13 -4
right_child=1 3 5 -5 7 -7 -8 9 -10 -11 -12 12 -14 -15
leaf_value=-0.042448965937986007 -0.0068512409379190052 0.040758319777660701 0.040758319777660701 0.080990011075399576 0.079403570280030755 0.065663821404295525 0.017113083365480213 0.043709566428255034 -0.00079557029668264633 0.067519570779859123 0.013360632512587903 -0.0068512409379190052 0.013360632512587903 0.023442731669053432
leaf_weight=1119.4555322676897 363.86371150612831 129.32939819991589 95.60854958742857 149.45764411985874 80.758735164999962 28.543350249528885 131.34366279840469 87.309051714837551 14.218282110989092 88.555073127150536 99.51310982555151 30.765988752245903 66.943284630775452 207.08378884196281
leaf_count=17835 3803 729 635 643 371 145 1232 433 227 400 1012 327 695 1538
internal_value=0 0.0301233 0.0127832 0.0631908 0.0561067 0.0327031 0.0032207 0.0636535 -0.0419277 0.0560129 -5.60011e-05 -0.0029712 0.0114009 0.029389
internal_weight=0 1559.08 1023.67 535.41 385.952 331.236 692.43 256.623 1133.67 175.864 561.086 461.573 97.7093 302.692
internal_count=30025 11963 9387 2576 1933 2318 7069 1204 18062 833 5837 4825 1022 2173
is_linear=0
shrinkage=0.05


Tree=12
num_leaves=15
num_cat=0
split_feature=16 2 7 6 11 7 4 17 6 10 15 7 6 10
split_gain=1225.62 332.526 70.9155 18.0449 17.1694 16.8763 13.0069 10.8921 10.4026 8.87501 8.80249 8.038 7.08172 7.01611
threshold=0.094750000000000015 1.5000000000000002 0.5242500000000001 0.85785000000000011 18.500000000000004 0.49235000000000007 3.5000000000000004 0.073950000000000002 0.87925000000000009 11.054850000000002 0.031550000000000009 0.75335000000000008 0.81475000000000009 9.7700500000000012
decision_type=2 2 2 2 2 2 2 2 2 2 2 2 2 2
left_child=1 2 7 -4 -2 8 -5 -1 9 -3 13 -6 -7 -9
right_child=4 5 3 6 11 12 -8 10 -10 -11 -12 -13 -14 -15
leaf_value=0.022072338153009807 0.0027427510514662877 0.048700471335271056 0.022072338153009807 0.022072338153009807 -0.04237676387609951 0.058482704514765851 0.05525051552269955 0.022072338153009807 0.064027972052634205 0.022072338153009807 0.022072338153009807 -0.0041204976978001569 0.07770554354675803 0.0027427510514662877
leaf_weight=39.669214561581612 21.376714795827866 132.96074086427689 205.34011901542544 18.274250969290733 1074.1126702688634 103.56641726195812 93.767970964312553 18.781842216849327 103.21167881786823 32.71625117957592 18.377470638602972 14.138127226382492 146.09419964253902 647.53401620686054
leaf_count=396 202 640 1434 117 17669 444 599 191 461 158 176 222 605 6632
internal_value=0 0.0276993 0.0113914 0.0310596 -0.0410129 0.0603763 0.0471895 0.00274275 0.0512178 0.0429012 0.00274275 -0.041884 0.0699965 0.00274275
internal_weight=0 1560.29 1041.74 317.382 1109.63 518.549 112.042 724.363 268.889 165.677 684.693 1088.25 249.661 666.316
internal_count=29946 11853 9545 2150 18093 2308 716 7395 1259 798 6999 17891 1049 6823
is_linear=0
shrinkage=0.05


Tree=13
num_leaves=15
num_cat=0
split_feature=6 15 7 7 7 0 2 13 6 4 0 13 0 6
split_gain=1133.41 299.791 59.1216 21.4097 17.3031 14.4099 10.8049 9.28159 9.88989 8.5301 8.48909 9.98612 8.30588 6.71257
threshold=0.44825000000000004 1.0000000180025095e-35 0.48325000000000007 0.54435000000000011 0.61365000000000014 888.50000000000011 3.5000000000000004 59.500000000000007 0.81475000000000009 5.5000000000000009 1049.5000000000002 51.500000000000007 1361.5000000000002 0.81475000000000009
decision_type=2 2 2 2 2 10 2 2 2 2 10 2 10 2
left_child=-1 2 10 5 -4 -3 -7 8 -6 -8 -2 12 -12 -5
right_child=1 3 4 13 7 6 9 -9 -10 -11 11 -13 -14 -15
leaf_value=-0.041060103290476047 0.016503120700788493 0.056520151117758766 0.016503120700788493 0.057055205277328262 0.016503120700788493 0.02336766076806697 0.024223219387237198 0.048349938005064493 0.044164660936880928 0.056520151117758766 -0.0053973308760756171 0.0063649806738530048 -0.041060103290476047 0.079090970072078437
leaf_weight=1055.4385595321655 47.634294919669628 223.14678816497326 259.94240952283144 77.750999644398689 54.441039174795151 82.863394722342491 24.64214064180851 49.3315150141716 50.610356688499451 42.484603807330132 328.26811414957047 232.54476646333933 13.249821051955221 101.68782000243664
leaf_count=18075 464 1001 2023 334 339 499 114 282 291 196 3402 2396 152 419
internal_value=0 0.0257584 0.00987549 0.0554655 0.0244819 0.0483499 0.0359009 0.0377236 0.0281934 0.0508023 0.000117455 -0.00161065 -0.0070441 0.069912
internal_weight=0 1588.6 1036.02 552.576 414.325 373.137 149.99 154.383 105.051 67.1267 621.697 574.063 341.518 179.439
internal_count=29987 11912 9349 2563 2935 1810 809 912 630 310 6414 5950 3554 753
is_linear=0
shrinkage=0.05


Tree=14
num_leaves=15
num_cat=0
split_feature=16 2 7 7 6 8 11 16 10 8 15 7 12 6
split_gain=1050.77 255.396 51.8988 16.8644 13.309 11.748 9.13938 12.3131 8.1435 7.7868 6.33835 6.30252 6.04149 5.4029
threshold=0.098250000000000018 1.5000000000000002 0.46415000000000006 0.61365000000000014 0.85335000000000016 0.39715000000000006 60.500000000000007 0.032850000000000011 11.147550000000003 0.37705000000000005 0.061350000000000009 0.56355000000000011 0.029850000000000005 0.59675000000000011
decision_type=2 2 2 2 2 2 2 2 2 2 2 2 2 2
left_child=1 2 8 6 5 10 7 -4 13 -2 -3 -6 -11 -1
right_child=9 4 3 -5 11 -7 -8 -9 -10 12 -12 -13 -14 -15
leaf_value=-0.0056428943331873474 -0.044021216728299679 0.035777729854926235 0.035389453602297422 0.035777729854926235 0.058085464754672848 0.058085464754672848 0.0057566594324378354 0.010173542085219298 -0.013839374330720938 -0.036655564613583595 0.05678541872539921 0.076896848191311762 -0.015040848210361751 0.0057566594324378354
leaf_weight=130.8825913593173 592.76877150684595 140.43429699540138 97.455510340631008 164.54107232019305 180.10846629738808 113.94949077069759 130.39842601120472 97.47593305632472 81.057036031037569 383.21504444256425 38.334980919957161 62.479857206344604 37.39966518804431 384.60358861833811
leaf_count=1464 10503 644 763 963 770 479 1020 800 864 6800 173 251 597 3972
internal_value=0 0.0246519 0.010704 0.0227458 0.0528868 0.0453274 0.0160652 0.0228965 0.000794027 -0.0402211 0.0369175 0.0617847 -0.0347739 0.00311738
internal_weight=0 1621.72 1086.41 489.871 535.307 292.719 325.33 194.931 596.543 1013.38 178.769 242.588 420.615 515.486
internal_count=30063 12163 9846 3546 2317 1296 2583 1563 6300 17900 817 1021 7397 5436
is_linear=0
shrinkage=0.05


Tree=15
num_leaves=15
num_cat=0
split_feature=16 2 7 7 0 6 12 0 17 16 15 6 7 13
split_gain=975.541 239.939 46.206 15.8579 14 17.3593 13.4437 13.0778 11.8381 10.799 8.66491 8.45296 7.1438 6.50666
threshold=0.094750000000000015 1.5000000000000002 0.51185000000000014 0.54435000000000011 1180.5000000000002 0.8317500000000001 0.029850000000000005 1313.5000000000002 0.16135000000000002 0.03815000000000001 0.020450000000000006 0.70595000000000008 0.33715000000000006 58.500000000000007
decision_type=2 2 2 2 10 2 2 8 2 2 2 2 2 2
left_child=1 2 4 8 11 -6 -2 9 10 -4 -3 -1 -8 -12
right_child=6 3 7 -5 5 -7 12 -9 -10 -11 13 -13 -14 -15
leaf_value=0.0025070094965679007 -0.041258667280117206 0.034181438064102523 0.034181438064102523 0.063456517792269948 -0.012928365965764963 0.0092229734696908355 -0.035528570271010772 0.0092229734696908355 0.034181438064102523 0.014476029215583039 0.03555420015274207 0.014476029215583039 -0.012928365965764963 0.063456517792269948
leaf_weight=218.20406743139029 893.32116169854999 44.521204054355621 201.19794915616512 175.7697769254446 225.53225504234433 113.68943765759468 51.731163524091244 73.248028006404638 162.63698889315128 90.58634040877223 29.676251038908958 145.38355629146099 54.034578636288643 124.62351779639721
leaf_count=2202 16454 197 1293 710 2433 1127 869 501 719 609 131 1417 768 540
internal_value=0 0.0236554 0.00992457 0.050879 0.00241849 -0.00488042 -0.0392506 0.0243302 0.0446046 0.029155 0.052917 0.00922297 -0.022062 0.058649
internal_weight=0 1605.07 1067.84 537.228 702.809 339.222 999.087 365.032 361.458 291.784 198.821 363.588 105.766 154.3
internal_count=29970 11879 9582 2297 7179 3560 18091 2403 1587 1902 868 3619 1637 671
is_linear=0
shrinkage=0.05


Tree=16
num_leaves=15
num_cat=0
split_feature=16 15 7 6 7 3 9 13 12 7 7 17 15 8
split_gain=903.979 217.018 43.9818 13.7557 13.7056 11.4415 10.3471 12.4089 8.78281 8.47739 7.89913 6.18186 11.6399 5.9006
threshold=0.098250000000000018 1.0000000180025095e-35 0.49235000000000007 0.85335000000000016 0.66450000000000009 6.5000000000000009 42.000000000000007 51.500000000000007 0.21225000000000002 0.43915000000000004 0.49235000000000007 0.073950000000000002 0.037850000000000009 0.37315000000000004
decision_type=2 2 2 2 2 2 2 2 2 2 2 2 2 2
left_child=1 2 6 10 5 -4 7 11 13 -5 12 -1 -3 -2
right_child=8 3 4 9 -6 -7 -8 -9 -10 -11 -12 -13 -14 -15
leaf_value=0.0067104697302298733 -0.043646475351706418 0.016788773214091304 0.012093597902835984 0.043746268981218042 0.037019625987358383 0.037019625987358383 0.0090713273676964034 0.0067104697302298733 -0.012591088257135098 0.06382159044769381 0.048340548356862439 -0.012591088257135098 0.043746268981218042 -0.035085837417363284
leaf_weight=12.74859546124935 526.32896421849728 73.111096926033497 254.40573058649898 98.501755855977535 108.68605947867036 41.282179709523916 242.65201661363244 164.07382662594318 31.212254576385021 152.56334845721722 153.1430602222681 234.44817507639527 90.491107005625963 385.9254206828773
leaf_count=128 10055 358 1829 438 593 304 2511 1662 578 632 649 2484 469 7253
internal_value=0 0.0223234 0.00892682 0.0472328 0.0218668 0.0161911 0.000903777 -0.00392544 -0.0391726 0.0561501 0.04001 -0.0109835 0.0319658 -0.0400673
internal_weight=0 1626.11 1058.3 567.81 404.374 295.688 653.923 411.271 943.467 251.065 316.745 247.197 163.602 912.254
internal_count=29943 12057 9511 2546 2726 2133 6785 4274 17886 1070 1476 2612 827 17308
is_linear=0
shrinkage=0.05


Tree=17
num_leaves=15
num_cat=0
split_feature=17 2 7 7 0 7 7 17 0 13 13 7 17 15
split_gain=841.81 178.67 46.4154 16.7392 12.5804 10.8148 10.5914 9.7743 9.62098 8.6734 8.22264 7.77186 6.84765 6.52434
threshold=0.84420000000000017 1.5000000000000002 0.48325000000000007 0.49235000000000007 1180.5000000000002 0.61365000000000014 0.36975000000000008 0.11545000000000001 1481.5000000000002 51.500000000000007 100.50000000000001 0.57285000000000008 0.16135000000000002 0.02315
decision_type=2 2 2 2 10 2 2 2 10 2 2 2 2 2
left_child=1 2 4 10 -1 -4 7 -6 11 -7 -3 -2 13 -12
right_child=8 3 5 -5 6 9 -8 -9 -10 -11 12 -13 -14 -15
leaf_value=0.0072226750994873997 -0.033784008728373248 0.025743181471768073 0.015346957384353127 0.053627284943482526 0.0016611132617497231 0.019563958898405304 0.0016611132617497231 -0.023166904889843486 -0.04312083813631315 0.035702989369310344 0.030294508616619288 0.0025949997478367662 0.030294508616619288 0.053627284943482526
leaf_weight=351.26475509628654 318.52246583253145 125.94783775508404 278.27570386976004 256.78924332559109 19.084459654986858 100.26086128130555 170.37453872710466 115.7819200605154 572.36951423436403 74.998933106660843 23.014433681964874 15.244382727891205 67.800825104117393 71.594551026821136
leaf_count=3530 6183 554 2081 1038 212 574 1718 1363 11389 402 101 287 297 304
internal_value=0 0.0208137 0.00928489 0.0442289 0.000780116 0.021567 -0.00663322 -0.0170464 -0.0391085 0.0313 0.035703 -0.0321197 0.043222 0.0520726
internal_weight=0 1655.19 1110.04 545.147 656.506 453.535 305.241 134.866 906.136 175.26 288.358 333.767 162.41 94.609
internal_count=30033 12174 9880 2294 6823 3057 3293 1575 17859 976 1256 6470 702 405
is_linear=0
shrinkage=0.05


Tree=18
num_leaves=15
num_cat=0
split_feature=6 2 7 6 0 0 7 16 6 10 6 12 7 12
split_gain=736.85 164.248 39.683 13.8641 15.8337 13.6008 12.3925 10.1526 9.58149 8.56087 8.34206 7.91487 7.73317 5.4122
threshold=0.44825000000000004 1.5000000000000002 0.44125000000000009 0.88325000000000009 1236.5000000000002 1481.5000000000002 0.56355000000000011 0.080650000000000013 0.7480500000000001 10.657650000000002 0.84915000000000007 0.028650000000000005 0.36525000000000007 0.05705000000000001
decision_type=2 2 2 2 8 10 2 2 2 2 2 2 2 2
left_child=5 2 -2 4 7 11 10 13 -8 -5 -3 -1 -13 -4
right_child=1 6 3 9 -6 -7 8 -9 -10 -11 -12 12 -14 -15
leaf_value=-0.032684565534362685 -0.0017278050059528925 0.029540529618342911 0.01086560128983695 0.036987501489677499 -0.00059188831421492203 -0.041905626803522195 0.036987501489677499 -0.00059188831421492203 0.060619431748774891 0.023422449146535879 0.044431408352738157 -0.026802252765846957 -0.0017278050059528925 0.023422449146535879
leaf_weight=267.95980993658304 518.2585529088974 201.88724957406521 88.292307339608669 77.715623691678047 146.78812309354544 551.20535404607654 25.172304660081863 45.1832430139184 125.10872757434845 65.266325369477272 197.00195868313313 43.212885171175003 22.231132891029119 161.84399490058422
leaf_count=5385 5491 881 626 484 1063 11403 101 349 502 457 813 842 411 1192
internal_value=0 0.0194845 0.00834825 0.0172611 0.0128331 -0.0370321 0.0418027 0.0194854 0.0542548 0.0307686 0.0369875 -0.0288737 -0.013013 0.0234224
internal_weight=0 1652.52 1103.35 585.09 442.108 884.609 549.17 295.32 150.281 142.982 398.889 333.404 65.444 250.136
internal_count=30000 11959 9662 4171 3230 18041 2297 2167 603 941 1694 6638 1253 1818
is_linear=0
shrinkage=0.05


Tree=19
num_leaves=15
num_cat=0
split_feature=16 3 7 10 0 7 0 0 9 8 12 0 10 0
split_gain=713.608 156.77 35.4232 13.9477 13.7407 11.2992 10.3924 9.98417 9.32913 9.04989 7.88169 6.41481 5.86299 5.68531
threshold=0.098250000000000018 34.500000000000007 0.61365000000000014 9.7935000000000016 888.50000000000011 0.42115000000000008 1180.5000000000002 1481.5000000000002 42.000000000000007 0.12765000000000001 0.028650000000000005 1259.5000000000002 11.210950000000002 1251.5000000000002
decision_type=2 2 2 2 10 2 10 10 2 2 2 10 2 10
left_child=1 2 3 -1 9 6 12 10 13 -3 -2 -10 -5 -7
right_child=7 4 -4 5 -6 8 -8 -9 11 -11 -12 -13 -14 -15
leaf_value=0.028698441696799623 -0.034144523807954859 0.030556656418138334 0.028698441696799623 0.0049749654934476478 0.030556656418138334 0.0089681689439401937 -0.01046790693198413 -0.041711717061345688 0.028698441696799623 0.050917908625303945 -0.014241577648555562 0.0049749654934476478 -0.01046790693198413 -0.0051691237517789996
leaf_weight=33.895845986902714 260.72491842135787 30.843218490481377 182.70179103314877 241.74334026128054 184.78144803643227 250.31576631963253 201.37520671635866 528.50734261423349 77.744567468762398 296.98024068772793 63.970223784446716 37.757406279444695 29.907859466969967 98.420453265309334
leaf_count=296 5392 132 991 2410 778 1954 2316 11355 618 1223 1164 301 303 815
internal_value=0 0.0187984 0.00856152 0.00474759 0.0417798 0.00355072 -0.00188722 -0.0374015 0.00908374 0.0479937 -0.0302791 0.0213402 0.00448871 0.00497497
internal_weight=0 1666.47 1153.86 971.16 512.605 937.265 473.026 853.202 464.238 327.823 324.695 115.502 271.651 348.736
internal_count=30048 12137 10004 9013 2133 8717 5029 17911 3688 1355 6556 919 2713 2769
is_linear=0
shrinkage=0.05


Tree=20
num_leaves=15
num_cat=0
split_feature=17 15 8 7 5 0 7 7 0 10 17 3 7 10
split_gain=631.466 136.995 25.4709 18.1321 14.699 14.5631 12.0428 9.67401 8.45257 7.50211 7.16223 8.03514 7.45192 5.16799
threshold=0.84420000000000017 1.0000000180025095e-35 0.42905000000000004 0.62185000000000012 1.5000000000000002 888.50000000000011 0.84915000000000018 0.47625000000000006 1481.5000000000002 9.9444000000000017 0.25155000000000005 48.500000000000007 0.43545000000000006 11.475250000000001
decision_type=2 2 2 2 2 10 2 2 10 2 2 2 2 2
left_child=1 2 4 5 -1 10 -4 8 -2 -6 11 -3 -13 -11
right_child=7 3 6 -5 9 -7 -8 -9 -10 13 -12 12 -14 -15
leaf_value=-0.016615244405177029 -0.031161457920571334 0.029208783155500264 0.013697267957646512 0.057460455437821349 0.013697267957646512 0.022150465914823805 0.045341708680087932 -0.020459937295086619 -0.042600130268289682 0.0027459768274201483 0.022150465914823805 0.035783197929559182 0.057460455437821349 -0.016615244405177029
leaf_weight=104.95321589708328 278.71619328856468 79.472265243530273 383.73290496692061 87.557465121150017 38.016293074935675 206.08438050374389 31.923460945487022 89.298690125346184 450.28499513491988 503.93420686200261 51.656294316053391 71.487653195858002 103.02768652141094 19.196209311485291
leaf_count=1132 5897 331 2861 358 343 1009 144 1908 10061 4865 219 299 418 193
internal_value=0 0.0171706 0.00653429 0.0363272 0.000468367 0.0326062 0.0162306 -0.0363587 -0.0382755 0.00368745 0.039561 0.0430473 0.0491469 0.00171372
internal_weight=0 1681.04 1081.76 599.286 666.1 511.728 415.656 818.3 729.001 561.147 305.644 253.988 174.515 523.13
internal_count=30038 12172 9538 2634 6533 2276 3005 17866 15958 5401 1267 1048 717 5058
is_linear=0
shrinkage=0.05


Tree=21
num_leaves=15
num_cat=0
split_feature=6 3 7 7 6 7 15 7 7 10 1 16 8 10
split_gain=615.74 119.517 26.4801 22.6991 15.773 13.0636 12.0708 11.7214 7.41867 7.39965 7.07371 8.59282 5.71055 5.30008
threshold=0.44825000000000004 21.500000000000004 0.66450000000000009 0.49235000000000007 0.80625000000000013 0.44125000000000009 0.020850000000000004 0.75335000000000008 0.71905000000000008 10.853050000000001 1.0000000180025095e-35 0.27235000000000004 0.37705000000000005 10.552050000000001
decision_type=2 2 2 2 2 2 2 2 2 2 2 2 2 2
left_child=7 2 5 6 -4 -2 -3 10 -5 -7 11 -1 -12 -13
right_child=1 3 4 8 -6 9 -8 -9 -10 -11 12 13 -14 -15
leaf_value=-0.0021066147885185518 -0.0021066147885185518 0.013057104099745108 0.011203512180704745 0.044481941985386769 0.044481941985386769 0.011203512180704745 0.032434732887598218 0.011203512180704745 0.068182801932253054 -0.00067633395145225378 -0.043549182451261964 -0.01998749533922799 -0.03337954187360017 -0.040686023647742306
leaf_weight=26.219438422471285 477.37212843075395 129.32181515544653 60.437288001179695 250.46887871623039 52.461829423904419 304.65036204829812 220.66453942656517 11.045527283102272 35.539414346218109 137.02197140082717 372.18668800219893 55.943379998207092 258.48053896427155 79.501445308327675
leaf_count=568 5069 878 319 1063 253 2213 935 223 148 1063 8541 1225 5794 1742
internal_value=0 0.0169686 0.00644918 0.0340002 0.0291919 0.00362668 0.0253322 -0.0362861 0.0444819 0.00981415 -0.0370019 -0.0273045 -0.0394406 -0.032346
internal_weight=0 1667.94 1031.94 635.995 112.899 919.044 349.986 803.377 286.008 441.672 792.331 161.664 630.667 135.445
internal_count=30034 11941 8917 3024 572 8345 1813 18093 1211 3276 17870 3535 14335 2967
is_linear=0
shrinkage=0.05


Tree=22
num_leaves=15
num_cat=0
split_feature=6 3 7 7 0 0 6 9 13 7 13 17 7 6
split_gain=580.594 102.773 21.6865 20.585 16.4723 9.07297 8.08481 8.36588 7.62719 6.7478 6.63716 5.42962 5.23122 4.99405
threshold=0.44825000000000004 21.500000000000004 0.49235000000000007 0.44125000000000009 874.50000000000011 1481.5000000000002 0.51745000000000008 42.000000000000007 59.500000000000007 0.90185000000000015 169.50000000000003 0.073950000000000002 0.62845000000000006 0.75525000000000009
decision_type=2 2 2 2 10 10 2 2 2 2 2 2 2 2
left_child=5 3 4 6 8 -1 -2 11 -3 -5 -6 -8 -4 -14
right_child=1 2 12 9 10 -7 7 -9 -10 -11 -12 -13 13 -15
leaf_value=-0.028169282109274732 -0.027101862454200112 0.013779489259417821 0.040379327380879459 0.012779058393395035 0.012779058393395035 -0.039573720875794416 0.0094097362492975775 0.0094097362492975775 0.040379327380879459 0.043138091252928314 0.040379327380879459 -0.0065220754615231361 0.043138091252928314 0.062895178351296807
leaf_weight=297.22419625148177 25.657205764204264 34.462102897465229 199.24898645281792 545.94785393029451 158.33505519479513 478.98249977827072 11.911775730550287 183.90854731202126 141.70452105253935 16.180129453539848 19.796569839119911 254.32843329012394 20.818975076079369 63.673956453800201
leaf_count=6603 300 150 848 3798 1002 11468 125 1920 588 70 84 2715 91 263
internal_value=0 0.0170305 0.032807 0.0073101 0.0244352 -0.0352486 -0.000345853 0.00123586 0.0352555 0.0137795 0.0137795 -0.00442443 0.0431381 0.054429
internal_weight=0 1675.97 638.04 1037.93 354.298 776.207 475.806 450.149 176.167 562.128 178.132 266.24 283.742 84.4929
internal_count=30025 11954 3026 8928 1824 18071 5060 4760 738 3868 1086 2840 1202 354
is_linear=0
shrinkage=0.05


Tree=23
num_leaves=15
num_cat=0
split_feature=6 3 7 8 8 7 17 15 0 6 12 13 13 0
split_gain=528.725 100.535 32.3769 16.1447 9.50801 9.17166 8.88892 8.39535 7.08146 6.82504 8.47114 5.64954 4.80613 4.76775
threshold=0.44825000000000004 25.500000000000004 0.44125000000000009 0.17895000000000003 0.36695000000000005 0.62845000000000006 0.16135000000000002 0.020450000000000006 1496.5000000000002 0.70595000000000008 0.066350000000000006 6.5000000000000009 107.50000000000001 804.50000000000011
decision_type=2 2 2 2 2 2 2 2 10 2 2 2 2 10
left_child=4 2 9 13 -1 6 7 -5 -6 11 -11 -2 -9 -3
right_child=1 3 -4 5 8 -7 -8 12 -10 10 -12 -13 -14 -15
leaf_value=-0.039959042206832433 -0.019488906145647533 0.024723360358597162 0.014440473848259007 0.024723360358597162 -0.019488906145647533 0.051844707051967032 0.024723360358597162 0.035047714870532265 -0.034566584619193916 -0.0042409231325949591 0.014440473848259007 -0.0054468284790973381 0.051844707051967032 0.014440473848259007
leaf_weight=418.39100664481521 30.50643041357398 37.098423413932323 581.06076930463314 55.02279768884182 138.59874723106623 77.487536922097206 196.04672384262085 74.939095243811607 194.26766924187541 153.91062872856855 92.796661972999573 219.02582251280546 88.900101318955421 69.569464951753616
leaf_count=10207 352 155 3972 255 3118 322 926 307 4732 1636 958 2330 361 340
internal_value=0 0.0155827 0.00644025 0.0319856 -0.0348668 0.0358089 0.0326966 0.0396938 -0.0283657 -0.00293764 0.002955 -0.00875212 0.0454588 0.0144405
internal_weight=0 1676.36 1077.3 599.064 751.257 492.396 414.909 218.862 332.866 496.24 246.707 249.532 163.839 106.668
internal_count=29971 11914 9248 2666 18057 2171 1849 923 7850 5276 2594 2682 668 495
is_linear=0
shrinkage=0.05


Tree=24
num_leaves=15
num_cat=0
split_feature=16 3 6 8 0 0 4 10 10 0 13 12 6 10
split_gain=483.446 88.0573 23.5912 15.746 16.6734 11.8187 10.7944 8.87597 7.39771 7.33067 5.65516 5.33048 4.90525 4.90588
threshold=0.098250000000000018 34.500000000000007 0.84915000000000007 0.39885000000000004 1186.5000000000002 1481.5000000000002 4.5000000000000009 10.588650000000001 11.060750000000002 1337.5000000000002 168.50000000000003 0.028650000000000005 0.84915000000000007 11.060750000000002
decision_type=2 2 2 2 10 10 2 2 2 10 2 2 2 2
left_child=1 2 3 4 7 11 -4 -1 -8 -5 12 -2 13 -3
right_child=5 10 6 9 -6 -7 8 -9 -10 -11 -12 -13 -14 -15
leaf_value=0.010645108374096324 -0.029333331265226793 0.032207471507432091 0.010645108374096324 0.010645108374096324 -0.014407392610083303 -0.039113147821804618 0.032207471507432091 -0.0036515293945739353 0.010645108374096324 -0.014407392610083303 0.045196584538759799 -0.014407392610083303 0.035292512219569833 0.010645108374096324
leaf_weight=133.76281504705548 225.4996714964509 184.59564489126205 138.89845608919859 367.56288896501064 188.94065447151661 441.28080094605684 130.57077720016241 161.62814931571484 26.523011833429337 21.619607396423817 88.944832801818848 58.079343721270561 194.70768040418625 41.442609250545502
leaf_count=1266 5367 766 1037 2731 2036 11339 914 1570 205 207 365 1169 795 173
internal_value=0 0.0148835 0.00731235 0.00316936 -0.0028473 -0.0339469 0.019487 0.00457053 0.0284855 0.0106451 0.0322075 -0.0257986 0.0322075 0.0241186
internal_weight=0 1679.2 1169.51 873.514 484.332 724.86 295.992 295.391 157.094 389.182 509.691 283.579 420.746 226.038
internal_count=29940 12065 9966 7810 4872 17875 2156 2836 1119 2938 2099 6536 1734 939
is_linear=0
shrinkage=0.05


Tree=25
num_leaves=15
num_cat=0
split_feature=16 3 7 10 7 6 4 12 12 6 10 6 1 9
split_gain=437.469 80.4411 20.8579 12.6211 12.1366 10.0832 8.84927 8.74728 7.39056 7.41104 6.79499 6.32885 6.04292 5.88364
threshold=0.098250000000000018 34.500000000000007 0.61365000000000014 9.7935000000000016 0.5242500000000001 0.85785000000000011 4.5000000000000009 0.10085000000000001 0.057950000000000008 0.36395000000000005 10.018750000000002 0.87925000000000009 1.0000000180025095e-35 42.000000000000007
decision_type=2 2 2 2 2 2 2 2 2 2 2 2 2 2
left_child=1 2 3 -1 11 8 -7 12 13 -9 -4 -3 -2 -5
right_child=7 4 10 5 -6 6 -8 9 -10 -11 -12 -13 -14 -15
leaf_value=0.021453448809144682 -0.025467568739831567 0.021453448809144682 0.040251547274210819 -0.014291708003902165 0.040251547274210819 0.00061523859695353667 0.021393041219155067 -0.024614981576231418 0.00061523859695353667 0.00061523859695353667 0.021393041219155067 0.033716599748734526 -0.037539550171674957 0.00061523859695353667
leaf_weight=35.393002383410931 142.83153633773327 201.69554653763771 17.729521512985229 152.08759570866823 188.62823259830475 93.407209403812885 112.691421225667 45.950962826609612 527.9280050098896 8.4375061914324743 174.16683240607381 122.40776938199997 505.49349926784635 70.361098177731037
leaf_count=293 3472 841 90 1352 774 769 858 1081 5119 165 903 494 13156 655
internal_value=0 0.0135845 0.00640803 0.00347852 0.0301085 0.00225772 0.0120246 -0.0333029 -0.000437305 -0.0137055 0.0214534 0.0240995 -0.0349233 -0.0086807
internal_weight=0 1696.5 1183.76 991.868 512.732 956.475 206.099 702.714 750.377 54.3885 191.896 324.103 648.325 222.449
internal_count=30022 12148 10039 9046 2109 8753 1627 17874 7126 1246 993 1335 16628 2007
is_linear=0
shrinkage=0.05


Tree=26
num_leaves=15
num_cat=0
split_feature=6 3 7 7 6 0 0 4 8 0 6 8 12 11
split_gain=408.324 69.8979 18.5701 12.3191 11.3681 12.486 9.40724 9.38749 9.07063 6.26202 6.0162 5.25846 5.47534 5.22016
threshold=0.44825000000000004 34.500000000000007 0.61365000000000014 0.62185000000000012 0.85785000000000011 1192.5000000000002 860.50000000000011 4.5000000000000009 0.36695000000000005 1571.5000000000002 0.25905000000000006 0.28315000000000007 0.02145 27.500000000000004
decision_type=2 2 2 2 2 10 10 2 2 10 2 2 2 2
left_child=8 2 4 6 5 -2 13 -6 -1 10 -10 -7 -12 -3
right_child=1 3 -4 -5 7 11 -8 -9 9 -11 12 -13 -14 -15
leaf_value=-0.038153336432057414 0.0051726467765360875 0.035592929683841548 0.020318058221072754 0.047274642352504857 0.0051726467765360875 -0.017139880227251228 0.020318058221072754 0.020318058221072754 -0.026603326198477412 -0.034942381030270302 -0.025079331199237848 -0.0027758722930601395 -0.0027758722930601395 0.020318058221072754
leaf_weight=381.29137644171715 498.07012594491243 199.48684215545654 191.41952568292618 73.064492657780647 99.434564746916294 100.57561441138387 207.70899707078934 122.21923319250345 118.14443139359355 125.11472048982978 28.687194019556046 172.25416674092412 31.156298216432333 30.188997358083725
leaf_count=10253 4529 814 972 306 811 1143 858 912 2921 3380 745 1507 752 123
internal_value=0 0.0127789 0.00610042 0.0282271 0.00334078 0.000465848 0.0249447 0.0132926 -0.0329538 -0.026309 -0.0200789 -0.00811426 -0.00811426 0.0323356
internal_weight=0 1694.42 1183.97 510.449 992.554 770.9 437.385 221.654 684.394 303.103 177.988 272.83 59.8435 229.676
internal_count=30026 11975 9874 2101 8902 7179 1795 1723 18051 7798 4418 2650 1497 937
is_linear=0
shrinkage=0.05


Tree=27
num_leaves=15
num_cat=0
split_feature=16 15 7 7 10 0 13 6 7 12 13 15 0 7
split_gain=362.827 65.2535 21.0326 10.3742 10.6616 9.81193 11.305 8.93255 8.83754 8.30232 7.01648 11.0743 6.69762 5.87117
threshold=0.098250000000000018 0.021650000000000006 0.48325000000000007 0.40205000000000007 9.9444000000000017 1180.5000000000002 51.500000000000007 0.88325000000000009 0.40395000000000009 0.024950000000000003 70.500000000000014 0.050550000000000005 1469.5000000000002 0.71905000000000008
decision_type=2 2 2 2 2 10 2 2 2 2 2 2 10 2
left_child=1 2 5 10 -4 -1 -7 -6 12 -9 -3 -12 -2 -5
right_child=8 3 4 13 7 6 -8 9 -10 -11 11 -13 -14 -15
leaf_value=0.0048823462930656491 -0.027685031388878706 0.0048823462930656491 0.032558646775859228 0.032558646775859228 0.006733612647161432 -0.014732683760723328 0.0048823462930656491 0.012146217742386266 -0.021021314322464069 0.032558646775859228 0.0048823462930656491 0.032558646775859228 -0.039780320203346056 0.057811300080817876
leaf_weight=414.22819571942091 199.21074827387929 37.485867604613304 40.699715387076139 299.76880556344986 364.52522072196007 181.61642849817872 112.68850939720869 92.773322619497776 147.48487225547433 48.421529226005077 43.686741560697556 44.24482149630785 317.24149000272155 23.67944024503231
leaf_count=3658 5078 210 230 1287 2277 2067 1169 537 3794 245 182 191 9084 102
internal_value=0 0.0114763 0.00561446 0.0278161 0.0129757 -7.27937e-05 -0.00703997 0.0109025 -0.0320691 0.0215424 0.0154244 0.0237369 -0.0351773 0.0325586
internal_weight=0 1703.82 1254.95 448.866 546.42 708.533 294.305 505.72 663.937 141.195 125.417 87.9316 516.452 323.448
internal_count=30111 12155 10183 1972 3289 6894 3236 3059 17956 782 583 373 14162 1389
is_linear=0
shrinkage=0.05


Tree=28
num_leaves=15
num_cat=0
split_feature=16 15 7 7 17 0 11 0 7 6 5 0 6 15
split_gain=337.971 58.8523 15.9541 12.5216 11.253 10.7983 8.96692 7.8075 7.41169 6.37919 7.79496 6.09803 5.30059 4.76035
threshold=0.098250000000000018 0.0029500000000000004 0.44125000000000009 0.54435000000000011 0.16135000000000002 1481.5000000000002 27.500000000000004 1101.5000000000002 0.84915000000000018 0.59175000000000011 2.5000000000000004 1307.5000000000002 0.85335000000000016 0.020450000000000006
decision_type=2 2 2 2 2 10 2 10 2 2 2 10 2 2
left_child=1 2 7 4 6 -2 13 -1 11 10 -9 -4 -5 -3
right_child=5 3 8 12 -6 -7 -8 9 -10 -11 -12 -13 -14 -15
leaf_value=0.0090077475927358708 -0.023328437067948009 0.012925954487371556 0.01029776756715029 0.032529227032364806 0.01029776756715029 -0.036790220100128432 0.01029776756715029 -0.023328437067948009 0.032529227032364806 -0.002015208740646359 -0.002015208740646359 -0.002015208740646359 0.047369897567178222 0.032529227032364806
leaf_weight=120.74785995855927 256.5069474466145 33.427704125642776 484.1134102717042 101.80413866043091 191.55587682127953 384.71343039721251 27.98068792372942 67.409345243126154 33.498015984892845 303.56905248761177 21.275521092116833 93.404671777039766 70.38395120203495 153.07356221228838
leaf_count=1154 6557 140 3263 427 875 11315 127 877 144 3257 236 671 305 642
internal_value=0 0.0111143 0.004438 0.0240624 0.0191857 -0.0314498 0.027039 -0.00206185 0.00988965 -0.00548365 -0.0172013 0.00900775 0.0353849 0.0313267
internal_weight=0 1702.24 1124.02 578.226 406.038 641.22 214.482 513.002 611.016 392.254 88.6849 577.518 172.188 186.501
internal_count=29990 12118 9602 2516 1784 17872 909 5524 4078 4370 1113 3934 732 782
is_linear=0
shrinkage=0.05


Tree=29
num_leaves=15
num_cat=0
split_feature=16 3 7 7 7 6 0 8 17 8 7 0 10 2
split_gain=330.936 60.0406 16.5871 13.9122 11.272 8.93259 8.62757 7.81556 7.50043 7.34751 6.78523 6.75085 6.07321 7.4693
threshold=0.098250000000000018 21.500000000000004 0.49235000000000007 0.66450000000000009 0.75335000000000008 0.85335000000000016 1469.5000000000002 0.17895000000000003 1.8827500000000004 0.27365000000000006 0.71905000000000008 1174.5000000000002 10.040650000000001 4.5000000000000009
decision_type=2 2 2 2 2 2 10 2 2 2 2 10 2 2
left_child=1 3 5 9 6 7 8 -3 -2 11 12 -1 -4 -14
right_child=4 2 10 -5 -6 -7 -8 -9 -10 -11 -12 -13 13 -15
leaf_value=0.0016962547870928166 -0.011216675811975068 0.0016962547870928166 0.053785517601840888 0.019853252169630811 0.019569992058747484 0.025762249025734065 -0.037038142595836175 0.016346176740321124 -0.030720666330929288 0.0048562020427125891 0.053932777996879781 -0.011216675811975068 0.025762249025734065 0.044564649874897548
leaf_weight=151.47343577072024 74.150400802493095 65.996058721095324 22.793766558170319 117.81784772872925 10.002607692033051 142.02880772203207 382.65543372556567 155.97706526517868 156.41431313753128 623.32380259782076 32.492243096232414 168.73956651240587 168.7187517285347 54.023965120315552
leaf_count=1530 1828 349 98 572 228 582 11627 904 4210 5092 143 1897 737 224
internal_value=0 0.011037 0.0230941 0.0037286 -0.0315166 0.0159975 -0.0323804 0.00966209 -0.0245236 0.00169625 0.0322945 -0.00445084 0.0292239 0.0264813
internal_weight=0 1703.39 642.031 1061.35 623.223 364.002 613.22 221.973 230.565 943.537 278.029 320.213 245.536 222.743
internal_count=30021 12128 3037 9091 17893 1835 17665 1253 6038 8519 1202 3427 1059 961
is_linear=0
shrinkage=0.05


Tree=30
num_leaves=15
num_cat=0
split_feature=17 3 8 6 6 7 8 1 4 7 12 15 6 10
split_gain=282.376 52.8574 11.5316 11.1418 10.6448 9.15907 8.2552 8.25438 7.43169 6.55228 4.91853 5.0467 4.66886 5.95986
threshold=0.84420000000000017 34.500000000000007 0.27915000000000006 0.81475000000000009 0.85335000000000016 0.40395000000000009 0.17895000000000003 1.0000000180025095e-35 3.5000000000000004 0.43915000000000004 0.075150000000000008 0.019250000000000003 0.59675000000000011 11.073850000000002
decision_type=2 2 2 2 2 2 2 2 2 2 2 2 2 2
left_child=1 2 12 -4 6 7 -3 -2 -5 -6 -11 -12 -1 -14
right_child=5 4 3 8 9 -7 -8 -9 -10 10 11 -13 13 -15
leaf_value=-0.014704148055941875 -0.02109258870821628 -0.0015089739290773145 0.0035895731813334144 0.0035895731813334144 0.021099743083441515 -0.017920094736329304 0.020837495120906376 -0.036910180124838626 0.019896166003292706 0.022333923896216357 0.022986956499328415 0.05112009448501284 -0.0015089739290773145 -0.014704148055941875
leaf_weight=70.402266412973404 114.08020680397749 50.074207529425621 553.2846953868866 40.677098490297794 95.612130597233772 131.40701502561569 232.1768991202116 353.02391177788377 224.25615265220404 37.551435828208923 23.457210004329681 73.838745325803757 255.14018180221319 51.004365831613541
leaf_count=849 3152 211 4479 268 385 3744 957 10915 1379 158 99 314 2531 533
internal_value=0 0.010081 0.00431018 0.00763958 0.0234942 -0.0298029 0.0168817 -0.0331004 0.0160523 0.0314848 0.0386387 0.0446403 -0.00292553 -0.00150897
internal_weight=0 1707.48 1194.76 818.218 512.711 598.511 282.251 467.104 264.933 230.46 134.847 97.296 376.547 306.145
internal_count=29974 12163 10039 6126 2124 17811 1168 14067 1647 956 571 413 3913 3064
is_linear=0
shrinkage=0.05


Tree=31
num_leaves=15
num_cat=0
split_feature=16 3 6 7 8 7 10 15 6 0 0 0 6 11
split_gain=280.314 43.2729 14.4527 12.2661 11.4154 9.45583 9.27065 8.04354 7.39324 7.37247 6.90365 6.70389 6.16406 6.04531
threshold=0.098250000000000018 21.500000000000004 0.85335000000000016 0.44125000000000009 0.36695000000000005 0.54065000000000007 10.029300000000001 0.045450000000000011 0.88325000000000009 1251.5000000000002 1571.5000000000002 1180.5000000000002 0.26205000000000006 22.500000000000004
decision_type=2 2 2 2 2 2 2 2 2 10 10 10 2 2
left_child=1 3 7 -1 11 -4 -6 -3 9 -5 12 -2 -8 -9
right_child=4 2 5 8 6 -7 10 13 -10 -11 -12 -13 -14 -15
leaf_value=-0.0016253430581534265 -0.02187690859762316 0.0092337119283975068 0.02361882703295291 0.0092337119283975068 -0.0016253430581534265 0.045120831043661318 -0.02187690859762316 0.02361882703295291 0.018398736121623065 -0.0016253430581534265 -0.035014363569406064 -0.03971768321334454 -0.0028420344634882745 0.0092337119283975068
leaf_weight=477.12126268446445 72.181704841554165 252.95307712256908 182.78828524798155 313.68257154524326 24.29091870971024 73.600756943225861 93.274600729346275 97.254233464598656 157.38140676915646 120.21270610019565 97.975671930238605 250.16261091828346 50.240385891869664 41.53810578584671
leaf_count=5188 2035 1404 748 2115 701 329 2623 406 939 861 3089 8085 1313 171
internal_value=0 0.0105286 0.0207113 0.00433775 -0.0294408 0.0299427 -0.0216198 0.0146087 0.0091442 0.00575282 -0.0247644 -0.0358027 -0.017573 0.0236188
internal_weight=0 1716.53 648.134 1068.4 588.126 256.389 265.782 391.745 591.277 433.895 241.491 322.344 143.515 138.792
internal_count=30007 12161 3058 9103 17846 1077 7726 1981 3915 2976 7025 10120 3936 577
is_linear=0
shrinkage=0.05


Tree=32
num_leaves=15
num_cat=0
split_feature=17 3 8 0 8 0 12 7 6 8 7 5 0 17
split_gain=239.833 43.4455 14.0147 12.6997 11.1025 10.6566 8.79421 8.68719 12.8606 5.30456 4.86741 3.78222 3.43323 4.02439
threshold=0.84420000000000017 21.500000000000004 0.17895000000000003 1481.5000000000002 0.27365000000000006 804.50000000000011 0.028650000000000005 0.71905000000000008 0.76275000000000015 0.56045000000000011 0.45145000000000007 2.5000000000000004 888.50000000000011 0.16895000000000002
decision_type=2 2 2 10 2 10 2 2 2 2 2 2 10 2
left_child=1 4 5 6 -1 -3 -2 12 9 11 -5 -6 13 -4
right_child=3 2 7 10 8 -7 -8 -9 -10 -11 -12 -13 -14 -15
leaf_value=-0.0046528372340648968 -0.023793099600251267 0.023141439068043428 0.03205295490443872 -0.037083398026313746 -0.0046528372340648968 -0.0046528372340648968 -0.0046528372340648968 0.048958804398633954 0.012926265887233277 0.012926265887233277 -0.023793099600251267 0.0063648682813218851 0.016635534233793648 0.023141439068043428
leaf_weight=319.77123642526567 186.14830545336008 40.294307366013527 147.3497506082058 285.46883844211698 246.07334754616022 75.308377534151077 41.766567893326283 32.386778756976128 379.86627101153135 35.653787326067686 55.01154712215066 95.002835042774677 224.41129950433969 114.71646163612604
leaf_count=3453 5412 166 614 9673 2151 389 1089 147 2521 248 1691 773 1219 479
internal_value=0 0.00927189 0.0196392 -0.0281884 0.00314832 0.00385623 -0.0189136 0.0231414 0.00644722 -0.000102689 -0.0343233 -0.00213038 0.0231414 0.0252636
internal_weight=0 1710.83 634.467 568.395 1076.37 115.603 227.915 518.864 756.596 376.73 340.48 341.076 486.478 262.066
internal_count=30025 12160 3014 17865 9146 555 6501 2459 5693 3172 11364 2924 2312 1093
is_linear=0
shrinkage=0.05


Tree=33
num_leaves=15
num_cat=0
split_feature=16 3 7 7 12 0 7 11 9 10 10 8 12 8
split_gain=224.197 38.3189 14.0552 13.1697 10.9818 8.40068 7.44868 8.69744 8.73721 7.02671 5.86851 4.8937 3.78377 3.16537
threshold=0.098250000000000018 21.500000000000004 0.71905000000000008 0.61365000000000014 0.21225000000000002 1481.5000000000002 0.49235000000000007 15.500000000000002 30.000000000000004 10.868150000000002 9.7935000000000016 0.16295000000000001 0.02145 0.56045000000000011
decision_type=2 2 2 2 2 10 2 2 2 2 2 2 2 2
left_child=1 3 6 10 5 9 -3 8 -8 11 -1 -2 -13 -12
right_child=4 2 -4 -5 -6 -7 7 -9 -10 -11 13 12 -14 -15
leaf_value=0.011619210683968281 -0.034845157526412381 0.011619210683968281 0.049792140008615149 0.014659514837547334 -2.4038103097092796e-05 -0.034845157526412381 0.018282330306875556 0.015037105845088947 0.048844422950939034 -0.034845157526412381 -2.4038103097092796e-05 -0.019523421250859773 -0.0021575491455070152 0.011619210683968281
leaf_weight=32.126647844910622 22.343147961422801 364.66366820409894 32.095060288906097 183.14474459737539 20.660905724391341 319.52613737992942 46.256722673773766 143.59627981483936 50.538593485951424 69.532136367633939 821.51819197833538 67.158059941604733 58.623158868402243 40.757031422108412
leaf_count=263 671 1827 147 912 574 11067 209 632 215 2005 7677 1980 1556 295
internal_value=0 0.00823583 0.017946 0.00248292 -0.0282284 -0.0296389 0.0161774 0.0230151 0.0345756 -0.0218715 -2.40381e-05 -0.0155387 -0.0115105 -2.40381e-05
internal_weight=0 1714.7 637.15 1077.55 557.844 537.183 605.055 240.392 96.7953 217.657 894.402 148.124 125.781 862.275
internal_count=30030 12177 3030 9147 17853 17279 2883 1056 424 6212 8235 4207 3536 7972
is_linear=0
shrinkage=0.05


Tree=34
num_leaves=15
num_cat=0
split_feature=17 15 6 12 12 7 1 13 7 6 8 10 7 9
split_gain=215.106 40.6806 15.6491 10.0751 9.3018 8.19615 7.91022 7.5726 9.11909 7.77895 7.23118 5.77541 5.10476 4.65396
threshold=0.84420000000000017 0.020450000000000006 0.85335000000000016 0.21225000000000002 0.026450000000000005 0.61365000000000014 1.0000000180025095e-35 59.500000000000007 0.67730000000000012 0.90755000000000008 0.36455000000000004 10.029300000000001 0.34615000000000007 54.000000000000007
decision_type=2 2 2 2 2 2 2 2 2 2 2 2 2 2
left_child=1 2 4 6 -1 -6 -2 -3 9 13 -8 -12 -4 -9
right_child=3 7 12 -5 5 -7 10 8 -10 -11 11 -13 -14 -15
leaf_value=-0.010269881857391517 -0.017757570964300955 0.013016385057955366 0.00066162164573387819 0.00036374867918524071 0.00066162164573387819 0.013016385057955366 -0.039036230105288526 0.015377075946486938 0.053989317531112128 0.036619007939909493 -0.010269881857391517 -0.028472691420461094 0.013016385057955366 0.036619007939909493
leaf_weight=167.63996523618698 117.99699417501688 108.25690759345889 25.017448097467422 22.822254829108715 669.9570010304451 96.983449898660183 215.94968384504318 211.8258194103837 24.683310315012932 75.243945881724358 16.859236838296056 165.26731733419001 304.92142035067081 28.251372382044792
leaf_count=1343 3514 534 237 615 6172 492 7750 902 115 320 540 5455 1932 118
internal_value=0 0.00826766 0.00367276 -0.0279241 0.000363749 0.00269842 -0.0293723 0.0211926 0.02502 0.0225888 -0.032762 -0.02515 0.0130164 0.0180578
internal_weight=0 1712.78 1264.52 538.895 934.58 766.94 516.073 448.261 340.004 315.321 398.076 182.127 329.939 240.077
internal_count=30039 12165 10176 17874 8007 6664 17259 1989 1455 1340 13745 5995 2169 1020
is_linear=0
shrinkage=0.05


Tree=35
num_leaves=15
num_cat=0
split_feature=16 15 6 12 0 7 8 11 17 6 12 8 15 11
split_gain=207.21 36.1484 11.2594 10.8466 8.75717 8.45807 7.69279 10.4222 6.301 6.07311 9.58059 4.61801 4.20146 3.33245
threshold=0.098250000000000018 0.021650000000000006 0.85335000000000016 0.21225000000000002 1469.5000000000002 0.56355000000000011 0.19565000000000002 22.500000000000004 1.8677000000000001 0.85335000000000016 0.026750000000000006 0.39145000000000008 0.035350000000000006 73.500000000000014
decision_type=2 2 2 2 10 2 2 2 2 2 2 2 2 2
left_child=1 9 6 4 8 -4 -3 12 13 10 -1 -6 -8 -2
right_child=3 2 5 -5 11 -7 7 -9 -10 -11 -12 -13 -14 -15
leaf_value=-0.0069760454836902729 -0.0069760454836902729 0.0038618500225404335 0.02374007866147344 0.0038618500225404335 -0.039385813012366745 0.049460982115953796 0.0040550016903659553 0.0038618500225404335 -0.026507581810203431 0.0105632730289684 0.0038618500225404335 -0.026507581810203431 0.02374007866147344 -0.024906744122109102
leaf_weight=169.88330827653408 35.379691271111369 57.61689168214798 148.99661700427532 20.826275153085589 186.53627020120621 41.769143372774124 30.006680198013783 59.355292696505785 135.75146696716547 337.41043682396412 759.2754003405571 126.59048051759601 106.38811319321394 25.063854271546006
leaf_count=1357 886 266 631 581 7103 198 131 266 4177 2212 6580 4402 482 745
internal_value=0 0.00817281 0.0204304 -0.0275753 -0.0290288 0.0296004 0.0134369 0.0185709 -0.0205562 0.00386185 0.00386185 -0.0342551 0.0237401 -0.00697605
internal_weight=0 1710.7 444.133 530.148 509.322 190.766 253.367 195.75 196.195 1266.57 929.159 313.127 136.395 60.4435
internal_count=30017 12123 1974 17894 17313 829 1145 879 5808 10149 7937 11505 613 1631
is_linear=0
shrinkage=0.05


Tree=36
num_leaves=15
num_cat=0
split_feature=16 3 7 7 0 0 0 13 6 7 17 0 4 15
split_gain=177.809 30.8767 12.6905 10.7857 9.56207 8.61914 8.59946 7.90516 6.17688 5.18259 4.62475 4.46152 3.38731 4.70804
threshold=0.094750000000000015 49.500000000000007 0.60685000000000011 0.40395000000000009 874.50000000000011 1481.5000000000002 1259.5000000000002 57.500000000000007 0.85785000000000011 0.75335000000000008 0.28095000000000009 1726.5000000000002 4.5000000000000009 0.045850000000000009
decision_type=2 2 2 2 10 10 10 2 2 2 2 10 2 2
left_child=1 2 6 5 12 -2 8 -8 -1 11 -10 -5 -3 -14
right_child=3 4 -4 9 -6 -7 7 -9 10 -11 -12 -13 13 -15
leaf_value=0.0042116600736909846 -0.020936801902176401 0.015023758435511693 0.015023758435511693 -0.012459461489607065 0.015023758435511693 -0.035761506905532446 -0.012459461489607065 0.0042116600736909846 0.015023758435511693 0.015023758435511693 0.0042116600736909846 -0.035761506905532446 0.023089428668604653 0.039438433719080644
leaf_weight=707.17066498845816 185.57401742599905 24.895144656300545 225.90803230181336 108.03365110605955 150.44748842716217 223.48720754310489 150.85357235372066 62.165338926017284 133.01672411710024 10.123400490730999 37.831711210310459 12.405765064060686 110.47173652052879 81.556845352053642
leaf_count=6092 5529 104 1113 3192 633 8712 1470 536 797 226 285 445 463 345
internal_value=0 0.00784748 0.00426448 -0.025107 0.0206453 -0.0291036 0.00202496 -0.00696571 0.00421166 -0.0124595 0.0136965 -0.0154203 0.0278359 0.0302014
internal_weight=0 1684.32 1316.95 539.624 367.371 409.061 1091.04 213.019 878.019 130.563 170.848 120.439 216.924 192.029
internal_count=29942 11838 10293 18104 1545 14241 9180 2006 7174 3863 1082 3637 912 808
is_linear=0
shrinkage=0.05


Tree=37
num_leaves=15
num_cat=0
split_feature=17 0 6 0 7 12 0 7 11 6 7 7 16 13
split_gain=168.784 28.3116 13.0141 11.0095 10.2157 7.75384 7.62967 7.4214 7.31975 7.20119 9.84968 5.30105 4.10809 3.79429
threshold=0.84420000000000017 888.50000000000011 0.81475000000000009 1251.5000000000002 0.40395000000000009 0.075850000000000015 1481.5000000000002 0.44125000000000009 19.500000000000004 0.85785000000000011 0.45325000000000004 0.41425000000000006 0.018550000000000001 59.500000000000007
decision_type=2 10 2 10 2 2 10 2 2 2 2 2 2 2
left_child=1 9 3 5 6 7 -2 -3 -9 -1 -11 -4 13 -10
right_child=4 2 11 -5 -6 -7 -8 8 12 10 -12 -13 -14 -15
leaf_value=0.013660906963854481 -0.021284598975111885 -0.011251869853399614 0.0067041357810882253 -0.014233174682287875 -0.014233174682287875 0.0067041357810882253 -0.035740845324681393 0.0067041357810882253 -0.011251869853399614 0.013660906963854481 0.038439409745438094 0.013660906963854481 -0.011251869853399614 0.0067041357810882253
leaf_weight=229.25755652040243 168.48171972669661 155.24237513914704 110.61439499258995 111.71784656867385 112.66618618369102 448.55239911749959 217.38352426327765 77.80896071344614 27.214604116976261 64.623047210276127 89.508486025035381 361.21015949547291 33.690380468964577 14.128021925687788
leaf_count=1077 5398 1568 912 1138 3719 3712 8750 501 172 275 410 2118 224 82
internal_value=0 0.00741583 0.00398151 0.00034669 -0.02559 0.00251536 -0.0295001 -0.00358521 0.00422439 0.0193793 0.027742 0.0106562 -0.00922413 0.00465171
internal_weight=0 1723.57 1340.18 868.355 498.531 756.637 385.865 308.084 152.842 383.389 154.132 471.825 75.033 41.3426
internal_count=30056 12189 10427 7397 17867 6259 14148 2547 979 1762 685 3030 478 254
is_linear=0
shrinkage=0.05


Tree=38
num_leaves=15
num_cat=0
split_feature=16 3 0 6 15 6 8 13 17 8 7 7 6 0
split_gain=157.698 31.5574 13.2688 13.1228 10.4685 8.9036 9.23962 9.33782 7.10473 5.72711 5.58023 5.25564 4.92272 4.89133
threshold=0.094750000000000015 5.5000000000000009 1481.5000000000002 0.85335000000000016 0.061350000000000009 0.88325000000000009 0.51885000000000014 72.500000000000014 1.8827500000000004 0.37315000000000004 0.58805000000000007 0.53345000000000009 0.75525000000000009 1101.5000000000002
decision_type=2 2 10 2 2 2 2 2 2 2 2 2 2 10
left_child=1 5 8 4 10 6 7 13 -2 -4 -3 -5 -12 -1
right_child=2 3 9 11 -6 -7 -8 -9 -10 -11 12 -13 -14 -15
leaf_value=0.0048097032967004631 -0.0069675942228143691 0.0077028217955484 -0.037564966028181171 0.024450129660275269 0.024450129660275269 0.010165873891635376 0.0077028217955484 0.0077028217955484 -0.02224246546101202 -0.022842009829114662 0.0077028217955484 0.037483477020425419 0.024450129660275269 -0.0069675942228143691
leaf_weight=87.510781783610582 95.760243935510516 383.17639942839742 156.26739844493568 171.99753410369158 73.438442781567574 217.76073832809925 121.15892751142383 87.679951786994934 138.50743648596108 126.75330063700676 41.077233791351318 79.868017718195915 37.889445692300797 394.66456336900592
leaf_count=766 2280 2557 6621 734 320 1482 791 786 4527 4755 196 382 172 3716
internal_value=0 0.00772646 -0.0237847 0.0150462 0.0105866 0.00137435 -0.00140683 -0.00417853 -0.0148828 -0.0310748 0.00770282 0.0244501 0.020939 -0.00696759
internal_weight=0 1696.22 517.288 787.447 535.582 908.775 691.014 569.855 234.268 283.021 462.143 251.866 78.9667 482.175
internal_count=30085 11902 18183 4361 3245 7541 6059 5268 6807 11376 2925 1116 368 4482
is_linear=0
shrinkage=0.05


Tree=39
num_leaves=15
num_cat=0
split_feature=16 3 12 7 7 8 8 8 11 6 4 10 11 6
split_gain=137.86 24.1642 14.8488 10.6512 8.87151 8.10518 7.31554 6.57958 5.4805 5.15233 4.35596 5.73176 4.32971 3.3377
threshold=0.082450000000000009 21.500000000000004 0.028650000000000005 0.62185000000000012 0.77200000000000013 0.32915000000000005 0.17895000000000003 0.44465000000000005 123.50000000000001 0.75525000000000009 5.5000000000000009 10.592750000000002 13.500000000000002 0.91130000000000011
decision_type=2 2 2 2 2 2 2 2 2 2 2 2 2 2
left_child=1 4 5 6 -1 -2 -3 -4 -7 -5 11 -8 -13 -12
right_child=2 3 7 9 -6 8 10 -9 -10 -11 13 12 -14 -15
leaf_value=0.00091250954997669574 -0.034043965433969973 0.00091250954997669574 -0.016019585061938933 0.020117378576274672 0.020117378576274672 -0.016019585061938933 0.01889321967152768 0.00091250954997669574 -0.031943670996244615 0.040260097441824905 0.01889321967152768 0.018151426474839867 0.00091250954997669574 0.031739409033560081
leaf_weight=924.71476094424725 190.0922249276191 114.22482162341475 125.12992518395185 22.140322163701057 63.325300198048353 152.05415817350149 88.574179247021675 61.013658761978149 65.796569745987654 58.352825433015823 181.78703704476357 35.66941874474287 71.304218467324972 52.770084768533707
leaf_count=7885 7711 527 2440 98 276 5490 471 929 2479 280 756 197 384 226
internal_value=0 0.0070341 -0.0211211 0.0147219 0.00216248 -0.0264561 0.0121686 -0.00935035 -0.0197097 0.0316271 0.0151496 0.00956126 0.00173098 0.0197482
internal_weight=0 1612.86 594.087 624.823 988.04 407.943 544.33 186.144 217.851 80.4931 430.105 195.548 106.974 234.557
internal_count=30149 11100 19049 2939 8161 15680 2561 3369 7969 378 2034 1052 581 982
is_linear=0
shrinkage=0.05


Tree=40
num_leaves=15
num_cat=0
split_feature=16 0 12 8 13 8 11 6 11 12 5 0 3 4
split_gain=131.476 22.0713 17.3489 9.24379 7.83803 7.47652 5.63586 5.33677 6.63296 8.12403 7.55461 4.93978 8.39248 8.07374
threshold=0.080650000000000013 902.50000000000011 0.028750000000000001 0.43495000000000006 75.500000000000014 0.36455000000000004 123.50000000000001 0.93845000000000012 20.500000000000004 0.083750000000000005 2.5000000000000004 1101.5000000000002 5.5000000000000009 4.5000000000000009
decision_type=2 10 2 2 2 2 2 2 2 2 2 10 2 2
left_child=1 7 5 4 11 -2 -7 8 9 -1 -11 -3 13 -13
right_child=2 3 -4 -5 -6 6 -8 -9 -10 10 -12 12 -14 -15
leaf_value=0.0097453694017623372 -0.032506001266381007 0.0073433200263260797 -0.0077634270783406185 0.0097453694017623372 0.0097453694017623372 -0.012817253879666932 -0.031894250144490453 0.032220783005435925 0.0097453694017623372 0.0097453694017623372 0.032220783005435925 -0.0077634270783406185 0.0073433200263260797 0.0045247534169154139
leaf_weight=82.485769703984261 212.09537814557552 114.30897717922926 193.7990426979959 444.75700808688998 155.10578906536102 132.22022550925612 55.472086256369948 53.819638356566429 142.90772199630737 30.237336359918118 90.648654505610466 270.52091726660728 77.513232745230198 134.09725364297628
leaf_count=371 8844 854 3407 2780 990 4789 2128 240 664 150 395 2656 756 1131
internal_value=0 0.0074478 -0.0200944 0.00404076 0.000656372 -0.0260376 -0.0185946 0.0175994 0.0152407 0.0212744 0.0295009 -0.00195994 -0.00417629 -0.00714529
internal_weight=0 1596.4 593.587 1196.3 751.546 399.788 187.692 400.099 346.279 203.372 120.886 596.44 482.131 404.618
internal_count=30155 10987 19168 9167 6387 15761 6917 1820 1580 916 545 5397 4543 3787
is_linear=0
shrinkage=0.05


Tree=41
num_leaves=15
num_cat=0
split_feature=17 4 10 7 1 12 6 17 17 13 17 7 8 6
split_gain=118.211 22.5924 11.2632 10.6625 8.46679 7.85919 7.26439 6.07267 5.68287 5.59484 5.32457 4.10915 4.09194 4.62274
threshold=0.84420000000000017 4.5000000000000009 9.9965500000000009 0.47625000000000006 1.0000000180025095e-35 0.10215 0.64445000000000008 1.8505500000000004 0.25585000000000008 160.50000000000003 2.7533500000000006 0.38965000000000005 0.39145000000000008 0.18785000000000004
decision_type=2 2 2 2 2 2 2 2 2 2 2 2 2 2
left_child=1 2 -1 4 7 -4 8 -2 -7 -3 -5 -11 -6 -14
right_child=3 9 5 10 12 6 -8 -9 -10 11 -12 -13 13 -15
leaf_value=0.012434553043917836 -0.0022984584132000603 0.012434553043917836 -0.0022984584132000603 -0.0022984584132000603 -0.03417110897834677 0.012434553043917836 0.012434553043917836 -0.020467954772733405 -0.0022984584132000603 0.012434553043917836 -0.020467954772733405 0.030368763396666165 -0.03417110897834677 -0.020467954772733405
leaf_weight=80.663554403930902 20.259703796356916 635.24400195479393 725.87330124899745 40.164479294791818 195.47349828109145 29.594963170588017 101.42316298931837 76.297103490680456 53.019829679280519 22.349974900484085 15.638157481327651 75.388227507472038 36.107687510550022 71.884357264265418
leaf_count=644 665 3467 5995 1355 8554 260 773 2649 643 91 551 328 1399 2748
internal_value=0 0.00578618 0.000859087 -0.0228195 -0.0256693 -0.000867265 0.00848558 -0.0125892 -0.00229846 0.0124346 -0.00229846 0.0244022 -0.0297761 -0.0215802
internal_weight=0 1723.56 990.575 455.825 400.022 909.911 184.038 96.5568 82.6148 732.982 55.8026 97.7382 303.466 107.992
internal_count=30122 12201 8315 17921 16015 7671 1676 3314 903 3886 1906 419 12701 4147
is_linear=0
shrinkage=0.05


Tree=42
num_leaves=15
num_cat=0
split_feature=16 3 7 0 7 0 13 4 7 8 0 13 14 8
split_gain=117.885 21.7818 12.7784 10.7479 10.2622 7.82532 8.76805 8.20906 7.00793 6.94183 4.98715 6.33334 4.13443 3.82879
threshold=0.094750000000000015 13.500000000000002 0.62185000000000012 1481.5000000000002 0.79495000000000016 1105.5000000000002 62.500000000000007 4.5000000000000009 0.47625000000000006 0.43495000000000006 804.50000000000011 76.500000000000014 1.5000000000000002 0.44845000000000007
decision_type=2 2 2 10 2 10 2 2 2 2 8 2 2 2
left_child=1 4 10 13 5 -1 7 9 -5 -7 11 -3 -13 -2
right_child=3 2 -4 8 -6 6 -8 -9 -10 -11 -12 12 -14 -15
leaf_value=0.01000240994113355 -0.013803874749267295 0.01000240994113355 0.03020522336874748 -0.032469642231805811 0.02218502388931802 -0.013803874749267295 0.0069985375217401936 0.0038302451923695503 -0.013803874749267295 -0.00030203776764382173 0.01000240994113355 0.01000240994113355 0.03020522336874748 -0.0015557052312510289
leaf_weight=162.67773422598839 152.62274038791656 44.406922042369843 91.016322091221809 221.14498125202954 54.574936971068382 255.26030409708619 198.69207448512316 175.5321506857872 35.127947239205241 143.20760151743889 468.19085987657309 19.837636053562164 83.65549199283123 64.075839275494218
leaf_count=1369 4966 185 438 10112 234 2634 1651 1306 1308 1046 2635 84 353 1799
internal_value=0 0.00610125 0.0127971 -0.0221007 0.00131041 7.00678e-05 -0.00203125 -0.00516368 -0.0290354 -0.00912533 0.0101806 0.0191968 0.0265235 -0.0138039
internal_weight=0 1697.05 707.107 472.972 989.945 935.37 772.692 574 256.273 398.468 616.091 147.9 103.493 216.699
internal_count=30120 11935 3695 18185 8240 8006 6637 4986 11420 3680 3257 622 437 6765
is_linear=0
shrinkage=0.05


Tree=43
num_leaves=15
num_cat=0
split_feature=16 0 8 7 0 10 10 17 13 7 0 10 13 7
split_gain=103.339 19.3528 11.3361 8.69352 7.20154 5.6992 5.84714 5.63197 5.0616 4.92796 3.37105 3.33225 2.98724 2.91732
threshold=0.098250000000000018 917.50000000000011 0.36695000000000005 0.5242500000000001 1571.5000000000002 10.397500000000003 11.383350000000002 2.5522500000000004 190.50000000000003 0.71905000000000008 1180.5000000000002 9.7412500000000026 72.500000000000014 0.24405000000000002
decision_type=2 10 2 2 10 2 2 2 2 2 10 2 2 2
left_child=1 6 10 11 7 -5 8 -4 9 -1 -2 -3 -13 -12
right_child=2 3 4 5 -6 -7 -8 -9 -10 -11 13 12 -14 -15
leaf_value=0.014274467031350485 -0.020648687598287072 0.014274467031350485 -0.00090494130019018416 0.014274467031350485 -0.025231833274776478 0.0037732550015056373 0.0037732550015056373 -0.020648687598287072 0.041027758324592267 0.039105841185018746 -0.039649511213358725 -0.00090494130019018416 0.0037732550015056373 -0.025848676233487827
leaf_weight=362.90385243669152 57.985233118757606 21.543585203588009 85.906063873320818 136.25377830117941 79.758095163851976 294.53234597295523 26.303576726466417 44.435723347589374 18.821639835834503 19.517278738319874 90.4895094409585 646.30504453554749 189.91613488644361 83.932567603886127
leaf_count=1665 2077 183 2792 686 3387 1641 121 1598 82 101 4262 6234 1398 3865
internal_value=0 0.00506967 -0.0220038 0.00200678 -0.013487 0.00779316 0.0142745 -0.00616269 0.0161774 0.0148505 -0.0296123 -0.000904941 -0.000904941 -0.0331937
internal_weight=0 1716.1 442.507 1288.55 210.1 430.786 427.546 130.342 401.243 382.421 232.407 857.765 836.221 174.422
internal_count=30092 12111 17981 10142 7777 2327 1969 4390 1848 1766 10204 7815 7632 8127
is_linear=0
shrinkage=0.05


Tree=44
num_leaves=15
num_cat=0
split_feature=17 0 11 7 0 17 6 8 10 0 8 14 12 6
split_gain=87.5362 18.6592 9.35331 8.95289 8.44909 6.06138 6.3654 5.58447 5.04301 4.76279 4.37908 4.28321 2.94107 3.10909
threshold=0.84420000000000017 917.50000000000011 27.500000000000004 0.40395000000000009 1481.5000000000002 0.14315000000000003 0.85335000000000016 0.27365000000000006 10.868150000000002 1625.5000000000002 0.16295000000000001 1.5000000000000002 0.082250000000000004 0.59175000000000011
decision_type=2 10 2 2 10 2 2 2 2 10 2 2 2 2
left_child=1 2 5 4 8 -1 -7 12 10 -5 -2 -8 -3 -14
right_child=3 7 -4 9 -6 6 11 -9 -10 -11 -12 -13 13 -15
leaf_value=0.02432161628066036 -0.028618644714556704 -0.0039068096304003385 0.0020437259530582935 -0.0039068096304003385 -0.031694870995647488 0.0039790100508914307 0.0039790100508914307 0.0020437259530582935 -0.028618644714556704 -0.023818292991741874 -0.0039068096304003385 0.02432161628066036 -0.0039068096304003385 0.0020437259530582935
leaf_weight=169.20439963787794 18.122119856998324 243.95582891628146 64.146705843508244 68.768358066678047 177.13786089979112 117.765291467309 19.105802185833454 896.47536041215062 47.234890013933182 31.801107482984662 81.606743007898331 53.289015486836433 36.284696016460657 113.16238049790263
leaf_count=749 701 2409 329 2414 8749 559 84 6333 1747 1310 2919 235 471 949
internal_value=0 0.00503793 0.014131 -0.020295 -0.0243327 0.0174388 0.0112193 0.00204373 -0.0153048 -0.00717115 -0.00877743 0.0227825 -0.00390681 0.00204373
internal_weight=0 1713.39 423.511 424.671 324.102 359.365 190.16 1289.88 146.964 100.569 99.7289 72.3948 393.403 149.447
internal_count=29958 12118 1956 17840 14116 1627 878 10162 5367 3724 3620 319 3829 1420
is_linear=0
shrinkage=0.05


Tree=45
num_leaves=15
num_cat=0
split_feature=6 13 6 8 7 6 8 0 10 3 8 0 10 15
split_gain=84.6682 17.9451 10.7508 9.31208 8.86683 7.15471 7.01101 7.40501 7.99349 7.24603 6.99846 5.32455 5.25428 4.71644
threshold=0.44505000000000006 72.500000000000014 0.85335000000000016 0.17275000000000004 0.40395000000000009 0.85335000000000016 0.51305000000000012 1192.5000000000002 10.616350000000002 21.500000000000004 0.12345000000000002 1469.5000000000002 10.174850000000001 0.061350000000000009
decision_type=2 2 2 2 2 2 2 10 2 2 2 10 2 2
left_child=4 3 10 -2 11 6 7 8 -5 -10 -3 -1 -12 -14
right_child=1 2 -4 5 -6 -7 -8 -9 9 -11 12 -13 13 -15
leaf_value=-0.016533670369737009 -0.009827299528935976 -0.009827299528935976 0.021757799095260905 0.0073148065427598068 -0.009827299528935976 0.010014845805535477 0.0073148065427598068 -0.009827299528935976 -0.009827299528935976 0.0073148065427598068 0.021757799095260905 -0.029721512813176577 0.0073148065427598068 0.021757799095260905
leaf_weight=142.11908962577581 154.943379227072 26.788438118994236 198.49050337076187 172.21947435289621 102.56165452674031 283.53002789616585 156.03354887478054 194.0745644941926 137.58583448454738 52.048707477748394 51.576626189053059 179.52044516243041 249.62474327161908 40.767323069274426
leaf_count=5188 1538 177 946 1369 3786 1714 988 1809 1247 299 299 9027 1541 183
internal_value=0 0.00512834 0.0123981 0.00153618 -0.019791 0.00331294 0.000633688 -0.00210385 0.00212436 -0.00519068 0.00731481 -0.0239637 0.00935861 0.00731481
internal_weight=0 1717.68 567.248 1150.44 424.201 995.492 711.962 555.929 361.854 189.635 368.757 321.64 341.969 290.392
internal_count=30111 12110 3146 8964 18001 7426 5712 4724 2915 1546 2200 14215 2023 1724
is_linear=0
shrinkage=0.05


Tree=46
num_leaves=15
num_cat=0
split_feature=16 0 7 8 0 9 10 7 7 0 0 16 6 0
split_gain=71.6453 13.4103 11.795 11.4134 6.69757 6.10638 6.55324 5.89124 4.77605 5.3623 4.69545 3.72714 3.59793 3.4085
threshold=0.098250000000000018 888.50000000000011 0.61365000000000014 0.36695000000000005 1469.5000000000002 42.000000000000007 11.073850000000002 0.43015000000000009 0.75335000000000008 1571.5000000000002 1313.5000000000002 0.080650000000000013 0.93845000000000012 804.50000000000011
decision_type=2 8 2 2 10 2 2 2 2 10 10 2 2 10
left_child=1 12 5 4 -2 6 10 -7 9 -5 11 -3 -1 -14
right_child=3 2 -4 8 -6 7 -8 -9 -10 -11 -12 -13 13 -15
leaf_value=0.012541733013971698 -0.016329817187641395 0.00031376635805322991 0.012541733013971698 -0.010299460896519556 -0.034539262083963962 0.00031376635805322991 -0.010299460896519556 0.012541733013971698 0.012541733013971698 -0.024255634108721946 -0.010299460896519556 -0.010299460896519556 0.038294411305311582 0.012541733013971698
leaf_weight=270.98505562543869 90.173202574253082 527.4372904933989 224.78806510940194 120.27161761373281 123.78283895924687 239.16347744315863 133.5306849014014 148.16324821859598 8.2257201336324197 71.54496375657618 61.798201920464635 58.370891403406858 26.294794350862503 19.433196127414703
leaf_count=1167 3462 4089 1087 4234 6645 2271 1142 966 225 3285 619 557 120 87
internal_value=0 0.00419541 0.00207994 -0.0189624 -0.0269764 5.83109e-05 -0.00248646 0.00518364 -0.0102995 -0.0120899 -0.000347949 0.000313766 0.0134657 0.0267426
internal_weight=0 1709.96 1393.25 413.998 213.956 1168.46 781.137 387.327 200.042 191.817 647.606 585.808 316.713 45.728
internal_count=29956 12105 10731 17851 10107 9644 6407 3237 7744 7519 5265 4646 1374 207
is_linear=0
shrinkage=0.05


Tree=47
num_leaves=15
num_cat=0
split_feature=17 4 7 17 14 6 15 15 15 0 17 0 7 10
split_gain=71.0302 12.6642 12.1375 8.88433 6.62145 6.2139 10.3872 5.04499 4.8043 2.93093 2.49413 2.65223 1.92094 1.77298
threshold=0.84420000000000017 4.5000000000000009 0.40395000000000009 2.7533500000000006 4.5000000000000009 0.84915000000000007 0.045450000000000011 0.05995000000000001 0.091300000000000006 804.50000000000011 1.8677000000000001 1568.5000000000002 0.34035000000000004 10.868150000000002
decision_type=2 2 2 2 2 2 2 2 2 8 2 10 2 2
left_child=1 8 10 -4 5 6 -3 9 12 -6 -2 13 -1 -12
right_child=2 4 3 -5 7 -7 -8 -9 -10 -11 11 -13 -14 -15
leaf_value=-0.0043864587137186694 -0.017415996697077357 0.00035236897657393515 0.00035236897657393515 -0.024234981923944191 0.030448610436739972 0.011989684500802072 0.011989684500802072 0.040965524981488879 0.011989684500802072 0.011989684500802072 -0.024234981923944191 -0.035461130451359159 0.00035236897657393515 -0.035461130451359159
leaf_weight=229.00276897475123 99.662530019879341 216.26567632704973 71.328481778502464 26.66834718734026 21.921465262770653 327.26386281847954 93.551182791590691 23.841024592518806 12.809786852449177 45.958176806569099 89.954080611467361 73.269382273778319 752.1767761297524 40.484293807297945
leaf_count=2554 4595 1273 2688 1063 97 1804 401 104 95 199 3758 4001 5672 1750
internal_value=0 0.00402495 -0.0193062 -0.00395735 0.00902652 0.00719547 0.00210899 0.02153 0.000352369 0.0142082 -0.024235 -0.0274697 0.000352369 -0.024235
internal_weight=0 1722.79 401.367 97.9968 728.801 637.081 309.817 91.7207 993.989 67.8796 303.37 203.708 981.18 130.438
internal_count=30054 12199 17855 3751 3878 3478 1674 400 8321 296 14104 9509 8226 5508
is_linear=0
shrinkage=0.05


Tree=48
num_leaves=15
num_cat=0
split_feature=0 13 7 17 2 0 8 17 5 11 12 17 6 0
split_gain=68.9942 15.4989 11.4538 8.791 8.37393 7.34106 6.22755 5.54985 5.02385 3.59693 6.2769 4.02366 3.495 3.21988
threshold=1469.5000000000002 51.500000000000007 0.62185000000000012 1.8360500000000004 3.5000000000000004 1259.5000000000002 0.34725000000000006 0.18105000000000002 3.5000000000000004 17.500000000000004 0.066350000000000006 0.28505000000000008 0.78155000000000008 1361.5000000000002
decision_type=10 2 2 2 2 10 2 2 2 2 2 2 2 8
left_child=1 3 4 5 9 -1 -2 -4 -7 10 -3 -12 -10 -14
right_child=6 2 7 -5 -6 8 -8 -9 12 -11 11 -13 13 -15
leaf_value=0.0023675229786884744 -0.034142992285701106 0.0023675229786884744 0.032835020994297852 -0.014264748321268448 0.014216058586104417 -0.014264748321268448 -0.017561614439956318 0.014216058586104417 -0.014264748321268448 0.0023675229786884744 0.014216058586104417 0.0023675229786884744 0.0077032535347161387 -0.014264748321268448
leaf_weight=639.63496698997915 112.07073493674397 50.577091567218304 58.037433162331581 114.82106318883598 199.29000195860863 89.047045782208443 122.37624828331172 79.0792436003685 13.852057956159113 344.93429028987885 119.87233854085207 70.502522472292185 77.773310877382755 19.95985671132803
leaf_count=5558 6324 384 282 4415 842 1541 5556 376 117 2512 753 630 573 148
internal_value=0 0.0031134 0.00773286 -0.00135086 0.00538912 0.000428655 -0.0255992 0.0210177 -0.00796363 0.00236752 0.00846579 0.0137273 -0.000682734 0.00236752
internal_weight=0 1877.38 922.293 955.088 785.176 840.267 234.447 137.117 200.632 585.886 240.952 190.375 111.585 97.7332
internal_count=30011 18131 5779 12352 5121 7937 11880 658 2379 4279 1767 1383 838 721
is_linear=0
shrinkage=0.05


Tree=49
num_leaves=15
num_cat=0
split_feature=6 13 6 8 0 10 7 10 7 0 10 0 8 0
split_gain=55.3361 15.1546 10.6694 8.14599 7.89633 6.89322 6.38484 6.1135 5.07026 4.7103 3.87809 3.41431 3.31558 4.18342
threshold=0.39885000000000004 61.500000000000007 0.85335000000000016 0.22875000000000004 1530.5000000000002 9.9444000000000017 0.70400000000000007 10.888300000000003 0.79495000000000016 759.50000000000011 10.029300000000001 1198.5000000000002 0.17275000000000004 1105.5000000000002
decision_type=2 2 2 2 10 2 2 2 2 8 2 10 2 8
left_child=3 8 5 11 7 -3 9 -5 12 -7 -6 -1 -2 -14
right_child=1 2 -4 4 10 6 -8 -9 -10 -11 -12 -13 13 -15
leaf_value=-0.021584392149518298 -0.0092396700217174423 0.016581626752996844 0.016581626752996844 -0.0011672049866751388 -0.0011672049866751388 0.016581626752996844 0.016581626752996844 -0.021584392149518298 0.015521614198696236 -0.0011406607289502519 -0.026744664529561882 -0.03779271179344397 0.0061398552772859612 -0.0011672049866751388
leaf_weight=25.539748841896653 135.26038329862058 32.425054855644703 253.08109670877457 105.33428476750851 10.519203711301087 36.449127733707428 33.609166070818901 45.974704569205642 44.516134150326252 397.99489609524608 105.93791064061224 67.238372351974249 197.60922150313854 614.3166413269937
leaf_count=1043 1581 202 1294 3966 516 153 155 1799 203 2726 5381 3681 1273 6084
internal_value=0 0.00289466 0.00823464 -0.0185963 -0.0140805 0.00398909 0.002199 -0.00647863 -0.0011672 0.000453554 -0.0238181 -0.0313401 -0.0011672 -0.00114066
internal_weight=0 1745.26 753.559 360.544 267.766 500.478 468.053 151.309 991.702 434.444 116.457 92.7781 947.186 811.926
internal_count=30057 13671 4530 16386 11662 3236 3034 5765 9141 2879 5897 4724 8938 7357
is_linear=0
shrinkage=0.05


Tree=50
num_leaves=15
num_cat=0
split_feature=16 12 15 8 13 11 15 12 4 7 9 12 10 7
split_gain=48.5058 12.3723 9.06305 5.78517 5.49095 4.67128 3.9098 5.55146 3.86438 3.50539 3.92497 2.75008 2.15946 2.04621
threshold=0.15095000000000003 0.02945 0.043450000000000009 0.22875000000000004 176.50000000000003 87.500000000000014 0.077250000000000013 0.12095000000000002 7.5000000000000009 0.45545000000000008 42.000000000000007 0.012050000000000002 10.961850000000002 0.75335000000000008
decision_type=2 2 2 2 2 2 2 2 2 2 2 2 2 2
left_child=2 3 -1 -2 6 9 7 8 -4 10 -5 -12 -13 -7
right_child=1 -3 4 5 -6 13 -8 -9 -10 -11 11 12 -14 -15
leaf_value=0.0032367178000675756 -0.031161196725053172 0.0032367178000675756 0.0032367178000675756 -0.020017824633859614 0.032497177929090362 -0.024088087770734987 0.025571140507211994 0.023291649945723795 0.023291649945723795 0.0032367178000675756 -0.020017824633859614 0.0032367178000675756 -0.020017824633859614 0.0032367178000675756
leaf_weight=1455.893999716267 84.801252279430628 32.586468769237399 148.65890813618898 67.919554742053151 29.256741896271706 117.53719154000282 32.980321805924177 41.826196987181902 19.879585325717926 19.749030336737633 7.366508847102522 22.895809240639213 7.8356951642781487 3.7093319278210393
leaf_count=11329 4639 1264 673 3009 129 5822 208 183 86 771 335 1027 368 121
internal_value=0 -0.0168128 0.00323672 -0.0198784 0.012339 -0.015895 0.0097923 0.00720927 0.00323672 -0.00903405 -0.0128985 -1.9005e-05 0.00323672 -0.0228795
internal_weight=0 364.401 1728.5 331.814 272.602 247.013 243.345 210.365 168.538 125.767 106.018 38.098 30.7315 121.247
internal_count=29964 17356 12608 16092 1279 11453 1150 942 759 5510 4739 1730 1395 5943
is_linear=0
shrinkage=0.05


Tree=51
num_leaves=15
num_cat=0
split_feature=17 6 0 11 11 0 11 12 0 10 6 8 8 10
split_gain=54.8669 13.7888 10.59 11.3555 8.67536 7.58465 8.41748 7.28803 6.87325 6.83829 7.2424 4.9478 4.07741 3.24311
threshold=1.2316000000000003 0.85335000000000016 1192.5000000000002 17.500000000000004 61.500000000000007 1259.5000000000002 132.50000000000003 0.023750000000000004 1557.5000000000002 10.607650000000001 0.71375000000000011 0.32915000000000005 0.47545000000000004 11.060750000000002
decision_type=2 2 10 2 2 10 2 2 10 2 2 2 2 2
left_child=1 2 3 9 12 6 -6 8 11 -1 -11 -2 -3 -12
right_child=7 4 -4 -5 5 -7 -8 -9 -10 10 13 -13 -14 -15
leaf_value=0.014881124335868313 -0.02757865091584959 0.014881124335868313 -0.0071263117157871125 -0.0028846860518461541 0.014881124335868313 -0.0071263117157871125 -0.0028846860518461541 -0.0088462002590992579 -0.034629284760951839 -0.0028846860518461541 0.014881124335868313 -0.0088462002590992579 0.02716222272368031 -3.3798336633220726e-05
leaf_weight=201.9986249729991 56.471500813029706 248.83442357927561 364.185053197667 416.88580903224647 80.842596046626568 102.95326820760965 21.72254229336977 116.89871497265995 94.089135170914233 119.43848632276058 79.535797469317913 71.064580152742565 68.053265899419785 41.898365996778011
leaf_count=1427 2793 1280 4589 2874 529 711 152 5278 5335 1017 479 2870 347 252
internal_value=0 0.00291282 8.24413e-06 0.00303514 0.00970492 0.00169034 0.0112744 -0.0190531 -0.0243729 0.00860157 0.00288275 -0.0165957 0.0148811 0.0117326
internal_weight=0 1746.35 1223.94 859.757 522.406 205.518 102.565 338.524 221.625 442.871 240.873 127.536 316.888 121.434
internal_count=29933 13657 10638 6049 3019 1392 681 16276 10998 3175 1748 5663 1627 731
is_linear=0
shrinkage=0.05


Tree=52
num_leaves=15
num_cat=0
split_feature=0 15 6 8 0 10 7 6 7 17 4 0 16 17
split_gain=47.554 15.3173 11.5308 10.1573 12.8227 9.03151 7.35234 7.31895 5.12776 4.52791 3.9966 3.1376 2.43683 2.58197
threshold=1481.5000000000002 0.033750000000000009 0.14655000000000004 0.27365000000000006 1180.5000000000002 9.9444000000000017 0.61365000000000014 0.88325000000000009 0.40905000000000008 0.073950000000000002 3.5000000000000004 1499.5000000000002 0.31395000000000006 1.98675
decision_type=10 2 2 2 10 2 2 2 2 2 2 8 2 2
left_child=1 2 -1 4 -4 -5 -3 -7 12 -6 -9 -10 13 -2
right_child=8 6 3 5 9 7 -8 10 11 -11 -12 -13 -14 -15
leaf_value=-0.016679393860280327 -0.016679393860280327 0.011724817823881073 0.0018055123767094909 0.011724817823881073 0.0018055123767094909 0.0018055123767094909 0.031407053125408389 0.0018055123767094909 0.034312719144927104 -0.016679393860280327 0.011724817823881073 -0.016679393860280327 -0.038399537142709009 -0.031048564499749954
leaf_weight=95.679069362580776 43.700696781277657 295.01876045018435 266.55782628804445 69.857947399839759 10.006083045154808 734.83004525862634 46.802750051021576 27.653420060873032 3.6716842204332343 167.24054301716387 166.89094860106707 53.638422966003418 47.248780580237508 57.083878317847848
leaf_count=3838 2519 1490 2247 518 108 6528 250 164 145 2536 905 2396 2898 3490
internal_value=0 0.00216721 3.77768e-05 0.00115697 -0.00513015 0.00395171 0.0117248 0.00227102 -0.0231179 -0.0155122 0.0115328 -0.0166794 -0.0287326 -0.0238679
internal_weight=0 1880.54 1538.72 1443.04 443.804 999.232 341.822 929.374 205.343 177.247 194.544 57.3101 148.033 100.785
internal_count=30032 18584 16844 13006 4891 8115 1740 7597 11448 2644 1069 2541 8907 6009
is_linear=0
shrinkage=0.05


Tree=53
num_leaves=15
num_cat=0
split_feature=6 7 2 10 11 0 7 8 0 16 12 0 4 6
split_gain=45.1295 8.54178 9.03351 10.7717 7.70315 7.1864 6.8509 6.29033 6.95401 5.56614 4.62582 4.61171 2.653 2.03597
threshold=0.39615000000000006 0.49235000000000007 4.5000000000000009 10.018750000000002 18.500000000000004 1307.5000000000002 0.24075000000000002 0.38935000000000003 1210.5000000000002 0.34625000000000006 0.058650000000000008 1466.5000000000002 2.5000000000000004 0.085850000000000024
decision_type=2 2 2 2 2 10 2 2 10 2 2 10 2 2
left_child=5 11 3 -3 7 9 -7 -5 10 -1 -9 -2 -12 -8
right_child=1 2 -4 4 -6 6 13 8 -10 -11 12 -13 -14 -15
leaf_value=-0.00046392864774893924 -0.00046392864774893924 0.0241869834791744 0.025796358140988962 -0.00046392864774893924 -0.00046392864774893924 -0.036796973046158386 -0.035404942124194289 -0.00046392864774893924 -0.00046392864774893924 -0.017109820307917207 0.005347429816708534 -0.017109820307917207 0.0241869834791744 -0.017109820307917207
leaf_weight=48.34578800201416 995.96220599114895 64.917462930083275 55.78453853726387 41.25963220000267 406.15919300355017 59.390630413778126 15.081532821059225 15.112873278558252 15.664849273860453 43.504286492243409 19.453294657170773 25.003874353133142 101.56680086255074 167.49417304899544
leaf_count=1872 8279 351 264 220 2372 3644 805 84 95 1774 109 1429 549 8167
internal_value=0 0.00247783 0.0066446 0.00499956 0.00288402 -0.0175657 -0.0220736 0.0111079 0.0160584 -0.0055806 0.0202953 -0.000463929 0.0236006 -0.0171098
internal_weight=0 1740.88 719.919 664.134 599.217 333.816 241.966 193.057 151.798 91.8501 136.133 1020.97 121.02 182.576
internal_count=30014 13752 4044 3780 3429 16262 12616 1057 837 3646 742 9708 658 8972
is_linear=0
shrinkage=0.05


Tree=54
num_leaves=15
num_cat=0
split_feature=0 6 7 17 11 11 7 6 10 2 10 10 17 13
split_gain=41.3515 12.8014 12.2711 8.08818 7.86498 7.55178 7.11882 6.8623 4.42253 4.57681 4.39404 4.14665 2.9831 2.27127
threshold=1313.5000000000002 0.85335000000000016 0.25275000000000009 2.5677500000000006 95.500000000000014 18.500000000000004 0.45985000000000004 0.12725000000000003 10.434950000000002 4.5000000000000009 10.588650000000001 11.475250000000001 0.16455000000000003 113.50000000000001
decision_type=10 2 2 2 2 2 2 2 2 2 2 2 2 2
left_child=1 5 -2 7 6 -1 -3 -4 13 12 -7 -9 -10 -8
right_child=2 4 3 -5 -6 10 8 11 9 -11 -12 -13 -14 -15
leaf_value=0.0047570723578746399 -0.032752084847619663 0.0058279659436460754 -0.02634804142509925 -0.02634804142509925 0.00081450035850146648 0.00081450035850146648 0.03133970515143316 -0.0037995654774000704 0.019871487461902346 0.03133970515143316 -0.0037995654774000704 -0.02634804142509925 0.0058279659436460754 0.051102920233550488
leaf_weight=608.85124415159225 73.595990236848593 148.44772047549486 21.7662164401263 61.86325788218528 90.6205770149827 285.71441344358027 46.427405893802643 233.16479542013258 54.3022780418396 20.545691817998886 328.66556480899453 10.058678393252192 65.952718488872051 16.052247583866119
leaf_count=4639 4642 812 1106 3299 618 3393 226 6086 284 104 4102 233 354 83
internal_value=0 0.00345337 -0.0144224 -0.0102079 0.0107324 0.0008145 0.0142078 -0.00635503 0.0202688 0.0151698 -0.00309397 -0.00379957 0.0111349 0.0313397
internal_weight=0 1665.58 400.449 326.853 442.349 1223.23 351.728 264.99 203.28 140.801 614.38 243.223 120.255 62.4797
internal_count=29981 14615 15366 10724 2481 12134 1863 7425 1051 742 7495 6319 638 309
is_linear=0
shrinkage=0.05


Tree=55
num_leaves=15
num_cat=0
split_feature=0 6 8 7 16 13 8 10 7 6 0 0 16 7
split_gain=33.4171 10.9171 9.7693 7.74882 5.83248 3.84866 6.35038 4.27709 3.66104 3.34456 3.06614 2.63569 2.58647 2.25425
threshold=1469.5000000000002 0.85335000000000016 0.51305000000000012 0.44935000000000008 0.049650000000000007 75.500000000000014 0.25095000000000006 10.578950000000003 0.20045000000000004 0.28975000000000006 804.50000000000011 1733.5000000000002 0.29595000000000005 0.42295000000000005
decision_type=10 2 2 2 2 2 2 2 2 2 8 8 2 2
left_child=1 2 8 9 -4 6 -3 10 -1 12 -7 -5 -2 -12
right_child=3 5 4 11 -6 7 -8 -9 -10 -11 13 -13 -14 -15
leaf_value=-0.015175890029839743 -0.023449295905648163 -0.0027213625816330366 0.0077885957438506518 0.0059130585702061624 -0.0027213625816330366 0.040935186601751807 0.0082741585145312043 0.0083155638002068172 -0.0027213625816330366 -0.015627272973464754 0.0083155638002068172 -0.015627272973464754 -0.041383772292312951 0.025902923641388
leaf_weight=58.052904099225998 59.196366903372109 86.025077015161514 146.5367961153388 35.678567064926028 88.076307440176606 19.601385042071342 257.25690639764071 101.24666076153517 1043.8664409182966 67.101790298707783 22.70034446567297 5.26080591790378 36.187831467948854 33.362692177295685
leaf_count=2060 3667 709 839 1542 1288 93 1451 486 10880 4107 103 259 2338 165
internal_value=0 0.00165058 -0.00074244 -0.0196483 0.0077886 0.0077886 0.0077886 0.0151657 -0.00272136 -0.0245573 0.0241039 -0.00272136 -0.0306122 0.0176049
internal_weight=0 1856.73 1336.53 203.425 234.613 520.193 343.282 176.911 1101.92 162.486 75.6644 40.9394 95.3842 56.063
internal_count=29987 18074 15067 11913 2127 3007 2160 847 12940 10112 361 1801 6005 268
is_linear=0
shrinkage=0.05


Tree=56
num_leaves=15
num_cat=0
split_feature=16 11 6 12 10 12 5 10 17 13 7 1 7 11
split_gain=29.1063 8.21996 9.63583 6.84241 7.21537 5.35062 12.334 6.69864 5.32369 4.42984 3.87174 4.28194 3.24993 5.05373
threshold=0.098250000000000018 132.50000000000003 0.85335000000000016 0.10085000000000001 11.268150000000002 0.026450000000000005 2.5000000000000004 10.018750000000002 0.073950000000000002 62.500000000000007 0.21775000000000003 1.0000000180025095e-35 0.49235000000000007 18.500000000000004
decision_type=2 2 2 2 2 2 2 2 2 2 2 2 2 2
left_child=1 2 3 4 5 -1 7 -7 -9 -4 11 -2 -10 -14
right_child=10 -3 9 -5 -6 6 -8 8 12 -11 -12 -13 13 -15
leaf_value=-0.0090953272545887948 -0.01320967578411949 -0.01320967578411949 0.0071298982370129622 0.0071298982370129622 -0.01320967578411949 0.0071298982370129622 0.0071298982370129622 0.0071298982370129622 -0.0090953272545887948 0.014576633975263341 -0.01320967578411949 -0.034046322304847165 0.0071298982370129622 -0.0090953272545887948
leaf_weight=132.5030559822917 37.417385883629322 76.078531321138144 244.94021729379892 313.38776045851409 75.727549113333225 38.539722770452499 260.15961329638958 19.404701635241508 216.18172722309828 239.21643106639385 265.95921743195504 46.754099109210074 56.945130452513695 30.925190508365631
leaf_count=1069 1662 664 1529 2265 591 292 1717 139 2073 1229 13098 3150 329 180
internal_value=0 0.00259887 0.00335247 0.00084712 -0.00152972 -1.13942e-05 0.00193474 -0.00433392 -0.00696976 0.00925719 -0.0132097 -0.0239658 -0.0088464 0.000525845
internal_weight=0 1704.01 1627.93 1143.77 830.387 754.659 622.156 361.996 323.457 484.157 350.131 84.1715 304.052 87.8703
internal_count=29987 12077 11413 8655 6390 5799 4730 3013 2721 2758 17910 4812 2582 509
is_linear=0
shrinkage=0.05


Tree=57
num_leaves=15
num_cat=0
split_feature=0 10 7 15 7 10 8 11 8 0 6 10 0 7
split_gain=27.6652 9.81974 8.35212 7.9616 8.8949 6.37642 7.29903 5.38301 5.11938 3.05001 2.95551 2.63781 3.20934 2.46331
threshold=1481.5000000000002 9.834950000000001 0.54065000000000007 0.043450000000000009 0.54435000000000011 10.657650000000002 0.43305000000000005 10.500000000000002 0.34725000000000006 1116.5000000000002 0.92465000000000008 9.8755000000000024 1571.5000000000002 0.46205000000000007
decision_type=10 2 2 2 2 2 2 2 2 8 2 2 8 2
left_child=1 2 9 5 -5 -3 7 -7 -2 -1 -9 -10 -13 -14
right_child=8 3 -4 4 -6 6 -8 10 11 -11 -12 12 13 -15
leaf_value=0.024214407860144827 -0.027538346831491631 0.0027411808728869738 0.044339595230466489 0.0034899800907890709 0.024550951347302695 0.0025475520824506269 0.0025475520824506269 -0.010809270369716647 0.0027411808728869738 0.0034899800907890709 0.0014290251847120228 -0.00088624563186414913 -0.026772821236022194 -0.010809270369716647
leaf_weight=19.638912476599216 85.128658297471702 744.5732248313725 21.979886621236801 197.78133873082697 66.356106320396066 47.37431950122118 289.68469489738345 383.93570246547461 4.8973419182002536 34.881188713014126 55.340099930763245 33.846907054074109 44.653525518253446 18.815125523135066
leaf_count=112 6063 7846 122 1035 347 387 2620 5158 248 491 374 1655 2663 882
internal_value=0 0.00159171 0.0190157 0.000834758 0.00819152 -0.00056277 -0.003731 -0.00746595 -0.0185169 0.00819152 -0.00935372 -0.0108093 -0.0133806 -0.0199266
internal_weight=0 1861.55 76.5 1785.05 264.137 1520.91 776.335 486.65 187.342 54.5201 439.276 102.213 97.3156 63.4687
internal_count=30003 18492 725 17767 1382 16385 8539 5919 11511 603 5532 5448 5200 3545
is_linear=0
shrinkage=0.05


Tree=58
num_leaves=15
num_cat=0
split_feature=17 7 7 2 8 10 4 5 3 16 7 8 1 10
split_gain=31.388 10.1241 7.9474 6.48895 8.02094 5.48158 5.12394 8.60303 4.77167 4.31583 2.87299 2.05333 4.44732 2.01551
threshold=1.8677000000000001 0.71905000000000008 0.73575000000000013 3.5000000000000004 0.12345000000000002 11.093900000000001 5.5000000000000009 2.5000000000000004 20.500000000000004 0.35105000000000003 0.21985000000000002 0.26975000000000005 1.0000000180025095e-35 11.475250000000001
decision_type=2 2 2 2 2 2 2 2 2 2 2 2 2 2
left_child=1 3 5 4 -1 11 -5 -8 -3 10 -6 12 -2 -12
right_child=2 8 -4 6 9 -7 7 -9 -10 -11 13 -13 -14 -15
leaf_value=-0.014683638472316393 -0.014683638472316393 0.015574401798827027 0.015574401798827027 0.00039964886057701292 -0.014683638472316393 -0.037535724409554272 0.00039964886057701292 0.015574401798827027 0.036570065270179822 -0.014683638472316393 0.00039964886057701292 -0.014683638472316393 -0.035017318171305524 -0.010703333453794373
leaf_weight=93.288907990790904 19.1933822222054 95.46882382966578 5.199681492522358 96.504044979810715 28.166828883811831 36.24794923979789 38.280212074518204 124.22782309353352 26.611732244491577 19.676778899505734 1257.2596976058558 120.19494181312621 40.313965283334255 45.817896575666964
leaf_count=1269 888 524 179 419 1003 2044 167 546 146 1020 12456 6041 2839 481
internal_value=0 0.00172575 -0.0181789 0.000724574 -0.000584144 -0.0199121 0.00799596 0.0134421 0.0155744 0.000399649 0.000399649 -0.0161692 -0.02443 0.000399649
internal_weight=0 1825.3 221.15 1703.22 1444.21 215.95 259.012 162.508 122.081 1350.92 1331.24 179.702 59.5073 1303.08
internal_count=30022 18031 11991 17361 16229 11812 1132 713 670 14960 13940 9768 3727 12937
is_linear=0
shrinkage=0.05


Tree=59
num_leaves=15
num_cat=0
split_feature=0 15 6 9 7 7 17 6 7 13 10 7 6 10
split_gain=25.8241 8.45967 8.15806 5.90909 7.1838 4.9052 4.82057 4.66198 3.48513 4.71467 3.17215 2.56012 2.56118 2.26205
threshold=1481.5000000000002 0.091300000000000006 0.70595000000000008 42.000000000000007 0.59375000000000011 0.20045000000000004 2.5522500000000004 0.76275000000000015 0.36825000000000008 123.50000000000001 10.872850000000001 0.24405000000000002 0.39885000000000004 10.257250000000001
decision_type=10 2 2 2 2 2 2 2 2 2 2 2 2 2
left_child=1 2 5 4 -4 -1 -7 -6 -5 -10 -11 12 -2 -8
right_child=11 -3 3 8 7 6 13 -9 9 10 -12 -13 -14 -15
leaf_value=-0.018217717742438091 -0.036697826938430315 0.033563993193728631 -0.0015792450845633949 0.0011226195341584337 -0.0015792450845633949 -0.0015792450845633949 -0.0015792450845633949 0.0089904658812100455 0.0089904658812100455 0.033563993193728631 0.0089904658812100455 -0.018217717742438091 -0.018217717742438091 -0.018217717742438091
leaf_weight=50.874953146092594 38.43632775824517 19.331399042159319 615.52131289243698 100.74320971593261 41.69506461173296 538.98737241700292 7.9392639053985468 200.62311620265245 198.65172386914492 32.590390890836716 18.81077653169632 136.39864735305309 5.2224122816696754 30.232558492571115
leaf_count=2056 3039 205 4132 780 205 6991 330 1002 1296 142 82 8013 394 1323
internal_value=0 0.00148759 0.0011319 0.00353307 0.00129352 -0.00348737 -0.00215967 0.00856722 0.00899047 0.0121432 0.0255463 -0.0182947 -0.0304966 -0.0182177
internal_weight=0 1856 1836.67 1208.64 857.839 628.034 577.159 242.318 350.796 250.053 51.4012 180.057 43.6587 38.1718
internal_count=29990 18544 18339 7639 5339 10700 8644 1207 2300 1520 224 11446 3433 1653
is_linear=0
shrinkage=0.05


Tree=60
num_leaves=15
num_cat=0
split_feature=17 3 7 6 7 7 0 13 5 7 9 7 6 13
split_gain=27.7054 9.18542 7.10814 8.01628 5.51495 4.81942 7.26423 2.72827 2.30456 2.17535 3.08483 2.12456 1.94549 1.22476
threshold=1.5710000000000002 5.5000000000000009 0.56835000000000013 0.75525000000000009 0.24595000000000003 0.30565000000000003 1129.5000000000002 77.500000000000014 2.5000000000000004 0.62845000000000006 30.000000000000004 0.68915000000000015 0.93845000000000012 58.500000000000007
decision_type=2 2 2 2 2 2 10 2 2 2 2 2 2 2
left_child=1 4 12 -4 6 -2 -1 -6 -5 10 -10 -7 13 -3
right_child=5 2 3 8 7 11 -8 -9 9 -11 -12 -13 -14 -15
leaf_value=-0.00021916709410048382 -0.022244931036994105 -0.00021916709410048382 0.0036910685148916419 0.0097950737443659244 -0.00021916709410048382 -0.011073594230261753 -0.022244931036994105 0.0036910685148916419 0.0097950737443659244 0.036870603391225241 0.031393423649335915 -0.00021916709410048382 0.0097950737443659244 0.0036910685148916419
leaf_weight=19.099238792434335 129.71144857257605 211.52170232497156 56.82371024787426 23.499068424105644 875.62712121009827 118.93931819219142 34.764234389178455 75.581842683255672 16.228686809539795 38.060025282204151 23.444078654050827 9.0534737668931466 58.618804849684238 344.29929761961102
leaf_count=268 7820 1716 284 125 9130 6086 1287 595 82 210 118 335 269 1766
internal_value=0 0.00204063 0.00613669 0.015561 -0.00111055 -0.0154715 -0.0154715 -0.000219167 0.0240718 0.0282086 0.0191964 -0.00848796 0.00369107 0.00369107
internal_weight=0 1777.57 772.495 158.056 1005.07 257.704 53.8635 951.209 101.232 77.7328 39.6728 127.993 614.44 555.821
internal_count=30091 15850 4570 819 11280 14241 1555 9725 535 410 200 6421 3751 3482
is_linear=0
shrinkage=0.05


Tree=61
num_leaves=15
num_cat=0
split_feature=16 13 8 12 10 0 0 8 6 6 0 10 15 8
split_gain=20.6132 7.85737 7.19539 6.28606 5.57498 6.53555 4.23884 3.51955 3.98792 3.3625 3.25029 3.78188 2.3244 1.8565
threshold=0.080650000000000013 59.500000000000007 0.39335000000000003 0.071750000000000022 10.597850000000001 804.50000000000011 1177.5000000000002 0.47545000000000004 0.91130000000000011 0.87925000000000009 1105.5000000000002 10.961850000000002 0.071650000000000005 0.54215000000000013
decision_type=2 2 2 2 2 8 10 2 2 2 10 2 2 2
left_child=1 6 3 10 5 9 -1 8 12 -3 11 -2 -7 -6
right_child=2 4 -4 -5 13 7 -8 -9 -10 -11 -12 -13 -14 -15
leaf_value=0.0027251406018912435 -0.0022137003785910984 0.017678050147611393 -0.0022137003785910984 -0.0022137003785910984 0.0027251406018912435 0.0027251406018912435 -0.0022137003785910984 0.017678050147611393 0.017678050147611393 0.042274543386597446 -0.023973838061384579 -0.023973838061384579 0.017678050147611393 0.01365467696199605
leaf_weight=429.96428529918194 40.04934305138886 40.227045923471451 207.37161751464009 64.474714756943285 359.99867908656597 161.84587531536818 416.41280370391905 71.494067661464214 36.835102893412113 20.772121131420135 127.30189317837358 12.646635476499794 12.318077951669691 37.915736213326454
leaf_count=3077 1650 177 7278 1305 2192 1087 3468 389 201 103 8367 579 55 208
internal_value=0 0.00301018 -0.00908256 -0.0148763 0.00676456 0.0114225 -0.000282674 0.00816066 0.00486764 0.026153 -0.0196581 -0.00898005 0.00272514 0.00272514
internal_weight=0 1587.78 451.844 244.473 741.407 343.492 846.377 282.493 210.999 60.9992 179.998 52.696 174.164 397.914
internal_count=30136 10957 19179 11901 4412 2012 6545 1732 1343 280 10596 2229 1142 2400
is_linear=0
shrinkage=0.05


Tree=62
num_leaves=15
num_cat=0
split_feature=17 0 7 0 15 0 8 16 10 7 9 0 0 7
split_gain=26.3344 9.90519 6.8116 5.96057 5.67132 5.52287 4.32709 3.57882 3.56099 3.50736 3.56181 3.46359 3.07192 2.1684
threshold=1.8677000000000001 1259.5000000000002 0.46685000000000004 1554.5000000000002 0.091300000000000006 902.50000000000011 0.46205000000000007 0.032850000000000011 11.289350000000002 0.46205000000000007 42.000000000000007 1625.5000000000002 700.00000000000011 0.71905000000000008
decision_type=2 10 2 10 2 10 2 2 2 2 2 8 8 2
left_child=1 4 -3 -2 5 12 -7 -8 -4 10 -5 -11 -1 -14
right_child=3 2 8 9 -6 6 7 -9 -10 11 -12 -13 13 -15
leaf_value=0.026097126503628911 -0.012930830116130977 -0.012930830116130977 0.00054452272634621221 -0.042431143267545254 0.036409601075148512 0.00054452272634621221 0.0078827612728150469 0.00054452272634621221 -0.012930830116130977 0.027957341692466931 -0.016694964778627891 -0.016694964778627891 0.0078827612728150469 0.026097126503628911
leaf_weight=22.335705280303955 129.56902703270316 177.54866570606828 181.63614816404879 41.389710589312017 11.795227577909825 706.37272396497428 175.66464280337095 139.92300893738866 15.729055076837538 4.7061331104487136 22.54629083070904 9.1556914877146482 368.429393902421 15.678984090685843
leaf_count=104 6434 5703 1644 3119 93 5907 1005 946 152 230 1703 474 2391 96
internal_value=0 0.00137475 -0.00585445 -0.0173926 0.00325942 0.0029604 0.000996931 0.00644639 0.000544523 -0.0285473 -0.0337524 -0.0129308 0.00788276 0.00788276
internal_weight=0 1815.11 374.914 207.367 1440.2 1428.4 1021.96 315.588 197.365 77.7978 63.936 13.8618 406.444 384.108
internal_count=30001 18041 7499 11960 10542 10449 7858 1951 1796 5526 4822 704 2591 2487
is_linear=0
shrinkage=0.05


Tree=63
num_leaves=15
num_cat=0
split_feature=17 15 10 6 0 12 15 0 0 7 10 10 14 3
split_gain=20.107 8.44898 7.94998 7.62228 5.00613 8.34844 3.95406 3.8335 3.2284 3.18111 1.43175 1.34452 0.788964 0.528433
threshold=1.8677000000000001 0.064250000000000015 9.7935000000000016 0.29255000000000003 818.50000000000011 0.079950000000000007 0.07085000000000001 1625.5000000000002 1251.5000000000002 0.61365000000000014 10.029300000000001 10.971650000000002 4.5000000000000009 48.500000000000007
decision_type=2 2 2 2 10 2 2 10 10 2 2 2 2 2
left_child=1 2 -1 8 5 -5 7 11 -4 12 -9 -2 -3 -7
right_child=6 9 3 4 -6 13 -8 10 -10 -11 -12 -13 -14 -15
leaf_value=0.013994819724736483 -0.015030994668314646 0.013994819724736483 -0.00050100786384959725 -0.00050100786384959725 -0.00050100786384959725 0.0065386768310609555 0.013994819724736483 -0.015030994668314646 -0.015030994668314646 0.035250283649118641 -0.032340029744546646 -0.026914389849031641 0.027934303372730653 0.013994819724736483
leaf_weight=58.217867213301361 115.04215105809271 89.402824196964502 16.491517420858145 83.442361626774073 1358.0941005917266 47.226568141952157 3.5731045939028254 4.5997066041454664 55.101236376911402 17.036149492487311 45.251738859340549 36.41902853641659 17.677358448505402 68.562533564865589
leaf_count=553 6086 558 640 478 11957 269 202 328 3066 95 3345 2064 77 312
internal_value=0 0.00145811 0.000528084 -0.000152427 0.000586795 0.00796745 -0.015031 -0.016125 -0.015031 0.0139948 -0.0290905 -0.015031 0.0139948 0.0139948
internal_weight=0 1811.25 1687.14 1628.92 1557.33 199.231 204.886 201.313 71.5928 124.116 49.8514 151.461 107.08 115.789
internal_count=30030 18005 17275 16722 13016 1059 12025 11823 3706 730 3673 8150 635 581
is_linear=0
shrinkage=0.05


Tree=64
num_leaves=15
num_cat=0
split_feature=0 15 7 6 11 10 7 15 7 10 12 0 9 9
split_gain=20.1353 11.5326 8.64663 8.07209 7.55104 6.23433 4.8707 6.05773 3.85022 3.80638 2.8445 2.57113 2.36783 4.21
threshold=1313.5000000000002 0.091300000000000006 0.32195000000000007 0.85335000000000016 18.500000000000004 10.470850000000002 0.56355000000000011 0.011150000000000002 0.31565000000000004 11.353450000000002 0.078450000000000006 1726.5000000000002 42.000000000000007 42.000000000000007
decision_type=10 2 2 2 2 2 2 2 2 2 2 8 2 2
left_child=1 3 -2 4 13 -6 12 -8 -7 11 -9 -4 -5 -1
right_child=2 -3 9 6 5 8 7 10 -10 -11 -12 -13 -14 -15
leaf_value=0.0034829129660705824 -0.02186523005966276 0.042704868605736274 -0.0019875194483862583 0.0041210509555825118 0.0034829129660705824 -0.017613192390038512 0.0086580479927080203 0.013162194657241369 -0.0051430161895726243 -0.02186523005966276 0.042704868605736274 -0.02186523005966276 0.0086580479927080203 0.0086580479927080203
leaf_weight=431.72795720398426 110.75756655447185 16.818496476858854 224.04078152868897 196.17297258973122 223.84490585327148 81.74419754743576 78.487373948097229 13.485186286270617 300.77167021669447 15.970677125267683 24.464083224534988 13.737383943982421 124.89113366603851 167.56485966965556
leaf_count=3185 7851 149 6202 1160 2625 2249 372 79 2592 493 153 876 711 1383
internal_value=0 0.0026925 -0.0102701 0.00225723 0.000144275 -0.00378646 0.00806645 0.0167881 -0.00514302 -0.00514302 0.0329487 -0.00514302 0.00486118 0.00412105
internal_weight=0 1659.97 364.506 1643.15 1205.65 606.361 437.501 116.437 382.516 253.749 37.9493 237.778 321.064 599.293
internal_count=30080 14658 15422 14509 12034 7466 2475 604 4841 7571 232 7078 1871 4568
is_linear=0
shrinkage=0.05


Tree=65
num_leaves=15
num_cat=0
split_feature=0 7 13 15 10 10 5 12 7 4 12 0 7 7
split_gain=17.8688 9.87953 6.0164 5.98453 5.27429 5.16622 5.59469 4.73306 6.68139 4.76738 4.48287 4.44177 3.51836 3.23986
threshold=1313.5000000000002 0.25275000000000009 190.50000000000003 0.091300000000000006 11.455550000000002 9.834950000000001 2.5000000000000004 0.026650000000000004 0.54435000000000011 4.5000000000000009 0.10085000000000001 1571.5000000000002 0.41075000000000006 0.49025000000000007
decision_type=10 2 2 2 2 2 2 2 2 2 2 8 2 2
left_child=2 -2 3 5 11 12 10 9 -9 -8 -7 -3 -1 -13
right_child=1 4 -4 -5 -6 6 7 8 -10 -11 -12 13 -14 -15
leaf_value=0.0024130133455597487 -0.029440633282203005 -0.0017103620098504304 0.024710827646335979 0.024710827646335979 -0.029440633282203005 -0.0054601343733385981 -0.0031563257168239255 0.0024130133455597487 0.014157828384394484 0.0024130133455597487 0.0024130133455597487 -0.021040280955769375 0.022555249656294366 -0.0017103620098504304
leaf_weight=24.572916792705655 57.864651279523969 211.63861766271293 26.708207249641418 17.600714139640331 12.934439212083815 482.70355600677431 147.14093808829784 424.98508536443114 145.11854693293571 157.64803142845631 187.23888635262847 61.273803887888789 44.529271507635713 14.722238252870737
leaf_count=301 4661 5196 124 153 455 6699 1071 2639 756 1097 1570 4314 260 736
internal_value=0 -0.0106905 0.00160622 0.0012131 -0.00699511 0.0008822 0.000279592 0.00291122 0.00559681 -0.00211402 -0.00315633 -0.00546013 0.0141578 -0.0157449
internal_weight=0 358.434 1658.25 1631.54 300.569 1613.94 1544.84 874.893 570.104 304.789 669.942 287.635 69.1022 75.996
internal_count=30032 15362 14670 14546 10701 14393 13832 5563 3395 2168 8269 10246 561 5050
is_linear=0
shrinkage=0.05


Tree=66
num_leaves=15
num_cat=0
split_feature=0 5 12 7 11 15 10 16 12 10 7 10 17 17
split_gain=15.3112 6.56352 7.74863 12.7882 6.03209 5.70162 5.16923 4.00438 3.94091 4.7315 3.70793 3.29495 3.27724 3.03224
threshold=1481.5000000000002 2.5000000000000004 0.079950000000000007 0.68915000000000015 20.500000000000004 0.045450000000000011 10.723850000000002 0.29145000000000004 0.10085000000000001 10.018750000000002 0.45325000000000004 10.189750000000002 0.073950000000000002 0.19425000000000003
decision_type=10 2 2 2 2 2 2 2 2 2 2 2 2 2
left_child=1 8 -3 4 5 6 -4 -2 9 -1 -9 -6 -11 -7
right_child=7 2 3 -5 11 13 -8 10 -10 12 -12 -13 -14 -15
leaf_value=0.00076365041079431159 -0.0082730042989169715 0.00076365041079431159 0.015702447848839746 0.04793156507429442 0.015702447848839746 0.034258429581082626 0.00076365041079431159 -0.030997222319715568 0.00076365041079431159 0.00076365041079431159 -0.0082730042989169715 0.00076365041079431159 -0.0079836633723790514 0.015702447848839746
leaf_weight=51.934872122481465 97.697517734020948 708.43737104907632 87.741677720099688 19.734461702406406 19.488587781786919 38.76848129183054 67.637815922498703 49.866286768577993 220.20336737297475 29.62923951074481 13.797180926427243 102.90124160423875 481.19443041831255 21.600573651492596
leaf_count=765 6789 4858 572 110 97 178 446 3980 2351 199 700 529 8391 97
internal_value=0 0.00124596 0.00379697 0.00978279 0.00742158 0.0125508 0.00739686 -0.014768 -0.00222865 -0.00470703 -0.0244531 0.00076365 -0.00672482 0.0254793
internal_weight=0 1849.27 1066.31 357.873 338.138 215.749 155.379 161.361 782.962 562.759 63.6635 122.39 510.824 60.3691
internal_count=30062 18593 6887 2029 1919 1293 1018 11469 11706 9355 4680 626 8590 275
is_linear=0
shrinkage=0.05


Tree=67
num_leaves=15
num_cat=0
split_feature=0 7 15 6 17 2 10 0 6 10 16 10 7 14
split_gain=14.8311 7.59723 5.77932 5.13914 4.96965 4.24351 5.15199 4.65587 3.10078 2.61116 2.01652 2.54413 1.71468 1.54042
threshold=1313.5000000000002 0.38055000000000005 0.091300000000000006 0.94325000000000014 2.7052500000000004 4.5000000000000009 10.018750000000002 1183.5000000000002 0.14975000000000002 11.279550000000002 0.31595000000000006 10.751450000000002 0.17255000000000001 2.5000000000000004
decision_type=10 2 2 2 2 2 2 10 2 2 2 2 2 2
left_child=2 10 3 5 8 6 7 -1 -3 -10 -2 -12 -8 -5
right_child=1 4 -4 13 -6 -7 12 -9 9 -11 11 -13 -14 -15
leaf_value=0.0096408895512959513 -0.01789352176196311 -0.01789352176196311 0.029276326389418319 0.0096408895512959513 -0.01789352176196311 0.0096408895512959513 -0.015651220465480915 -0.0001637526885895977 -0.0001637526885895977 -0.01789352176196311 -0.01789352176196311 -0.044676115940221126 -0.0001637526885895977 0.020150626362637158
leaf_weight=91.545052876695991 115.92529809847474 13.714258337393401 17.689670033752918 90.81262432038784 21.69896895531565 116.13447590172291 24.067100625485182 42.023709798231721 150.83618825953454 14.053484222851692 23.286002044565976 15.787763183005152 1234.0415832530707 36.590806663036346
leaf_count=814 7311 692 150 536 1211 519 1111 338 2818 296 1834 1280 10964 179
internal_value=0 -0.00961818 0.0016282 0.0013114 -0.00315746 0.000493333 -0.000163753 0.00962627 -0.000163753 -0.000163753 -0.0178935 -0.0294603 -0.000163753 0.0109139
internal_weight=0 355.302 1652.91 1635.22 200.303 1507.81 1391.68 133.569 178.604 164.89 154.999 39.0738 1258.11 127.403
internal_count=30053 15442 14611 14461 5017 13746 13227 1152 3806 3114 10425 3114 12075 715
is_linear=0
shrinkage=0.05


Tree=68
num_leaves=15
num_cat=0
split_feature=6 12 7 0 13 16 10 7 10 16 7 8 13 16
split_gain=14.7177 9.4247 6.52478 5.75577 4.78797 3.75923 3.66087 3.6443 3.03491 3.61226 2.8398 2.21728 2.0843 1.14406
threshold=0.28975000000000006 0.21225000000000002 0.40725000000000006 1255.5000000000002 190.50000000000003 0.41185000000000005 9.8146000000000004 0.42115000000000008 10.868150000000002 0.27875000000000005 0.73575000000000013 0.26595000000000008 26.500000000000004 0.30225000000000007
decision_type=2 2 2 10 2 2 2 2 2 2 2 2 2 2
left_child=2 4 3 5 6 8 7 -2 -1 -10 -8 -3 -9 -5
right_child=1 11 -4 13 -6 -7 10 12 9 -11 -12 -13 -14 -15
leaf_value=0.00088483982362275854 0.00088483982362275854 0.021610267293796535 0.00088483982362275854 -0.026103388530049745 0.021610267293796535 -0.026103388530049745 0.00088483982362275854 0.009686103729380344 0.00088483982362275854 -0.026103388530049745 0.009686103729380344 0.067786480733360008 0.021610267293796535 -0.037068040933580633
leaf_weight=37.855417788028717 25.942111550830305 2.5123642794787866 49.800841571763158 61.744409781880677 26.868465065956116 11.795551093295215 1595.1070702858269 13.025061463937162 4.4170363955199745 12.31843179091811 105.3290918264538 5.7012161072343588 30.444589540362358 28.45782405603677
leaf_count=1689 371 109 2315 4347 126 562 16383 107 203 631 583 181 164 2335
internal_value=0 0.001144 -0.0129198 -0.0179382 0.00088484 -0.00662104 0.00088484 0.0124033 -0.000777224 -0.0200079 0.00088484 0.0515853 0.0212556 -0.0261034
internal_weight=0 1804.93 206.39 156.589 1796.72 66.3864 1769.85 69.4118 54.5909 16.7355 1700.44 8.21358 43.4697 90.2022
internal_count=30106 18024 12082 9767 17734 3085 17608 642 2523 834 16966 290 271 6682
is_linear=0
shrinkage=0.05


Tree=69
num_leaves=15
num_cat=0
split_feature=6 7 10 7 12 12 4 12 10 0 0 6 7 17
split_gain=11.7896 8.84073 6.36905 4.19097 4.72241 3.65738 3.73524 3.35402 3.23854 2.59692 2.54492 2.34649 2.16615 1.77969
threshold=0.70595000000000008 0.48325000000000007 11.238950000000001 0.66450000000000009 0.026850000000000002 0.020550000000000002 1.5000000000000002 0.095050000000000009 10.392750000000001 1565.5000000000002 1101.5000000000002 0.82735000000000014 0.38785000000000008 2.7533500000000006
decision_type=2 2 2 2 2 2 2 2 2 10 8 2 2 2
left_child=1 2 5 12 11 6 9 10 -6 -1 -4 -5 -2 -3
right_child=3 13 7 4 8 -7 -8 -9 -10 -11 -12 -13 -14 -15
leaf_value=-0.01281668542631615 -0.0019759641663973679 0.0027297961254518495 -0.01281668542631615 0.0027297961254518495 0.038176844728356751 -0.0043402554434831975 -0.0043402554434831975 -0.0043402554434831975 0.013438459251485234 -0.031047361220300551 -0.03717227153096439 0.013438459251485234 0.0027297961254518495 -0.0043402554434831975
leaf_weight=54.029390797019005 300.09453028440475 184.0024338401854 5.7029133439064017 18.44238156080246 18.968057438731194 412.43110517412424 29.312037443742156 13.115933890454469 45.325619466602802 32.21398904453963 34.545192569494247 45.831370368599892 795.47529865801334 10.801107952371238
leaf_count=3043 2346 2208 55 88 97 9937 1945 234 244 2704 1656 196 4796 522
internal_value=0 -0.00514316 -0.00825579 0.0027298 0.0117255 -0.00656322 -0.0143919 -0.0245735 0.0212097 -0.0199041 -0.0316037 0.0027298 0.0027298 0.0027298
internal_weight=0 776.154 581.351 1224.14 128.567 527.987 115.555 53.364 64.2937 86.2434 40.2481 64.2738 1095.57 194.804
internal_count=30071 22304 19574 7767 625 17629 7692 1945 341 5747 1711 284 7142 2730
is_linear=0
shrinkage=0.05


Tree=70
num_leaves=15
num_cat=0
split_feature=17 10 0 7 9 7 8 7 11 0 10 7 0 13
split_gain=10.4107 8.25906 6.756 6.26166 7.96464 6.01091 5.46526 5.08543 3.40854 3.39214 3.95881 3.03811 2.84056 2.2287
threshold=1.8677000000000001 9.7935000000000016 888.50000000000011 0.66450000000000009 42.000000000000007 0.41595000000000004 0.34725000000000006 0.34895000000000004 14.500000000000002 1554.5000000000002 10.288000000000002 0.46205000000000007 1469.5000000000002 65.500000000000014
decision_type=2 2 10 2 2 2 2 2 2 8 2 2 10 2
left_child=1 5 -3 4 -4 -1 12 8 -6 -8 -11 -12 -2 -7
right_child=6 2 3 -5 7 13 9 -9 -10 10 11 -13 -14 -15
leaf_value=0.0062110122705301522 -0.011288564753011709 0.0062110122705301522 -0.0053057951417668382 0.0062110122705301522 0.0062110122705301522 0.020674153163065007 0.0062110122705301522 0.0062110122705301522 -0.0053057951417668382 -0.0053057951417668382 -0.020952683308422503 -0.0053057951417668382 -0.029948838299187621 0.046545302668602552
leaf_weight=23.433652912266552 41.858549527823925 366.03931897319853 851.39057088736445 144.89192351326346 40.180425878614187 26.051701929420233 34.650201299227774 254.8414763500914 93.389601201750338 15.143062380142508 40.379962403327227 13.279174841009079 42.711721379309893 14.115446560084818
leaf_count=314 2297 2403 9692 806 390 185 1688 2164 2064 810 2469 658 4093 73
internal_value=0 0.000827426 0.000179486 -0.00141826 -0.00260091 0.0183844 -0.0115026 0.00332656 -0.00469029 -0.0053058 -0.0101466 -0.0198491 -0.0209527 0.0306755
internal_weight=0 1814.33 1750.73 1384.69 1239.8 63.6008 188.023 388.412 133.57 103.452 68.8022 53.6591 84.5703 40.1671
internal_count=30106 18091 17519 15116 14310 572 12015 4618 2454 5625 3937 3127 6390 258
is_linear=0
shrinkage=0.05


Tree=71
num_leaves=15
num_cat=0
split_feature=0 13 15 7 17 7 7 7 0 16 8 6 0 9
split_gain=12.3554 6.44532 7.874 4.38612 4.43162 2.70407 2.4537 3.52192 2.08672 2.00292 1.63975 1.41781 0.692684 0.512775
threshold=1481.5000000000002 168.50000000000003 0.045850000000000009 0.37905000000000005 2.7052500000000004 0.20045000000000004 0.48075000000000007 0.73575000000000013 1733.5000000000002 0.29145000000000004 0.54565000000000008 0.26785000000000009 1543.5000000000002 42.000000000000007
decision_type=10 2 2 2 2 2 2 2 8 2 2 2 8 2
left_child=1 5 6 9 8 -1 -3 -7 12 -2 -10 -11 -5 -13
right_child=3 2 -4 4 -6 7 -8 -9 10 11 -12 13 -14 -15
leaf_value=-0.010985309497694143 -0.02063816246471941 0.00058997362857635301 0.031521675904014619 0.021279289628681881 -0.02063816246471941 0.00024584658896826238 0.015866681996926309 0.0094245926986053878 -0.02063816246471941 -0.042726269491349167 0.00024584658896826238 -0.032905236544389753 0.00024584658896826238 -0.02063816246471941
leaf_weight=51.000914075411856 56.782738491892815 25.634709760546684 36.373492322862148 11.401929509826003 15.809805495664476 1589.5276468619704 25.394794009625912 105.89393252320588 4.3324389513581982 18.274395668879151 1.272508551366627 10.349406206049027 26.857852670364082 7.026683277450501
leaf_count=2116 4820 107 171 526 989 15392 128 549 280 1788 73 945 1490 609
internal_value=0 0.000912724 0.0140843 -0.0138717 -0.00322322 0.000245847 0.00128806 0.000589974 0.000245847 -0.0206382 -0.020445 -0.0328137 0.0100256 -0.0206382
internal_weight=0 1833.83 87.403 152.108 59.6745 1746.42 51.0295 1695.42 43.8647 92.4332 5.60495 35.6505 38.2598 17.3761
internal_count=29983 18463 406 11520 3358 18057 235 15941 2369 8162 353 3342 2016 1554
is_linear=0
shrinkage=0.05


Tree=72
num_leaves=15
num_cat=0
split_feature=15 13 10 7 7 14 12 8 17 10 10 10 12 9
split_gain=7.58146 6.52851 8.51657 7.21644 4.84574 3.62481 3.422 4.1826 3.07257 5.32404 3.04491 2.59177 4.9597 2.49647
threshold=0.077250000000000013 61.500000000000007 10.597850000000001 0.44125000000000009 0.17515000000000003 4.5000000000000009 0.023850000000000007 0.22665000000000005 1.7933500000000002 10.444650000000001 11.475250000000001 10.940650000000002 0.076750000000000013 30.000000000000004
decision_type=2 2 2 2 2 2 2 2 2 2 2 2 2 2
left_child=1 4 3 5 13 -3 7 -6 10 -10 -9 12 -2 -1
right_child=11 2 -4 -5 6 -7 -8 8 9 -11 -12 -13 -14 -15
leaf_value=-0.045080469463976265 0.015760894021426924 -0.0016291324983636311 -0.0016291324983636311 0.015760894021426924 -0.017330928776313329 0.015760894021426924 -0.0016291324983636311 -0.0016291324983636311 -0.0016291324983636311 -0.017330928776313329 -0.017330928776313329 -0.00011635798468967174 0.050781284351916513 -0.017330928776313329
leaf_weight=7.7364578698761752 17.83078850153834 133.52611279860139 388.70082719251513 186.44972893595695 69.079931426327676 15.262718513607977 762.03892086353153 251.41160358302295 32.006421788595617 62.491208830848336 7.8894917452707878 10.964303085580466 13.251566683873532 32.371649257838726
leaf_count=532 285 981 2407 986 2307 64 10402 3588 1937 3975 135 139 85 2164
internal_value=0 -0.000354189 0.00340742 0.00923466 -0.00257811 0.00100591 -0.00199085 -0.00616289 -0.00393961 -0.011644 -0.00162913 0.0208596 0.0280319 -0.0194573
internal_weight=0 1948.97 723.939 335.239 1225.03 148.789 1184.92 422.879 353.799 94.4976 259.301 42.0467 31.0824 40.1081
internal_count=29987 29478 4438 2031 25040 1045 22344 11942 9635 5912 3723 509 370 2696
is_linear=0
shrinkage=0.05


Tree=73
num_leaves=15
num_cat=0
split_feature=17 12 10 10 4 1 14 2 11 12 7 7 2 16
split_gain=9.75739 5.94913 6.80505 5.59809 5.04838 3.33872 3.1876 5.10109 2.77828 1.78538 1.62026 1.2866 1.02309 0.997542
threshold=1.8677000000000001 0.021250000000000002 10.450350000000002 9.7935000000000016 7.5000000000000009 1.0000000180025095e-35 4.5000000000000009 3.5000000000000004 95.500000000000014 0.0090500000000000008 0.41595000000000004 0.49025000000000007 4.5000000000000009 0.41185000000000005
decision_type=2 2 2 2 2 2 2 2 2 2 2 2 2 2
left_child=3 2 9 10 5 8 12 -8 -5 -2 -1 -6 -7 -11
right_child=1 -3 -4 4 11 6 7 -9 -10 13 -12 -13 -14 -15
leaf_value=0.013607610789922897 -0.029079994754568128 -0.0015501922174179057 -0.029079994754568128 0.013607610789922897 0.013607610789922897 -0.0015501922174179057 -0.0015501922174179057 0.013607610789922897 -0.0015501922174179057 -0.0015501922174179057 0.023683806707126786 0.023683806707126786 0.0038367981258849849 -0.029079994754568128
leaf_weight=23.011555061675608 2.7126069990918031 80.974445776082575 65.72645831014961 57.910543395206332 38.116040870547295 1433.9576906431466 43.014068394899368 39.826918624341488 10.598369050770996 29.923843149095788 41.635946618393064 25.769366249442101 87.318281590938568 1.9488774072378863
leaf_count=310 181 5073 4629 883 158 15374 198 183 159 1990 264 131 395 93
internal_value=0 -0.0116738 -0.0197498 0.000465355 -7.64317e-05 -0.000606908 -0.00107114 0.00842333 0.0101221 -0.00169966 0.0147979 0.0136076 -0.00155019 -0.00155019
internal_weight=0 181.286 100.312 1801.16 1736.51 1672.63 1604.12 82.841 68.5089 34.5853 64.6475 63.8854 1521.28 31.8727
internal_count=30021 11966 6893 18055 17481 17192 16150 381 1042 2264 574 289 15769 2083
is_linear=0
shrinkage=0.05


Tree=74
num_leaves=15
num_cat=0
split_feature=0 7 15 5 0 10 16 10 8 8 7 12 7 9
split_gain=10.2723 5.99574 4.2624 4.85558 4.08728 3.57619 2.57102 2.39367 2.26436 1.97743 1.68781 4.65773 1.36233 1.05657
threshold=1313.5000000000002 0.24405000000000002 0.091300000000000006 2.5000000000000004 874.50000000000011 11.475250000000001 0.37425000000000003 9.834950000000001 0.57105000000000017 0.56745000000000012 0.68915000000000015 0.07035000000000001 0.41785000000000005 30.000000000000004
decision_type=10 2 2 2 10 2 2 2 2 2 2 2 2 2
left_child=2 13 3 4 -1 6 -3 -6 10 -9 -5 -12 -8 -2
right_child=1 5 -4 8 7 -7 12 9 -10 -11 11 -13 -14 -15
leaf_value=0.0035584814386479162 -0.041727813655093676 -0.0040688420551986976 0.02555707055806072 0.0035584814386479162 0.0035584814386479162 -0.024783637014059483 -0.024783637014059483 -0.0040688420551986976 0.01778434557445133 0.0035584814386479162 0.0035584814386479162 0.01778434557445133 -0.0040688420551986976 -0.024783637014059483
leaf_weight=160.48046523611993 10.339611086063085 267.56753566022962 17.174649050459266 837.74645120278001 25.668913908302784 10.548429343383757 8.3492268193513102 489.95681967772543 27.034898720681667 23.837542932480574 51.156204953789711 21.215133287012577 4.5674583446234474 35.161135236267
leaf_count=3957 978 9749 147 5426 185 422 659 4341 147 151 227 122 244 3289
internal_value=0 -0.00809583 0.00147487 0.00120677 -0.00194251 -0.00541089 -0.0042091 -0.00406884 0.00355848 -0.00406884 0.00355848 0.0113112 -0.0247836 -0.0247836
internal_weight=0 336.533 1654.27 1637.1 699.944 291.033 280.484 539.463 937.153 513.794 910.118 72.3713 12.9167 45.5007
internal_count=30044 15341 14703 14556 8634 11074 10652 4677 5922 4492 5775 349 903 4267
is_linear=0
shrinkage=0.05


Tree=75
num_leaves=15
num_cat=0
split_feature=0 10 0 8 7 12 10 0 11 7 8 0 10 7
split_gain=8.43333 4.92408 7.7193 4.93453 4.56007 3.45762 4.56722 3.46031 3.12298 2.92347 2.00528 2.15865 1.96615 1.79811
threshold=1331.5000000000002 10.018750000000002 1153.5000000000002 0.50225000000000009 0.24405000000000002 0.02145 10.909450000000001 1582.5000000000002 151.50000000000003 0.54775000000000007 0.56045000000000011 1056.5000000000002 11.455550000000002 0.20045000000000004
decision_type=10 2 10 2 2 2 2 10 2 2 2 10 2 2
left_child=1 2 9 -4 -2 6 7 8 -6 -1 13 -12 -7 -3
right_child=4 10 3 -5 5 12 -8 -9 -10 -11 11 -13 -14 -15
leaf_value=0.018778442464196774 -0.022929696247486569 -0.010928055905051972 -7.3552662324493241e-05 0.018778442464196774 -7.3552662324493241e-05 -7.3552662324493241e-05 -0.022929696247486569 -0.019863398917087594 -0.019863398917087594 0.036728077600616013 0.018532814179839908 -7.3552662324493241e-05 -0.022929696247486569 -7.3552662324493241e-05
leaf_weight=68.650171944871545 44.235966407228261 39.894726355560124 47.401608480140567 13.959015291184185 67.449031552299857 113.95255924295634 38.255595724564046 28.195083214435726 6.290318625047802 22.778867090120912 29.069069407880306 62.41941199824214 4.8323193434625855 1394.4846664536744
leaf_count=654 4304 1564 399 74 1769 4553 1797 2177 372 121 284 369 185 11485
internal_value=0 0.000785863 0.00931328 -7.35527e-05 -0.00826171 -0.00567768 -0.0109846 -0.00527334 -7.35527e-05 0.0187784 -7.35527e-05 0.00728875 -7.35527e-05 -7.35527e-05
internal_weight=0 1678.66 152.79 61.3606 303.211 258.975 140.19 101.934 73.7394 91.429 1525.87 91.4885 118.785 1434.38
internal_count=30107 14950 1248 473 15157 10853 6115 4318 2141 775 13702 653 4738 13049
is_linear=0
shrinkage=0.05


Tree=76
num_leaves=15
num_cat=0
split_feature=17 0 13 10 10 0 11 10 13 3 12 8 16 16
split_gain=10.5656 5.08036 4.92581 4.63328 5.46591 4.394 6.95014 4.66324 4.69062 2.19666 1.70067 1.74536 1.4648 1.19776
threshold=1.5710000000000002 1554.5000000000002 190.50000000000003 10.888300000000003 11.475250000000001 804.50000000000011 11.500000000000002 10.588650000000001 68.500000000000014 49.500000000000007 0.010250000000000002 0.11715000000000002 0.36255000000000004 0.37865000000000004
decision_type=2 10 2 2 2 10 2 2 2 2 2 2 2 2
left_child=2 3 4 10 5 6 -1 8 -8 -10 -2 -12 -3 -5
right_child=1 12 -4 13 -6 -7 7 -9 9 -11 11 -13 -14 -15
leaf_value=0.023028208446987022 -0.018861655325216223 -0.018861655325216223 0.023028208446987022 -0.018861655325216223 -0.013568350626415933 0.0011495450164427411 0.0011495450164427411 0.0011495450164427411 0.0050146722548814774 0.023028208446987022 -0.018861655325216223 0.0011495450164427411 -0.037888840626260217 -0.037888840626260217
leaf_weight=40.016919292509556 8.6642217379994673 63.427483089733869 25.116680167615414 32.149751081131399 59.88951204251498 1474.1932033980265 30.959074078127742 90.111278554424644 17.796868272125721 27.261124432086945 4.2667181175202122 87.499511353205889 10.834967758506535 7.3715280424803487
leaf_count=202 493 5501 120 1932 566 13934 258 564 90 130 303 4494 993 426
internal_value=0 -0.0102603 0.00147369 -0.0045893 0.00114955 0.00168187 0.00858841 0.00390833 0.0141073 0.0230282 0.00114955 0.00114955 -0.0207448 -0.0188617
internal_weight=0 214.214 1765.34 139.952 1740.23 1680.34 206.145 166.128 76.0171 45.058 100.43 91.7662 74.2625 39.5213
internal_count=30006 14142 15864 7648 15744 15178 1244 1042 478 220 5290 4797 6494 2358
is_linear=0
shrinkage=0.05


Tree=77
num_leaves=15
num_cat=0
split_feature=17 7 10 7 3 10 12 7 3 12 1 7 7 17
split_gain=6.88269 5.03723 5.16144 5.7092 3.19048 2.17254 1.978 1.88682 1.04151 0.964153 0.580331 0.532894 0.521749 0.469279
threshold=2.5522500000000004 0.20045000000000004 9.8146000000000004 0.41595000000000004 5.5000000000000009 10.994550000000002 0.024050000000000005 0.66450000000000009 5.5000000000000009 0.028950000000000004 1.0000000180025095e-35 0.75335000000000008 0.54435000000000011 0.28505000000000008
decision_type=2 2 2 2 2 2 2 2 2 2 2 2 2 2
left_child=1 4 3 13 -1 11 -5 8 -4 10 -7 -2 -8 -3
right_child=5 2 7 6 -6 9 12 -9 -10 -11 -12 -13 -14 -15
leaf_value=-0.013077052646917914 -0.013077052646917914 0.0094018779168768794 -0.0011823971646860599 0.0094018779168768794 0.00066447395818111145 -0.016801193610058589 0.023852051650746268 0.0059412067659444902 0.00066447395818111145 -0.013077052646917914 -0.03967218999961003 0.0059412067659444902 0.040968451062643435 0.00066447395818111145
leaf_weight=39.342885276768357 71.525779752992094 12.360073685646059 909.92439441289753 14.819207169115542 7.2022497993893912 6.3570889038965204 16.918742725625638 168.42672615870833 680.78423316311091 1.0182261080481101 12.719110604841264 1.4388058707118023 13.232153045013545 14.235567475203423
leaf_count=2381 5026 91 14770 124 154 373 120 1086 4244 71 1119 57 70 330
internal_value=0 0.000782842 0.00120393 0.0142722 -0.0130771 -0.0130771 0.0252164 0.000664474 0.000664474 -0.0293738 -0.033267 -0.0130771 0.0324378 0.000664474
internal_weight=0 1877.25 1830.7 71.5657 46.5451 93.059 44.9701 1759.14 1590.71 20.0944 19.0762 72.9646 30.1509 26.5956
internal_count=30016 23370 20835 735 2535 6646 314 20100 19014 1563 1492 5083 190 421
is_linear=0
shrinkage=0.05


Tree=78
num_leaves=15
num_cat=0
split_feature=0 7 10 7 9 6 11 11 13 16 6 11 16 16
split_gain=10.8552 7.11176 5.23477 4.03451 5.90712 5.67372 5.05208 3.67802 4.67237 3.52465 3.51327 3.16062 2.32156 3.36768
threshold=1259.5000000000002 0.24405000000000002 11.475250000000001 0.44125000000000009 54.000000000000007 0.81475000000000009 20.500000000000004 18.500000000000004 21.500000000000004 0.082450000000000009 0.099350000000000008 132.50000000000003 0.37555000000000005 0.41185000000000005
decision_type=10 2 2 2 2 2 2 2 2 2 2 2 2 2
left_child=3 -2 10 13 5 7 -6 8 -5 -10 -3 -7 -12 -1
right_child=1 2 -4 4 6 11 -8 -9 9 -11 12 -13 -14 -15
leaf_value=-0.00093757809706546819 -0.025644062149848091 -0.025644062149848091 -0.025644062149848091 -0.00093757809706546819 0.038783083064100783 0.0088130827384816663 0.0088130827384816663 -0.00093757809706546819 0.0088130827384816663 -0.00093757809706546819 -0.0022569898465939751 -0.00093757809706546819 -0.02493823929325352 -0.02493823929325352
leaf_weight=715.90851210802794 44.909227467142045 14.114896728657184 14.477894071489571 54.985686346888542 21.235267199575901 251.61398350447416 28.019726864993572 203.54341051727533 163.61017885059118 25.408420115709305 394.22561123501509 17.635967224836349 10.630929622799156 11.50505045801401
leaf_count=8219 4360 1041 455 342 116 1346 153 1410 926 173 9962 99 774 596
internal_value=0 -0.0069181 -0.00492337 0.00172899 0.00425899 0.00309248 0.0208356 -0.000361077 0.00523836 0.00881308 -0.00380658 0.00881308 -0.00291254 -0.000937578
internal_weight=0 478.359 433.449 1493.47 766.053 716.798 49.255 447.548 244.004 189.019 418.971 269.25 404.857 727.414
internal_count=29972 16592 12232 13380 4565 4296 269 2851 1441 1099 11777 1445 10736 8815
is_linear=0
shrinkage=0.05


Tree=79
num_leaves=14
num_cat=0
split_feature=17 10 10 7 3 7 8 11 15 12 16 10 7
split_gain=5.68138 5.29981 3.58379 7.05411 2.82486 2.75749 2.34821 1.65246 1.38328 1.47598 1.83627 1.63348 0.357963
threshold=2.5522500000000004 10.495250000000002 9.8146000000000004 0.41595000000000004 15.500000000000002 0.71905000000000008 0.37505000000000005 27.500000000000004 0.055950000000000007 0.025450000000000004 0.26755000000000007 10.695950000000002 0.54065000000000007
decision_type=2 2 2 2 2 2 2 2 2 2 2 2 2
left_child=2 -2 3 -1 7 -4 -5 -3 9 -9 -11 -12 -8
right_child=1 4 5 6 -6 -7 12 8 -10 10 11 -13 -14
leaf_value=0.0005099216333702602 0.0005099216333702602 0.0005099216333702602 0.0005099216333702602 0.0083494060215668301 0.0005099216333702602 0.0083494060215668301 0.022582625008193503 -0.032499724077919102 0.0005099216333702602 0.0005099216333702602 0.0005099216333702602 -0.032499724077919102 0.037586871394563917
leaf_weight=28.052776966243982 35.138885689433664 1.8441647896543134 1682.0110242567025 15.71802003122866 1.294906346593051 117.35933316685259 14.236233144998552 40.145708876196295 1.0073599298484612 4.2088167695328575 2.406718279235065 4.950544529594481 17.273297097533941
leaf_count=506 2410 100 21734 98 101 733 120 3154 72 320 149 343 102
internal_value=0 -0.0122165 0.000509922 0.0113477 -0.0217407 0.000509922 0.023993 -0.0246641 -0.0265529 -0.0279858 -0.0109783 -0.0268357 0.031711
internal_weight=0 90.9971 1874.65 75.2803 55.8582 1799.37 47.2276 54.5633 52.7191 51.7118 11.5661 7.35726 31.5095
internal_count=29942 6649 23293 826 4239 22467 320 4138 4038 3966 812 492 222
is_linear=0
shrinkage=0.05


Tree=80
num_leaves=15
num_cat=0
split_feature=7 9 12 7 3 16 1 17 10 16 17 10 16 15
split_gain=8.80519 6.84729 7.77543 5.43847 4.11752 4.18776 3.59639 3.39909 3.15314 3.48777 2.52115 2.03278 1.94686 1.86128
threshold=0.75335000000000008 42.000000000000007 0.025150000000000002 0.41785000000000005 17.500000000000004 -0.012549999999999999 1.0000000180025095e-35 0.12815000000000001 11.110500000000002 0.051450000000000003 0.15235000000000001 9.9965500000000009 -0.043549999999999991 0.051950000000000003
decision_type=2 2 2 2 2 2 2 2 2 2 2 2 2 2
left_child=1 2 3 6 5 -2 -1 -8 9 -4 -7 -11 -3 -9
right_child=4 12 8 -5 -6 10 7 13 -10 11 -12 -13 -14 -15
leaf_value=-0.004354162930881803 0.033820985720319711 0.011427775974685382 0.0033240512556286898 -0.004354162930881803 0.033820985720319711 0.023672256243807369 -0.004354162930881803 -0.026631484235918313 -0.004354162930881803 0.0033240512556286898 0.0037948573280644007 -0.004354162930881803 0.0033240512556286898 -0.004354162930881803
leaf_weight=36.134724352508783 12.430942907929419 75.185502469539642 536.58351029269397 248.80286033451557 20.560495186597109 14.988778173923491 10.181404687464235 86.271409695036709 142.38017635280266 27.821016723755747 51.617164054885507 210.3179703974165 487.41321557294577 2.3287783754058173
leaf_count=1706 51 360 3398 3419 121 62 114 5344 1526 442 412 4150 8753 123
internal_value=0 -0.000809627 -0.00280243 -0.00876858 0.0143769 0.00895934 -0.0168174 -0.0217289 -0.000299335 0.00109063 0.00379486 -0.00393464 0.00379486 -0.0251204
internal_weight=0 1863.42 1300.82 383.719 99.5974 79.0369 134.916 98.7816 917.103 774.722 66.6059 238.139 562.599 88.6002
internal_count=29981 29335 20222 10706 646 525 7287 5581 9516 7990 474 4592 9113 5467
is_linear=0
shrinkage=0.05


Tree=81
num_leaves=15
num_cat=0
split_feature=0 16 6 12 10 8 10 17 11 11 8 4 11 16
split_gain=6.09385 3.93378 3.56636 4.52689 5.02277 3.12763 2.94017 4.7906 2.84131 2.77588 2.37013 3.09706 1.66428 1.43359
threshold=1625.5000000000002 0.29145000000000004 0.88325000000000009 0.10085000000000001 10.018750000000002 0.54975000000000007 10.365350000000001 0.090100000000000013 156.50000000000003 55.500000000000007 0.31075000000000003 4.5000000000000009 166.50000000000003 0.41925000000000007
decision_type=10 2 2 2 2 2 2 2 2 2 2 2 2 2
left_child=2 8 3 4 -1 12 7 -4 -2 -7 -9 -12 13 -6
right_child=1 -3 6 -5 5 9 -8 10 -10 -11 11 -13 -14 -15
leaf_value=0.0044172535986755079 -0.0040359517101338236 -0.02978372280425633 0.034692848802501362 0.0044172535986755079 -0.0040359517101338236 0.0044172535986755079 0.0044172535986755079 0.0044172535986755079 -0.02978372280425633 -0.0040359517101338236 0.0044172535986755079 0.025693291836346135 -0.024833468486353705 -0.023883578681842831
leaf_weight=110.65071193268523 30.734388987068087 25.441446996759623 19.311390541493893 368.61322507821023 914.5526431328617 68.94608861207962 289.93184253573418 33.452951811254025 6.0848983521573237 27.68345872592181 21.610969968140125 31.170651108026505 8.6569532486610097 8.2547059478238207
leaf_count=1553 2686 2399 103 3687 14606 604 1715 233 544 548 110 156 639 443
internal_value=0 -0.0150561 0.000718139 -0.000391473 -0.00195057 -0.00314119 0.00493773 0.0127946 -0.00436108 0.00441725 0.00754918 0.0156621 -0.00403595 -0.00403595
internal_weight=0 62.2607 1902.84 1507.36 1138.74 1028.09 395.478 105.546 36.8193 96.6295 86.2346 52.7816 931.464 922.807
internal_count=30026 5629 24397 22080 18393 16840 2317 602 3230 1152 499 266 15688 15049
is_linear=0
shrinkage=0.05


Tree=82
num_leaves=15
num_cat=0
split_feature=13 7 10 17 17 8 16 10 7 6 8 10 9 10
split_gain=7.41856 7.01471 6.40926 4.25775 3.88668 4.29062 2.81425 3.31528 2.10197 2.04275 1.90591 1.30637 1.44342 0.632011
threshold=59.500000000000007 0.70400000000000007 10.828950000000003 0.18105000000000002 0.14315000000000003 0.38935000000000003 0.35275000000000006 10.276250000000003 0.90185000000000015 0.93845000000000012 0.51305000000000012 10.888300000000003 42.000000000000007 10.495250000000002
decision_type=2 2 2 2 2 2 2 2 2 2 2 2 2 2
left_child=6 2 4 -3 -2 9 8 -8 -1 -6 11 12 13 -9
right_child=1 3 -4 -5 5 -7 7 10 -10 -11 -12 -13 -14 -15
leaf_value=-0.0025773665365198396 0.011995251004974585 0.038556046048406782 -0.0025773665365198396 0.0093517310459356514 -0.0025773665365198396 0.0093517310459356514 -0.0025773665365198396 -0.0096330678759473411 0.0093517310459356514 0.0093517310459356514 -0.0025773665365198396 -0.037211211872206711 -0.0025773665365198396 -0.031182384035091267
leaf_weight=1115.3729857378639 167.19847495853901 20.3474405631423 249.08614932745695 32.219022817909718 163.25769694522023 125.40502431243658 13.332777777221052 6.2901839539408746 13.412792190909384 18.252296961843967 8.5602123020216805 13.833500891923903 7.6099216486327341 11.743326934054492
leaf_count=21077 933 112 1579 152 1154 763 813 415 57 107 457 1089 531 799
internal_value=0 0.00370328 0.00240659 0.0211649 0.0058844 0.00252723 -0.00257737 -0.0132033 -0.00257737 -0.00238823 -0.0202625 -0.0248661 -0.0170598 -0.0245669
internal_weight=0 775.766 723.2 52.5665 474.113 306.915 1190.16 61.3699 1128.79 181.51 48.0371 39.4769 25.6434 18.0335
internal_count=30038 4800 4536 264 2957 2024 25238 4104 21134 1261 3291 2834 1745 1214
is_linear=0
shrinkage=0.05


Tree=83
num_leaves=15
num_cat=0
split_feature=7 10 12 17 8 6 10 12 12 6 13 11 10 12
split_gain=6.267 5.50209 7.78708 5.12747 5.46275 3.53325 3.20224 3.4226 2.85895 1.61672 1.49784 1.16057 1.0973 0.827966
threshold=0.61365000000000014 11.475250000000001 0.097350000000000006 0.061950000000000005 0.50225000000000009 0.77685000000000015 10.480150000000002 0.025250000000000005 0.008850000000000002 0.8952500000000001 62.500000000000007 16.500000000000004 10.166150000000002 0.011650000000000002
decision_type=2 2 2 2 2 2 2 2 2 2 2 2 2 2
left_child=1 8 9 -2 10 12 -7 -8 -1 11 -5 -3 -6 -10
right_child=3 2 -4 4 5 6 7 -9 13 -11 -12 -13 -14 -15
leaf_value=-0.018854039420445667 0.029718564733804322 -0.018854039420445667 -0.0014397340310939261 -0.0014397340310939261 0.019642583946396598 0.029718564733804322 0.00251617191223156 0.026481095627696523 -0.0068895750030184139 -0.018854039420445667 0.00251617191223156 -0.04089379942747555 0.00251617191223156 -0.0014397340310939261
leaf_weight=22.575485512148589 20.238949090242386 10.093643583357332 14.588764237239955 90.687890917062759 8.3742089588195068 20.005189456045628 26.908397495746613 20.639687418937683 72.329198677558452 7.3521037325263014 44.62708605080843 24.646296368446201 49.088821306824684 1528.7804130013101
leaf_count=709 115 87 150 731 78 95 125 116 2347 51 227 764 504 23920
internal_value=0 -0.00197976 -0.0171562 0.0060803 0.0041359 0.0117079 0.0193759 0.011439 -0.00143973 -0.029412 -0.00143973 -0.0348989 0.00251617 -0.00143973
internal_weight=0 1680.37 56.6808 280.57 260.331 125.016 67.5533 47.5481 1623.69 42.092 135.315 34.7399 57.463 1601.11
internal_count=30019 28028 1052 1991 1876 918 336 241 26976 902 958 851 582 26267
is_linear=0
shrinkage=0.05


Tree=84
num_leaves=12
num_cat=0
split_feature=15 0 9 17 11 6 10 11 11 10 0
split_gain=5.29915 5.21928 4.52406 4.47053 4.23556 2.39961 2.39795 1.11882 0.696419 0.564821 0.13059
threshold=0.091300000000000006 1625.5000000000002 42.000000000000007 1.8677000000000001 61.500000000000007 0.33105000000000007 10.018750000000002 14.500000000000002 70.500000000000014 10.756350000000001 1307.5000000000002
decision_type=2 10 2 2 2 2 2 2 2 2 8
left_child=1 7 3 5 -2 6 -3 -1 9 -8 -6
right_child=4 2 -4 -5 10 -7 8 -9 -10 -11 -12
leaf_value=0.002537293026808227 0.037842093104262509 5.6370266258606123e-05 5.6370266258606123e-05 -0.036022334218657352 0.014486529584407251 5.6370266258606123e-05 5.6370266258606123e-05 5.6370266258606123e-05 -0.036022334218657352 -0.026642258192624807 5.6370266258606123e-05
leaf_weight=453.43694430962205 15.44111463148147 1.1053295354358876 17.014591678511351 26.488314769696444 3.0178541243076316 5.5185114075429729 1.2019668766297384 1423.2222175691277 7.932024406734854 1.1074026972055433 4.4842258957214653
leaf_count=3232 162 77 1704 2562 18 417 98 20890 640 91 176
internal_value=0 -0.000412817 -0.0147617 -0.0235827 0.0232545 -0.00312243 -0.0223155 5.63703e-05 -0.0328526 -0.00516254 5.63703e-05
internal_weight=0 1937.03 60.3681 43.3535 22.9432 16.8652 11.3467 1876.66 10.2414 2.30937 7.50208
internal_count=30067 29711 5589 3885 356 1323 906 24122 829 189 194
is_linear=0
shrinkage=0.05


Tree=85
num_leaves=15
num_cat=0
split_feature=15 9 7 16 10 0 10 17 17 0 8 6 12 8
split_gain=4.95847 5.07357 7.8603 5.88032 4.59514 3.70606 3.36629 7.23329 2.55853 2.17874 2.74018 2.69076 1.94076 2.16136
threshold=0.076550000000000021 42.000000000000007 0.48785000000000006 0.28995000000000004 11.383350000000002 804.50000000000011 10.780150000000001 0.17280000000000004 0.094550000000000009 1192.5000000000002 0.38075000000000009 0.84915000000000007 0.098750000000000018 0.14125000000000001
decision_type=2 2 2 2 2 10 2 2 2 10 2 2 2 2
left_child=1 2 3 4 5 -1 7 -2 -7 -10 11 12 -11 -14
right_child=6 -3 -4 -5 -6 8 -8 -9 9 10 -12 -13 13 -15
leaf_value=0.0023719289899884356 0.055895044202287171 0.0040567027619865326 0.0023719289899884356 -0.018937362125162442 -0.018937362125162442 0.0023719289899884356 0.0040567027619865326 0.0051827977194570177 -0.003013534851592419 -0.018937362125162442 -0.003013534851592419 -0.003013534851592419 -0.018937362125162442 -0.003013534851592419
leaf_weight=78.888962672092021 11.543753549456598 547.59679980995134 645.07928716391325 69.565259171184152 31.814022865146399 71.411210171878338 17.967718933243304 16.523244163021445 277.11383152380586 79.510773736983538 49.466227351687849 39.417581416666508 4.3440965544432428 19.10131480358541
leaf_count=868 61 8921 5063 5060 580 509 208 259 2311 3342 1760 387 160 533
internal_value=0 -5.10532e-06 -0.00163551 -0.0052211 -0.00372875 -0.00274276 0.0164276 0.0272458 -0.0044908 -0.00586676 -0.00995127 -0.013624 -0.0178482 -0.00416598
internal_weight=0 1913.31 1365.71 720.633 651.068 619.254 46.0347 28.067 540.365 468.954 191.84 142.374 102.956 23.4454
internal_count=30022 29494 20573 15510 10450 9870 528 320 9002 8493 6182 4422 4035 693
is_linear=0
shrinkage=0.05


Tree=86
num_leaves=15
num_cat=0
split_feature=9 17 8 0 12 10 7 10 10 0 16 6 3 13
split_gain=4.37904 6.82227 7.17745 4.19794 4.1811 3.36887 2.53698 3.56342 2.64195 2.03244 1.77422 5.61124 3.08466 1.56348
threshold=42.000000000000007 2.5677500000000006 0.18495000000000003 888.50000000000011 0.018350000000000002 11.401450000000002 0.66450000000000009 11.401450000000002 9.8146000000000004 1625.5000000000002 -0.043549999999999991 0.91130000000000011 60.500000000000007 65.500000000000014
decision_type=2 2 2 10 2 2 2 2 2 10 2 2 2 2
left_child=1 2 4 -4 -1 -6 7 8 -5 -3 11 12 -2 -10
right_child=10 9 3 6 5 -7 -8 -9 13 -11 -12 -13 -14 -15
leaf_value=-0.017945359093185818 0.0036368592743894626 -0.017945359093185818 0.0036368592743894626 0.0036368592743894626 -0.0036184961777487681 -0.017945359093185818 0.0036368592743894626 -0.01779268873915759 -0.0036184961777487681 -0.037025517887040303 0.0036368592743894626 0.034888806106164232 0.021098387261280157 0.0014350908542187374
leaf_weight=29.355734784621745 33.422877579927444 46.060574152506888 211.93224773742259 34.432567527517676 166.79284336557612 8.2812482640147191 154.49654921051115 34.194487132132053 499.00524948397651 13.841645387001334 489.25511649670079 17.931523986160755 24.342305600643158 188.20748443156481
leaf_count=929 164 3088 2055 354 2215 113 967 519 7904 1467 8748 90 106 1251
internal_value=0 -0.00158169 -0.000829891 0.000742327 -0.00942257 -0.00586467 -0.0010383 -0.00225521 -0.00149538 -0.0179454 0.00363686 0.011253 0.00363686 -0.00246839
internal_weight=0 1386.6 1326.7 1122.27 204.43 175.074 910.336 755.84 721.645 59.9022 564.952 75.6967 57.7652 687.213
internal_count=29970 20862 16307 13050 3257 2328 10995 10028 9509 4555 9108 360 270 9155
is_linear=0
shrinkage=0.05


Tree=87
num_leaves=15
num_cat=0
split_feature=0 12 6 7 12 16 10 6 10 0 11 8 0 4
split_gain=5.97937 5.44279 4.62135 6.34515 5.55587 4.24947 3.73258 2.98033 2.81607 3.4085 2.0941 1.9022 1.75781 1.38497
threshold=860.50000000000011 0.13585000000000003 0.26785000000000009 0.40905000000000008 0.21225000000000002 0.29285000000000005 10.687350000000002 0.96005000000000007 9.9444000000000017 1183.5000000000002 83.500000000000014 0.55685000000000007 722.50000000000011 1.5000000000000002
decision_type=10 2 2 2 2 2 2 2 2 8 2 2 8 2
left_child=1 6 3 5 8 10 7 -1 9 -4 -2 12 -8 -7
right_child=2 -3 4 -5 -6 13 11 -9 -10 -11 -12 -13 -14 -15
leaf_value=0.007650053563216597 -0.00080098912666426751 0.035029267902779132 0.016068448609500484 -0.00080098912666426751 0.035029267902779132 -0.045119183283492542 0.007650053563216597 0.035029267902779132 -0.00080098912666426751 -0.00080098912666426751 -0.019132772524322252 0.007650053563216597 -0.00080098912666426751 -0.019132772524322252
leaf_weight=184.92709647584707 14.391503561288117 14.00669697485864 54.028870649635792 33.329611450899392 9.2854047529399377 17.465376256499468 17.039610646665096 7.1998479142785063 1358.1500436570495 50.154151847586036 30.634996730368584 10.680036840960382 140.66335445642471 5.606702148448675
leaf_count=2570 1225 108 340 1760 336 1802 81 41 15667 716 2508 139 2163 571
internal_value=0 0.00550541 -0.00151631 -0.0117857 -0.000800989 -0.021011 0.00426461 0.00901501 -0.000800989 0.00743695 -0.0116278 -0.000800989 -0.000800989 -0.0380792
internal_weight=0 374.517 1573.05 101.428 1471.62 68.0986 360.51 192.127 1462.33 104.183 45.0265 168.383 157.703 23.0721
internal_count=30027 5102 24925 7866 17059 6106 4994 2611 16723 1056 3733 2383 2244 2373
is_linear=0
shrinkage=0.05


Tree=88
num_leaves=15
num_cat=0
split_feature=12 0 10 8 11 11 0 8 4 8 16 14 11 8
split_gain=4.42624 3.80953 7.55404 5.17953 4.20027 3.92474 3.22165 3.57293 2.60882 2.93426 2.27674 1.59251 1.51588 1.64013
threshold=0.21225000000000002 1259.5000000000002 11.455550000000002 0.23695000000000002 60.500000000000007 129.50000000000003 1276.5000000000002 0.53055000000000008 7.5000000000000009 0.22875000000000004 0.22635000000000002 3.5000000000000004 138.50000000000003 0.56045000000000011
decision_type=2 10 2 2 2 2 10 2 2 2 2 2 2 2
left_child=1 8 3 4 10 -5 -2 -8 12 -10 -3 -11 13 -1
right_child=6 2 -4 5 -6 -7 7 -9 9 11 -12 -13 -14 -15
leaf_value=0.0004185383603272087 0.067740477755786496 0.0004185383603272087 -0.037157763433749137 0.0004185383603272087 -0.021167791635603842 -0.01122511180103454 0.00085612437342942041 0.052896426708187096 0.0004185383603272087 0.008862402624963869 -0.021167791635603842 0.028942864895170325 -0.01122511180103454 0.0073632467837852324
leaf_weight=1318.5548700476065 2.3504127599299158 19.351390264928362 16.395010013133287 267.75445182435215 63.211030657403171 74.863539988175035 14.304371349513533 3.2999983485788098 19.866072341799736 22.193519674241543 3.7494688257575026 18.893196649849415 27.610327623784542 85.306578615680337
leaf_count=12186 64 441 666 7226 3743 3453 578 88 82 108 439 91 311 622
internal_value=0 -0.000793253 -0.00484619 -0.00352759 -0.0143992 -0.000754886 0.0223107 0.0129301 0.000418538 0.010679 -0.000754886 0.0185644 0.000418538 0.000418538
internal_weight=0 1937.75 445.325 428.93 86.3119 342.618 19.9548 17.6044 1492.42 60.9528 23.1009 41.0867 1431.47 1403.86
internal_count=30098 29368 15968 15302 4623 10679 730 666 13400 281 880 199 13119 12808
is_linear=0
shrinkage=0.05


Tree=89
num_leaves=15
num_cat=0
split_feature=0 7 10 10 0 6 12 7 11 15 0 13 7 7
split_gain=6.07146 5.51223 4.07085 3.25165 5.1243 2.95215 2.72472 4.43844 3.38497 2.4446 2.10984 2.6066 1.74848 0.90848
threshold=1259.5000000000002 0.25275000000000009 11.475250000000001 10.597850000000001 1186.5000000000002 0.96805000000000008 0.011450000000000002 0.53705000000000014 37.500000000000007 0.076850000000000016 791.50000000000011 70.500000000000014 0.39385000000000003 0.25105000000000005
decision_type=10 2 2 2 10 2 2 2 2 2 10 2 2 2
left_child=3 -2 6 4 5 9 7 8 -3 10 11 -1 -13 -12
right_child=1 2 -4 -5 -6 -7 -8 -9 -10 -11 13 12 -14 -15
leaf_value=0.0041239595750676272 -0.021719596920713631 -0.0010379926866526297 -0.021719596920713631 -0.0010379926866526297 -0.0010379926866526297 0.032636921431629544 -0.0010379926866526297 -0.0010379926866526297 -0.021719596920713631 0.026443636137830719 -0.0010379926866526297 0.0047832343686090781 0.025050894348510683 0.0040643324538907856
leaf_weight=64.524434473365545 45.57462627068162 3.0209894562140098 12.961402641609309 790.76852106209844 147.80897661112249 9.3315699696540815 348.82760837394744 18.182392886839807 33.283284787088633 12.751043826341627 21.888360030949116 15.640927352011202 36.425754047930241 389.51304235309362
leaf_count=1726 4756 33 452 7325 1193 54 9813 214 1416 93 224 73 186 2537
internal_value=0 -0.00539923 -0.00356468 0.00115697 0.00364199 0.00610523 -0.00257526 -0.0128703 -0.0217196 0.00558798 0.00503527 0.0109478 0.0191673 0.00333718
internal_weight=0 461.85 416.276 1488.65 697.884 550.075 403.314 54.4867 36.3043 540.744 527.993 116.591 52.0667 411.401
internal_count=30095 16684 11928 13411 6086 4893 11476 1663 1449 4839 4746 1985 259 2761
is_linear=0
shrinkage=0.05


Tree=90
num_leaves=15
num_cat=0
split_feature=7 9 7 0 6 12 6 11 8 7 7 9 10 17
split_gain=4.81402 4.63757 3.85701 3.74182 2.97039 2.82275 4.17708 7.37872 2.53832 2.4834 2.22351 1.92673 2.47254 1.86922
threshold=0.66450000000000009 30.000000000000004 0.54435000000000011 1625.5000000000002 0.93845000000000012 0.071050000000000016 0.59675000000000011 22.500000000000004 0.57105000000000017 0.45325000000000004 0.22765000000000005 42.000000000000007 10.761550000000002 2.5191500000000002
decision_type=2 2 2 10 2 2 2 2 2 2 2 2 2 2
left_child=1 3 4 10 5 -3 -7 11 -2 -5 -1 12 -8 -11
right_child=8 2 -4 9 -6 6 7 -9 -10 13 -12 -13 -14 -15
leaf_value=-0.02163048014591765 0.0072582334312747592 -0.004057284437379423 0.0072582334312747592 -0.039014116260310538 0.0072582334312747592 -0.004057284437379423 0.0065675595802329803 -0.004057284437379423 0.029384016893360277 -0.004057284437379423 -0.004057284437379423 0.0072582334312747592 -0.004057284437379423 -0.038132012321514586
leaf_weight=17.062666222918779 166.5196844227612 477.10293248295784 133.7138387709856 12.108514020219447 82.694706633687019 107.31387893017381 94.218583066016436 76.440114237368107 12.070100625045596 5.5827608397230488 563.51483778469265 142.39793754741549 55.02463723346591 3.0389813226647675
leaf_count=989 1211 13295 736 1371 521 1777 673 411 106 344 6941 1039 404 235
internal_value=0 -0.00133308 0.00050304 -0.00489731 -0.000544189 -0.00134415 0.00138153 0.0040987 0.00725823 -0.0252863 -0.00412706 0.00725823 0.00144653 -0.00412706
internal_weight=0 1770.21 1168.91 601.308 1035.19 952.498 475.395 368.081 178.59 20.7303 580.578 291.641 149.243 8.62174
internal_count=30053 28736 18856 9880 18120 17599 4304 2527 1317 1950 7930 2116 1077 579
is_linear=0
shrinkage=0.05


Tree=91
num_leaves=15
num_cat=0
split_feature=15 6 11 8 7 0 11 10 0 0 12 7 6 0
split_gain=6.06357 4.73513 5.12861 4.9392 4.1101 3.82937 3.31368 4.24991 3.08794 2.2226 3.03579 2.2038 1.64454 1.60442
threshold=0.076550000000000021 0.85335000000000016 18.500000000000004 0.19325000000000003 0.54775000000000007 1129.5000000000002 132.50000000000003 11.169800000000002 1.0000000180025095e-35 833.50000000000011 0.10015 0.75335000000000008 0.13525000000000001 1259.5000000000002
decision_type=2 2 2 2 2 10 2 2 10 10 2 2 2 10
left_child=1 2 5 8 9 7 11 -1 -4 -2 -11 13 -10 -3
right_child=4 6 3 -5 -6 -7 -8 -9 12 10 -12 -13 -14 -15
leaf_value=0.0051355236468230529 0.032376712393198115 0.0051355236468230529 -0.002834113869381543 -0.002834113869381543 0.045252514120192371 -0.002834113869381543 -0.002834113869381543 -0.002834113869381543 -0.042372452078636734 0.0051355236468230529 0.032376712393198115 0.01886318338358315 -0.015110259406107517 -0.0010438990319668463
leaf_weight=295.31485021114349 7.550771713256835 319.44450165331364 17.054590760730207 678.72818639874458 9.4183140564709884 251.91565708070993 36.919636644423008 44.816667124629021 5.2306145327165714 23.015530517324809 8.4536177972331625 28.376022391021252 111.30730362050235 114.76909131556749
leaf_count=1960 86 1738 835 17223 63 2304 266 304 644 336 63 136 3338 829
internal_value=0 -0.00050964 -0.00199669 -0.00457398 0.0172268 0.00154123 0.00366684 0.00366684 -0.0133268 0.00950047 0.00513552 0.00513552 -0.016684 0.00513552
internal_weight=0 1903.88 1404.37 812.321 48.4382 592.047 499.509 340.132 133.593 39.0199 31.4691 462.59 116.538 434.214
internal_count=30125 29577 26608 22040 548 4568 2969 2264 4817 485 399 2703 3982 2567
is_linear=0
shrinkage=0.05


Tree=92
num_leaves=13
num_cat=0
split_feature=13 7 6 10 10 12 0 7 8 6 7 7
split_gain=5.61885 5.76624 3.26571 2.22593 2.19859 5.85359 3.28874 4.00187 1.83004 2.1971 0.448647 0.21448
threshold=168.50000000000003 0.40905000000000008 0.77435000000000009 10.824150000000001 11.475250000000001 0.097350000000000006 1247.5000000000002 0.5515500000000001 0.17275000000000004 0.76485000000000014 0.90185000000000015 0.46205000000000007
decision_type=2 2 2 2 2 2 10 2 2 2 2 2
left_child=4 -2 -3 -4 10 6 7 8 -6 -10 11 -1
right_child=1 2 3 -5 5 -7 -8 -9 9 -11 -12 -13
leaf_value=-0.00070061738570910013 -0.00070061738570910013 0.0028015117226465698 0.03873262410580626 0.013830450485580379 -0.040589274191057415 -0.00070061738570910013 -0.040589274191057415 -0.00070061738570910013 -0.027161298506305789 -0.00070061738570910013 0.0028015117226465698 0.00017396862176344426
leaf_weight=977.14402098115534 26.571000292897224 16.708898827433586 24.024801217019558 16.540692649781704 5.4655099557712701 14.626152680255471 14.096241419203578 9.0329627934843284 12.897746305912735 6.2041232883930197 20.980800576508045 798.66577368974686
leaf_count=22044 111 75 130 84 65 152 580 55 217 49 99 6400
internal_value=0 0.0124566 0.0216473 0.0291557 -0.000700617 -0.0100177 -0.021033 -0.0118926 -0.0243827 -0.0152196 -0.000700617 -0.000700617
internal_weight=0 83.8454 57.2744 40.5655 1859.11 62.3227 47.6966 33.6003 24.5674 19.1019 1796.79 1775.81
internal_count=30061 400 289 214 29661 1118 966 386 331 266 28543 28444
is_linear=0
shrinkage=0.05


Tree=93
num_leaves=13
num_cat=0
split_feature=12 6 7 0 10 12 11 6 10 6 16 10
split_gain=3.16351 6.7208 3.71339 2.29118 2.41151 6.10394 1.93243 1.39766 1.07997 0.524991 0.398603 0.248903
threshold=0.21225000000000002 0.21095000000000003 0.41265000000000007 1744.5000000000002 11.475250000000001 0.088250000000000009 14.500000000000002 0.81475000000000009 10.157550000000002 0.28455000000000003 0.31225000000000008 10.495250000000002
decision_type=2 2 2 10 2 2 2 2 2 2 2 2
left_child=3 -2 9 4 7 6 -6 -1 -5 -3 11 -10
right_child=1 2 -4 8 5 -7 -8 -9 10 -11 -12 -13
leaf_value=-0.00082922170966470059 -0.00082922170966470059 0.00011056922914937794 0.073487876319784137 -0.00082922170966470059 -0.00082922170966470059 -0.00082922170966470059 -0.020408002639214693 0.0016521573959158997 -0.00082922170966470059 0.025688930776739879 -0.040187968003812212 -0.020685423092207434
leaf_weight=1207.8960197763517 6.5675097079947617 2.9152978817000967 4.5808854866772881 2.3440771130844924 8.0635073482990247 21.196301347576082 33.54342732951045 640.41683953627944 2.0010995455086213 5.494124504737556 3.8839370016939938 5.7153460779227316
leaf_count=23039 256 133 118 223 61 179 808 3836 203 217 420 581
internal_value=0 0.0188897 0.0412705 -0.000829222 -0.000829222 -0.0105866 -0.020408 -0.000829222 -0.020408 0.0177758 -0.0266936 -0.020408
internal_weight=0 19.5578 12.9903 1925.06 1911.12 62.8032 41.6069 1848.31 13.9445 8.40942 11.6004 7.71645
internal_count=30074 724 468 29350 27923 1048 869 26875 1427 350 1204 784
is_linear=0
shrinkage=0.05


Tree=94
num_leaves=15
num_cat=0
split_feature=8 15 14 7 13 9 10 7 13 11 13 7 15 15
split_gain=4.64313 3.404 4.24359 4.16389 2.83232 2.46313 1.33535 1.26035 1.58351 1.15062 0.504699 0.487412 0.203162 0.150202
threshold=0.10045000000000003 0.064250000000000015 4.5000000000000009 0.61365000000000014 75.500000000000014 54.000000000000007 10.365350000000001 0.68915000000000015 22.500000000000004 18.500000000000004 24.500000000000004 0.33715000000000006 0.091300000000000006 0.12855000000000003
decision_type=2 2 2 2 2 2 2 2 2 2 2 2 2 2
left_child=4 7 3 5 6 12 10 8 -2 -8 -1 -11 -3 -14
right_child=1 2 -4 -5 -6 -7 9 -9 -10 11 -12 -13 13 -15
leaf_value=-0.011574265707831934 -0.0022262949566881044 0.00054682456934132399 0.030642135722988125 0.030642135722988125 0.00054682456934132399 0.022611486279892089 -0.011574265707831934 0.0052025027419570664 0.00054682456934132399 -0.041195055993693365 0.00054682456934132399 -0.013488323251630305 0.0040428539265523252 0.013734701218931153
leaf_weight=4.843025164678691 550.46284806309268 60.632559183053672 18.416055537760258 12.79556339047849 15.7673202753067 11.71240068413317 8.2191658802330512 144.38095581531525 1077.0240547806025 12.133620329201216 5.1720765195786953 3.2702715061604986 10.420156316366048 7.0608270219527176
leaf_count=184 19348 370 88 84 91 94 77 1067 7790 512 57 36 173 116
internal_value=0 0.00110345 0.00918068 0.00507074 -0.0142728 0.00113 -0.0223447 0.000546825 0.000546825 -0.0286457 -0.00623103 -0.0364937 0.000546825 0.00848889
internal_weight=0 1892.91 121.038 102.622 49.4055 89.8259 33.6382 1771.87 1627.49 23.6231 10.0151 15.4039 78.1135 17.481
internal_count=30087 29130 925 837 957 753 866 28205 27138 625 241 548 659 289
is_linear=0
shrinkage=0.05


Tree=95
num_leaves=15
num_cat=0
split_feature=12 0 12 11 17 7 7 0 9 7 8 16 16 0
split_gain=2.69154 3.58703 10.4447 4.90696 2.98191 2.52486 2.21267 1.69384 1.65596 4.2405 2.08358 2.18142 1.40331 1.26275
threshold=0.023850000000000007 700.00000000000011 0.11175 10.500000000000002 2.5522500000000004 0.28425000000000006 0.17775000000000005 1700.5000000000002 42.000000000000007 0.41785000000000005 0.31935000000000008 -0.015149999999999999 -0.028749999999999994 1700.5000000000002
decision_type=2 10 2 2 2 2 2 10 2 2 2 2 2 10
left_child=4 2 3 -2 5 13 -3 -6 9 12 11 -11 -7 -1
right_child=1 6 -4 -5 7 8 -8 -9 -10 10 -12 -13 -14 -15
leaf_value=-0.014069962220097099 0.038358166877875056 -0.014069962220097099 0.045887787433827168 -0.00017991238816383255 -0.014069962220097099 -0.00017991238816383255 -0.00017991238816383255 -0.037760265623530201 -0.00017991238816383255 -0.00017991238816383255 -0.00017991238816383255 -0.014069962220097099 -0.014069962220097099 -0.037760265623530201
leaf_weight=36.983691025990993 7.4926895797252646 10.028329247143118 15.651324179023502 65.631217576563358 51.136835355311632 9.7297114916145784 1321.2880284776911 6.9043845380656412 109.47329830471426 16.480605367571115 193.18656071368605 34.293614451773465 55.527817936614156 3.9502899716608217
leaf_count=2822 44 621 132 1280 3980 115 13338 826 1607 131 2107 371 2125 522
internal_value=0 0.000472279 0.0101459 0.00197992 -0.00373598 -0.00237153 -0.000179912 -0.0143178 -0.00119701 -0.00401981 -0.000955125 -0.0103511 -0.01407 -0.01407
internal_weight=0 1420.09 88.7752 73.1239 517.667 459.626 1331.32 58.0412 418.692 309.218 243.961 50.7742 65.2575 40.934
internal_count=30021 15415 1456 1324 14606 9800 13959 4806 6456 4849 2609 502 2240 3344
is_linear=0
shrinkage=0.05


Tree=96
num_leaves=15
num_cat=0
split_feature=15 12 9 10 8 11 12 8 12 10 6 12 8 11
split_gain=3.66767 4.245 2.97136 3.94189 4.65167 2.6738 1.97024 1.63844 1.40199 1.15773 1.11948 1.78653 0.710772 0.68449
threshold=0.091300000000000006 0.079150000000000012 42.000000000000007 11.383350000000002 0.36285000000000006 18.500000000000004 0.084550000000000014 0.19325000000000003 0.11095000000000001 10.460050000000003 0.81475000000000009 0.067250000000000018 0.15275000000000002 85.500000000000014
decision_type=2 2 2 2 2 2 2 2 2 2 2 2 2 2
left_child=2 13 3 7 6 8 -5 -1 -4 -7 11 -6 -11 -2
right_child=1 -3 5 4 10 9 -8 -9 -10 12 -12 -13 -14 -15
leaf_value=-0.0052395142787871919 0.01550939644321957 0.044932212873918381 0.0031672390734521724 -0.036663620518447883 -0.023618676831332328 0.0031672390734521724 -0.010339461636549852 -0.00092090514622398937 0.021104012152360754 -0.0052395142787871919 -0.00092090514622398937 -0.00092090514622398937 -0.00092090514622398937 0.0031672390734521724
leaf_weight=218.67099791252986 10.299615919590002 8.6356380963698012 169.23717558011413 19.135854103136811 13.144735388457777 121.30155800934881 12.599903228692709 1068.5104711716995 36.719394210726023 28.527592961676419 8.7262207120656949 12.991136046126483 195.64166442910209 6.6629918459802857
leaf_count=4265 158 70 1333 521 373 2522 113 15262 227 679 53 118 4165 141
internal_value=0 0.0184163 -0.000279615 -0.00153971 -0.0133093 0.00281117 -0.0268474 -0.000920905 0.00316724 -0.000920905 -0.000920905 -0.0103395 -0.000920905 0.00316724
internal_weight=0 25.5982 1905.21 1353.78 66.5978 551.427 31.7358 1287.18 205.957 345.471 34.8621 26.1359 224.169 16.9626
internal_count=30000 369 29631 20705 1178 8926 634 19527 1560 7366 544 491 4844 299
is_linear=0
shrinkage=0.05


Tree=97
num_leaves=15
num_cat=0
split_feature=17 11 10 7 7 0 16 8 13 7 10 12 0 9
split_gain=4.36077 3.37135 2.92782 5.4448 2.35377 1.78209 1.68211 1.58634 1.15454 1.11961 1.02998 1.21017 1.22156 0.881765
threshold=2.5522500000000004 156.50000000000003 9.8146000000000004 0.41595000000000004 0.20045000000000004 1505.5000000000002 0.42590000000000006 0.10045000000000003 67.500000000000014 0.90185000000000015 10.994550000000002 0.027350000000000003 1342.5000000000002 30.000000000000004
decision_type=2 2 2 2 2 10 2 2 2 2 2 2 10 2
left_child=2 6 3 -1 -4 7 10 -6 -5 13 -2 12 -12 -9
right_child=1 -3 4 8 5 -7 -8 9 -10 -11 11 -13 -14 -15
leaf_value=2.4629119973565276e-05 -0.0075953475504754869 -0.039787343570200751 -0.0075953475504754869 0.015080402023540111 -0.0075953475504754869 -0.0075953475504754869 -0.039073561070379612 -0.0022174126086411347 0.032804399424289775 0.013653309580023233 -0.0075953475504754869 -0.0075953475504754869 -0.039073561070379612 2.4629119973565276e-05
leaf_weight=27.215292454697192 55.435955926775932 8.2894624629989249 40.029996047262102 34.669424370862544 38.041536019649357 67.168632186483592 3.3021978829056016 629.97524385899305 13.936382360756395 22.132295854389668 4.6135669369250527 1.7612901590764511 8.0194041929207724 977.32792750932276
leaf_count=495 4302 806 2417 257 338 5380 197 5379 74 107 308 144 892 8918
internal_value=0 -0.0113157 0.00043832 0.00999484 2.46291e-05 2.46291e-05 -0.00759535 2.46291e-05 0.0207211 2.46291e-05 -0.00759535 -0.0213712 -0.0285821 2.46291e-05
internal_weight=0 81.4219 1850.5 75.8211 1774.68 1734.65 73.1324 1667.48 48.6058 1629.44 69.8302 14.3943 12.633 1607.3
internal_count=30014 6649 23365 826 22539 20122 5843 14742 331 14404 5646 1344 1200 14297
is_linear=0
shrinkage=0.05


Tree=98
num_leaves=15
num_cat=0
split_feature=12 6 7 11 0 6 4 12 0 16 0 9 3 6
split_gain=4.41481 6.88337 4.31778 2.13723 2.15102 2.1016 1.67574 1.54765 1.44343 0.841042 0.580954 0.571174 0.48757 0.415682
threshold=0.21225000000000002 0.21095000000000003 0.52095000000000014 141.50000000000003 1733.5000000000002 0.94325000000000014 1.5000000000000002 0.026750000000000006 1342.5000000000002 -0.045849999999999995 1159.5000000000002 30.000000000000004 6.5000000000000009 0.85335000000000016
decision_type=2 2 2 2 10 2 2 2 10 2 10 2 2 2
left_child=3 -2 6 5 7 13 8 9 -3 -5 -11 -12 -13 -1
right_child=1 2 -4 4 -6 -7 -8 -9 -10 10 11 12 -14 -15
leaf_value=-0.00049031591209951165 -0.00036341001227892944 0.04084083809290201 0.094524990099963568 -0.00049031591209951165 -0.040355427799585647 0.0058376366855122539 0.053988271957550384 -0.00049031591209951165 0.0058376366855122539 -0.00049031591209951165 -0.020395983470403032 -0.011583588761528717 -0.00049031591209951165 0.0012308118677680122
leaf_weight=1337.4080910303164 6.898895904421809 2.2551785418763703 2.4106412306427947 1.7216081991791714 3.9791528214700511 141.26527739316225 2.8001234959810981 18.578425604384392 6.2164251562207937 5.453051700256764 21.730814686510712 29.110385272186253 1.742044374346732 349.89401930943131
leaf_count=22287 262 71 51 12 448 843 102 759 252 114 1080 1665 74 2068
internal_value=0 0.0223784 0.0435941 -0.00036341 -0.00837166 -0.00036341 0.0258866 -0.00625884 0.0118788 -0.010841 -0.0125684 -0.0141956 -0.00932519 -0.000490316
internal_weight=0 20.5813 13.6824 1910.88 82.3155 1828.57 11.2717 78.3363 8.4716 59.7579 58.0363 52.5832 30.8524 1687.3
internal_count=30088 738 476 29350 4152 25198 425 3704 323 2945 2933 2819 1739 24355
is_linear=0
shrinkage=0.05


Tree=99
num_leaves=14
num_cat=0
split_feature=0 8 11 0 17 9 8 12 0 16 8 8 16
split_gain=3.90141 3.5455 5.0439 5.81787 2.46923 2.47771 1.8464 1.13571 0.656679 0.480777 0.472518 0.261347 0.241951
threshold=1625.5000000000002 0.56045000000000011 17.500000000000004 1089.5000000000002 1.8677000000000001 42.000000000000007 0.52865000000000006 0.073350000000000012 1744.5000000000002 0.24255000000000002 0.22875000000000004 0.31935000000000008 0.19495000000000004
decision_type=10 2 2 10 2 2 2 2 8 2 2 2 2
left_child=1 -1 3 -3 8 6 11 -4 -2 -8 -7 -6 -13
right_child=4 2 7 -5 5 10 9 -9 -10 -11 -12 12 -14
leaf_value=0.0005772056937516668 0.010031456931551129 0.045671262938705035 0.0005772056937516668 0.0071837759707071309 -0.044743631833265352 -0.018959429867320857 0.00026320750392526458 0.0071837759707071309 0.00026320750392526458 -0.019271176033861803 0.00026320750392526458 -0.018959429867320857 -0.031127261199791964
leaf_weight=1752.791635193862 16.302644759416594 16.4112259298563 50.982646596617997 23.566306285560131 7.9817562152165982 2.1971144718117976 1.5257786484435194 24.287348765879869 5.0072575993835917 2.200466669164598 7.6522265155799687 1.8042484754696477 9.3176604295149428
leaf_count=23241 1419 97 692 144 1222 327 108 207 482 164 800 168 917
internal_value=0 0.00113837 0.00959468 0.0237123 -0.0123746 -0.0208048 -0.0295236 0.00188392 0.000577206 0.000263208 0.000263208 -0.0355324 -0.025776
internal_weight=0 1868.04 115.248 39.9775 53.9892 32.6793 22.8299 75.27 21.3099 3.72625 9.84934 19.1037 11.1219
internal_count=29988 24381 1140 241 5607 3706 2579 899 1901 272 1127 2307 1085
is_linear=0
shrinkage=0.05


Tree=100
num_leaves=11
num_cat=0
split_feature=9 0 17 13 16 0 6 6 12 16
split_gain=4.27642 5.33581 3.90557 2.20542 4.62812 2.41033 1.04787 0.949232 0.301713 0.105682
threshold=42.000000000000007 1620.5000000000002 1.8677000000000001 123.50000000000001 -0.033049999999999989 1758.5000000000002 0.26785000000000009 0.13255000000000003 0.0092500000000000013 0.31225000000000008
decision_type=2 10 2 2 2 8 2 2 2 2
left_child=1 -1 5 6 -5 7 -2 -3 -8 -4
right_child=3 2 9 4 -6 -7 8 -9 -10 -11
leaf_value=-0.0011186364888600782 -0.0011186364888600782 -0.032110519185551169 -0.032110519185551169 0.025308747179135057 0.0023707489818639202 -0.032110519185551169 -0.0011186364888600782 -0.0011186364888600782 0.0023707489818639202 -0.044497082775655478
leaf_weight=1335.4883991531096 46.138578612357378 2.3266508723609087 16.034558733925238 32.916430220007896 32.290478810667992 2.6415246743708858 8.75980162527412 10.878698904532937 436.32744605839252 7.4423871624749145
leaf_count=16900 3370 223 1791 150 143 245 168 900 5245 935
internal_value=0 -0.00166057 -0.0195811 0.00353076 0.0121017 -0.00111864 0.00237075 0.00916057 0.00237075 -0.0321105
internal_weight=0 1374.81 39.3238 556.433 65.2069 15.8469 491.226 13.2053 445.087 23.4769
internal_count=30070 20994 4094 9076 293 1368 8783 1123 5413 2726
is_linear=0
shrinkage=0.05


Tree=101
num_leaves=15
num_cat=0
split_feature=0 7 12 11 10 13 3 10 9 0 12 10 12 12
split_gain=4.89687 4.84147 3.75292 5.17516 6.08787 4.34256 2.24098 1.88371 1.46915 1.35398 1.27453 1.52045 0.506493 0.0866179
threshold=804.50000000000011 0.17775000000000005 0.13585000000000003 10.500000000000002 10.588650000000001 68.500000000000014 49.500000000000007 10.371450000000001 42.000000000000007 1.0000000180025095e-35 0.21225000000000002 11.279550000000002 0.0092500000000000013 0.14095000000000002
decision_type=10 2 2 2 2 2 2 2 2 10 2 2 2 2
left_child=2 7 3 -1 5 9 -7 8 -2 12 11 13 -5 -3
right_child=1 10 -4 4 -6 6 -8 -9 -10 -11 -12 -13 -14 -15
leaf_value=0.024290141644150595 -0.034622523477210086 -0.00023049767397244388 0.037752001452901807 -0.00023049767397244388 -0.00023049767397244388 0.006272235598213622 0.024290141644150595 -0.036215870777687828 -0.00023049767397244388 -0.00023049767397244388 0.012578319563280795 -0.0056724533844420529 0.006272235598213622 0.0051377545114103459
leaf_weight=31.423458494246006 2.1066328519955304 1476.2279601881746 8.4030836131423694 2.6550832586362949 130.76321390271187 18.076154299080372 27.029914669692516 12.086062847636638 2.710705601144582 15.255249440670012 18.421358939260244 128.64331947127357 44.132205977104604 11.388862887397407
leaf_count=164 241 20590 83 94 2452 96 136 1207 226 67 641 2007 1525 482
internal_value=0 -0.000513862 0.00665057 0.00554416 0.00297688 0.0125545 0.024185 -0.0263737 -0.000230498 0.00384936 -0.000230498 -0.000230498 0.00627224 -0.000230498
internal_weight=0 1651.58 277.738 269.335 237.912 107.149 45.1061 16.9034 4.81734 62.0425 1634.68 1616.26 46.7873 1487.62
internal_count=30011 25394 4617 4534 4370 1918 232 1674 467 1686 23720 23079 1619 21072
is_linear=0
shrinkage=0.05


Tree=102
num_leaves=15
num_cat=0
split_feature=7 12 9 10 17 17 7 17 14 8 10 0 6 15
split_gain=2.22663 3.24997 2.59163 2.75808 2.7301 2.48004 2.41306 1.5255 1.31881 2.1034 1.27975 1.44985 2.1719 1.96447
threshold=0.75335000000000008 0.083750000000000005 42.000000000000007 11.383350000000002 2.5522500000000004 0.33745000000000008 0.18775000000000003 0.15235000000000001 2.5000000000000004 0.12345000000000002 9.8146000000000004 759.50000000000011 0.81475000000000009 0.077250000000000013
decision_type=2 2 2 2 2 2 2 2 2 2 2 10 2 2
left_child=2 7 3 4 6 -3 -1 -2 9 -8 -11 -12 13 -13
right_child=1 5 -4 -5 -6 -7 8 -9 -10 10 11 12 -14 -15
leaf_value=-0.011736298029740955 0.015145626616994607 0.034110503419545239 0.0014231813185634551 -0.011736298029740955 -0.011736298029740955 0.0053774419397490548 -0.011354830890046012 0.0014231813185634551 0.0014231813185634551 0.0014231813185634551 0.0014231813185634551 -0.0048302223152910471 0.0014231813185634551 0.0014231813185634551
leaf_weight=14.801562540931625 19.263746172189713 15.503122709691526 562.40314643131569 62.908662503119558 51.028998758178204 14.59300487488508 47.283498726319522 52.45425180438906 180.668426387012 43.499991486780345 64.606280992738903 537.85201269946992 252.12236628308892 12.682707228697835
leaf_count=1088 85 89 9107 1167 4280 89 658 403 840 469 1083 8907 1627 156
internal_value=0 0.00729736 -0.000264575 -0.00161342 -0.00107544 0.0207994 -0.000569008 0.00142318 -0.000258409 -0.00118457 -0.000644696 -0.00143645 -0.00223025 -0.00398954
internal_weight=0 101.814 1829.86 1267.45 1204.55 30.0961 1153.52 71.718 1138.72 958.047 910.763 867.263 802.657 550.535
internal_count=30048 666 29382 20275 19108 178 14828 488 13740 12900 12242 11773 10690 9063
is_linear=0
shrinkage=0.05


Tree=103
num_leaves=15
num_cat=0
split_feature=15 12 10 7 12 16 0 12 6 8 11 12 10 8
split_gain=4.14746 3.59001 2.49576 2.67786 3.37668 2.34803 2.145 7.93631 2.95986 3.88969 4.10922 3.18615 2.55727 1.85417
threshold=0.091300000000000006 0.079150000000000012 11.892450000000002 0.71905000000000008 0.10475000000000002 0.41925000000000007 700.00000000000011 0.11255000000000003 0.84915000000000007 0.10045000000000003 18.500000000000004 0.054650000000000011 11.475250000000001 0.12765000000000001
decision_type=2 2 2 2 2 2 10 2 2 2 2 2 2 2
left_child=2 -2 3 5 -5 6 7 -1 9 -8 11 -11 13 -12
right_child=1 -3 -4 4 -6 -7 8 -9 -10 10 12 -13 -14 -15
leaf_value=0.0012605959576051182 0.0053004173342293881 0.044135353828207553 -0.031151211677753865 0.0034087871956061523 0.025067771533541228 -0.025116318172135728 -0.020320578288229141 0.025067771533541228 0.0012605959576051182 -0.004664440560840491 -0.017894853676676696 0.0012605959576051182 -0.020320578288229141 -0.004664440560840491
leaf_weight=117.56252637505531 16.365983470808718 8.6526716565713269 5.485489453887566 106.37930794619024 20.772652072831988 8.7145412769168598 28.558346800273284 13.359173404052852 458.38855879381299 33.26677317917347 26.754675818840042 484.09809922799468 17.003288741922006 583.02895601815544
leaf_count=3280 296 71 111 747 147 501 702 110 2784 278 942 3852 564 15644
internal_value=0 0.0199115 -0.000187067 -8.12135e-05 0.00530042 -0.000601693 -0.000466272 0.00340879 -0.00100861 -0.00240903 -0.0019446 0.0012606 -0.00466444 -0.00466444
internal_weight=0 25.0187 1903.37 1897.89 127.152 1770.73 1762.02 130.922 1631.1 1172.71 1144.15 517.365 626.787 609.784
internal_count=30029 367 29662 29551 894 28657 28156 3390 24766 21982 21280 4130 17150 16586
is_linear=0
shrinkage=0.05


Tree=104
num_leaves=14
num_cat=0
split_feature=15 16 16 6 12 7 7 9 12 16 8 7 12
split_gain=2.41014 3.76344 2.8714 2.69563 2.61439 1.27184 1.21793 0.57886 0.425025 0.394992 0.343094 0.231888 0.00897294
threshold=0.064250000000000015 -0.039149999999999997 0.41185000000000005 0.83555000000000013 0.024550000000000006 0.56835000000000013 0.90185000000000015 54.000000000000007 0.0082500000000000021 -0.092049999999999979 0.51705000000000012 0.75335000000000008 0.024550000000000006
decision_type=2 2 2 2 2 2 2 2 2 2 2 2 2
left_child=2 3 6 -2 10 7 8 -3 -1 -10 -4 12 -11
right_child=1 5 4 -5 -6 -7 -8 -9 9 11 -12 -13 -14
leaf_value=-0.011605370933561399 0.0064915817844596532 -4.2863055393806119e-05 -0.044073840255931106 0.031867422559917244 -4.2863055393806119e-05 0.0064915817844596532 0.0064915817844596532 0.0064915817844596532 0.0064915817844596532 -0.00073416614992802384 -0.011605370933561399 0.0028311161640440191 -4.2863055393806119e-05
leaf_weight=7.3395783368032417 22.283405497670174 61.263476372696459 6.4663435369729978 19.881885357201099 2.7649690127000213 12.658366970717905 20.998529426753521 10.134578187949954 20.825072526931763 473.95393979502842 1.3693478871136902 78.025711760856211 1193.1358300771099
leaf_count=204 102 586 397 104 155 84 101 87 94 14105 66 538 13505
internal_value=0 0.00691706 -0.0002032 0.0189179 -0.0249989 0.000745407 -4.28631e-05 -4.28631e-05 -4.28631e-05 -4.28631e-05 -0.039507 -4.28631e-05 -4.28631e-05
internal_weight=0 126.222 1804.88 42.1653 10.6007 84.0564 1794.28 71.3981 1773.28 1765.94 7.83569 1745.12 1667.09
internal_count=30128 963 29165 206 618 757 28547 673 28446 28242 463 28148 27610
is_linear=0
shrinkage=0.05


Tree=105
num_leaves=12
num_cat=0
split_feature=8 13 15 9 6 0 2 15 3 13 10
split_gain=3.92887 2.69393 5.84127 1.99593 3.68658 2.33431 1.8323 1.6763 1.27696 0.360484 0.249534
threshold=0.12345000000000002 168.50000000000003 0.045450000000000011 42.000000000000007 0.84915000000000007 700.00000000000011 3.5000000000000004 0.076550000000000021 65.500000000000014 6.5000000000000009 10.620550000000001
decision_type=2 2 2 2 2 10 2 2 2 2 2
left_child=3 7 8 4 5 -1 9 -2 -3 10 -7
right_child=1 2 -4 -5 -6 6 -8 -9 -10 -11 -12
leaf_value=0.00013318778962345817 0.00013318778962345817 0.00013318778962345817 0.02621608653693492 0.00013318778962345817 0.00013318778962345817 -0.023915034514167922 -0.0015221265446560817 0.010129758864584251 0.013174256111049826 -0.023915034514167922 -0.04742507358139738
leaf_weight=5.3138326825574032 1689.9254966510925 27.670774795114994 30.812302656471729 37.232412091456354 22.573545821011066 4.84169769939035 7.7365557700395575 40.936539870686829 18.72948832064867 31.56534681096673 5.228521334938705
leaf_count=217 26864 131 155 712 157 382 32 475 91 351 449
internal_value=0 0.000543414 0.00962012 -0.00896847 -0.0135054 -0.0205289 -0.0241117 0.000133188 0.000133188 -0.028175 -0.0381616
internal_weight=0 1808.07 77.2126 114.492 77.2595 54.686 49.3721 1730.86 46.4003 41.6356 10.0702
internal_count=30016 27716 377 2300 1588 1431 1214 27339 222 1182 831
is_linear=0
shrinkage=0.05


Tree=106
num_leaves=15
num_cat=0
split_feature=13 12 6 6 10 11 10 8 10 6 17 17 3 6
split_gain=3.09859 3.09749 2.79981 2.14306 2.9736 4.51754 2.42652 2.77152 2.19064 1.919 1.0882 0.786392 0.230297 0.181858
threshold=190.50000000000003 0.21225000000000002 0.21095000000000003 0.85335000000000016 11.110500000000002 16.500000000000004 11.653650000000003 0.44465000000000005 11.279550000000002 0.81475000000000009 1.8216500000000002 0.078550000000000023 6.5000000000000009 0.84915000000000007
decision_type=2 2 2 2 2 2 2 2 2 2 2 2 2 2
left_child=1 3 -3 4 13 -6 7 8 11 12 -9 -7 -10 -1
right_child=-2 2 -4 -5 5 6 -8 10 9 -11 -12 -13 -14 -15
leaf_value=-0.00057172391707541463 0.016934945072013544 -0.00052765024807453786 0.016934945072013544 0.002287743747567805 -0.00057172391707541463 -0.00057172391707541463 -0.035070251651287319 -0.00057172391707541463 -0.034231363732437826 -0.008270236506084919 -0.008270236506084919 -0.008270236506084919 -0.019257957396889402 0.002287743747567805
leaf_weight=1164.9583364822902 25.414567075669765 6.6941700102761414 14.368794788606463 496.34018390998244 74.659954898059368 3.9347245171666136 10.529438299126921 37.101809652987868 21.383944770321254 4.7292348928749552 7.1326101194135836 36.182117515010759 8.4650034750811738 13.671772822737692
leaf_count=21984 126 255 479 2955 602 22 337 448 1011 41 495 1168 72 83
internal_value=0 -0.000308597 0.0169349 -0.00052765 -0.00153916 -0.00709537 -0.0129607 -0.0107271 -0.0165378 -0.0256277 -0.000766287 -0.00827024 -0.0307469 -0.000571724
internal_weight=0 1900.15 21.063 1879.09 1382.75 204.119 129.459 118.929 74.695 34.5782 44.2344 40.1168 29.8489 1178.63
internal_count=30078 29952 734 29218 26263 4196 3594 3257 2314 1124 943 1190 1083 22067
is_linear=0
shrinkage=0.05


Tree=107
num_leaves=15
num_cat=0
split_feature=15 11 12 11 17 9 10 10 13 13 8 9 11 4
split_gain=3.98213 4.35696 5.02409 3.71387 2.91442 2.10165 1.93653 1.34144 1.31732 1.02377 0.84841 0.689206 0.613441 0.365733
threshold=0.091300000000000006 131.50000000000003 0.029550000000000003 84.500000000000014 0.22005000000000002 42.000000000000007 10.460050000000003 10.051250000000001 56.500000000000007 27.500000000000004 0.5474500000000001 18.000000000000004 18.500000000000004 4.5000000000000009
decision_type=2 2 2 2 2 2 2 2 2 2 2 2 2 2
left_child=1 12 4 9 13 7 -7 -6 10 -2 -8 -9 -1 -3
right_child=3 2 -4 -5 5 6 8 11 -10 -11 -12 -13 -14 -15
leaf_value=0.0017699502119236596 0.01474803262758519 -0.0019949511099941392 0.00028893048267372359 0.00028893048267372359 -0.0026598905334209166 -0.0019949511099941392 -0.027156334524300347 -0.041859315089791342 -0.0019949511099941392 0.041618940321658658 -0.0019949511099941392 -0.027156334524300347 0.00028893048267372359 0.00028893048267372359
leaf_weight=698.22198035567999 7.4974577464163437 16.188333444297314 20.335796379484236 6.6297449981793752 6.5282620424404731 7.7832731292583075 12.459165074862542 10.381763443816451 2.5558134764432898 10.408722490072249 1.3993269586935628 40.081405126489699 1060.5106531709898 18.969760373234749
leaf_count=5116 142 127 759 154 325 472 859 485 21 61 63 2381 18912 139
internal_value=0 -0.000381464 -0.00894704 0.0194958 -0.0141028 -0.0192579 -0.00655663 -0.0244446 -0.0195547 0.031743 -0.0261465 -0.0271563 0.00028893 -0.00199495
internal_weight=0 1895.42 136.683 24.5359 116.347 81.189 24.1976 56.9914 16.4143 17.9062 13.8585 50.4632 1758.73 35.1581
internal_count=30016 29659 5631 357 4872 4606 1415 3191 943 203 922 2866 24028 266
is_linear=0
shrinkage=0.05


Tree=108
num_leaves=15
num_cat=0
split_feature=6 0 8 7 0 4 10 7 6 12 17 13 9 6
split_gain=2.69125 4.44768 6.80926 3.61053 4.02328 3.70034 3.9123 3.42316 2.5471 1.95922 1.82312 1.25147 1.85489 2.27786
threshold=0.85335000000000016 1192.5000000000002 0.37505000000000005 0.54065000000000007 1236.5000000000002 3.5000000000000004 10.465650000000002 0.63655000000000006 0.81475000000000009 0.021750000000000002 0.078550000000000023 73.500000000000014 42.000000000000007 0.28975000000000006
decision_type=2 10 2 2 8 2 2 2 2 2 2 2 2 2
left_child=1 -1 8 -2 -4 -5 9 -8 10 -7 -3 12 -12 -14
right_child=3 2 4 5 -6 6 7 -9 -10 -11 11 -13 13 -15
leaf_value=0.0010898949961354965 0.0010898949961354965 -0.0033448245815079444 0.0099890606943504583 0.0010898949961354965 -0.0033448245815079444 0.01765088955903418 0.0010898949961354965 0.01765088955903418 -0.0033448245815079444 0.032614993854890133 -0.019730508871496012 -0.0033448245815079444 -0.019730508871496012 -0.0033448245815079444
leaf_weight=918.57781269680709 332.0347728356719 8.1774363666772825 78.255013829097152 20.463061086833477 196.68761094659567 27.221712306141853 58.557564035058022 40.829300187528133 27.007693964987993 29.488249152898788 116.36629917216487 16.438855890184641 14.711027113255112 37.953505821526051
leaf_count=9563 2099 89 566 102 6750 120 332 216 281 166 6633 187 1581 1391
internal_value=0 -0.00097002 -0.00478253 0.00326758 0.000472753 0.00911812 0.0125678 0.00647698 -0.0113034 0.022945 -0.0135868 -0.0149207 -0.0162065 -0.00819741
internal_weight=0 1414.18 495.597 508.595 274.943 176.56 156.097 99.3869 220.655 56.71 193.647 185.47 169.031 52.6645
internal_count=30076 27041 17478 3035 7316 936 834 548 10162 286 9881 9792 9605 2972
is_linear=0
shrinkage=0.05


Tree=109
num_leaves=15
num_cat=0
split_feature=16 12 0 4 5 12 11 8 2 0 9 11 7 0
split_gain=5.13673 2.35463 3.92797 2.0205 1.70602 2.76685 2.80615 1.92352 1.80816 1.50328 2.96548 2.28637 1.32479 0.590032
threshold=0.41185000000000005 0.23915000000000003 1302.5000000000002 7.5000000000000009 2.5000000000000004 0.079950000000000007 22.500000000000004 0.12765000000000001 3.5000000000000004 1062.5000000000002 42.000000000000007 13.500000000000002 0.52095000000000014 902.50000000000011
decision_type=2 2 10 2 2 2 2 2 2 10 2 2 2 8
left_child=1 3 -3 4 7 -6 -7 9 -8 -1 11 -11 -4 -5
right_child=-2 2 12 13 5 6 8 -9 -10 10 -12 -13 -14 -15
leaf_value=-0.0013562417041097221 -0.033404333603595397 0.067655076197622593 0.0058217175576470714 0.013490115867469694 -0.00070627422600821768 0.0058217175576470714 -0.00070627422600821768 -0.0013562417041097221 0.0058217175576470714 -0.0013562417041097221 -0.0013562417041097221 -0.033404333603595397 0.037398407864785883 0.0058217175576470714
leaf_weight=19.053704944439232 10.46579278539866 2.3458400387316933 9.6952513055875844 39.193727605044842 687.12411784380674 236.09949395060539 41.99148778244853 780.04653002391569 34.431261628866196 6.5102177858352688 11.032280972693114 16.937063165241852 2.3556380793452272 23.208512082695961
leaf_count=345 622 62 396 185 4798 1468 234 20045 160 80 446 991 52 105
internal_value=0 0.000162492 0.0196367 4.31541e-06 -0.000323678 0.00106875 0.00496118 -0.00199278 -0.000706274 -0.011073 -0.0172023 -0.0271969 0.00582172 0.00582172
internal_weight=0 1910.03 14.3967 1895.63 1833.23 999.646 312.522 833.58 76.4227 53.5333 34.4796 23.4473 12.0509 62.4022
internal_count=29989 29367 510 28857 28567 6660 1862 21907 394 1862 1517 1071 448 290
is_linear=0
shrinkage=0.05


Tree=110
num_leaves=14
num_cat=0
split_feature=17 11 0 15 13 16 7 8 2 8 11 9 8
split_gain=2.88521 4.34343 6.48154 4.21746 6.62402 2.03139 1.49585 0.964772 0.916016 0.884041 0.864452 0.046004 0.00981078
threshold=0.14315000000000003 27.500000000000004 722.50000000000011 0.043450000000000009 106.50000000000001 0.41925000000000007 0.49235000000000007 0.43305000000000005 3.5000000000000004 0.10045000000000003 15.500000000000002 42.000000000000007 0.40515000000000007
decision_type=2 2 10 2 2 2 2 2 2 2 2 2 2
left_child=1 2 -1 10 6 9 -5 11 -6 -2 -4 -7 -11
right_child=5 -3 3 4 8 7 -8 -9 -10 12 -12 -13 -14
leaf_value=0.029292547889393547 -0.0086301593043197761 -0.0008461122532217064 0.00083780233815542316 0.00083780233815542316 0.017369866716025285 -0.039947269681108365 0.015773983078027673 -0.0008461122532217064 0.029292547889393547 -0.0013770634043214045 -0.0008461122532217064 -0.013772107435140901 -0.0008461122532217064
leaf_weight=28.945556648075581 36.046069093048573 164.2388812713325 88.151793014258146 27.091266885399818 23.658852815628052 3.6786364177241904 16.099653750658035 2.9749746900051832 23.43104625493288 752.00262273801491 115.72536768391728 1.7196210799738763 628.13871709723026
leaf_count=156 849 1109 621 122 113 250 89 159 115 16024 797 109 9499
internal_value=0 0.00360703 0.00711537 0.00484125 0.0137738 -0.000846112 0.000837802 -0.0241245 0.0265673 -0.000846112 0.000837802 -0.0350648 -0.000846112
internal_weight=0 487.342 323.104 294.158 90.2808 1424.56 43.1909 8.37323 47.0899 1416.19 203.877 5.39826 1380.14
internal_count=30012 3122 2013 1857 439 26890 211 518 228 26372 1418 359 25523
is_linear=0
shrinkage=0.05


Tree=111
num_leaves=15
num_cat=0
split_feature=7 12 17 7 0 12 12 12 0 11 16 17 12 17
split_gain=3.27392 5.32235 3.43256 2.9536 1.95348 2.30459 1.05675 1.05982 0.684512 0.518862 0.572774 0.183232 0.127609 0.428275
threshold=0.71905000000000008 0.10475000000000002 0.15235000000000001 0.90185000000000015 1726.5000000000002 0.028150000000000005 0.21225000000000002 0.0082500000000000021 1068.5000000000002 94.500000000000014 0.21875000000000003 0.047200000000000006 0.024950000000000003 0.10405000000000002
decision_type=2 2 2 2 10 2 2 2 10 2 2 2 2 2
left_child=4 2 -2 8 6 9 7 -1 -4 -6 -11 -9 -13 -14
right_child=1 -3 3 -5 5 -7 -8 11 -10 10 -12 12 13 -15
leaf_value=-0.01876227672299317 0.018959075043377363 0.031512237458888995 0.018959075043377363 0.018959075043377363 -0.01876227672299317 -0.00018925440118394753 0.011001487797231917 0.0023811614610779719 -0.00018925440118394753 -0.01876227672299317 -0.043293605749656822 -0.001007110994897235 0.0023811614610779719 -0.00018925440118394753
leaf_weight=6.6858888790011397 26.438375003635883 19.476800436154008 9.1702148243784887 12.94759790599346 6.6433363454416403 1.5728712105192233 20.487431415356696 71.721293695271015 55.135987100191414 2.5407426203601045 6.0415687747299671 476.10584120848216 170.4073002114892 1028.8719082076568
leaf_count=197 129 141 67 60 754 160 722 333 485 301 758 13495 1103 11260
internal_value=0 0.00820628 0.00356947 -0.000189254 -0.000189254 -0.016754 -0.000189254 -0.000189254 -0.000189254 -0.0258032 -0.0347639 -0.000189254 -0.000189254 -0.000189254
internal_weight=0 123.169 103.692 77.2538 1791.08 16.7985 1774.28 1753.79 64.3062 15.2256 8.58231 1747.11 1675.39 1199.28
internal_count=29965 882 741 612 29083 1973 27110 26388 552 1813 1059 26191 25858 12363
is_linear=0
shrinkage=0.05


Tree=112
num_leaves=15
num_cat=0
split_feature=9 11 7 10 7 7 8 13 13 11 12 10 12 8
split_gain=2.51712 4.5843 2.53596 2.90842 3.03743 2.09972 3.18107 2.60044 2.29555 1.55462 2.8463 0.8955 2.47923 1.87901
threshold=42.000000000000007 8.5000000000000018 0.61365000000000014 11.073850000000002 0.21775000000000003 0.36525000000000007 0.50765000000000016 154.50000000000003 62.500000000000007 95.500000000000014 0.021850000000000005 11.475250000000001 0.086950000000000013 0.49235000000000007
decision_type=2 2 2 2 2 2 2 2 2 2 2 2 2 2
left_child=2 -2 3 4 -1 -3 8 -7 -4 -6 -11 -5 13 -13
right_child=1 5 6 11 9 7 -8 -9 -10 10 -12 12 -14 -15
leaf_value=-0.0077793621018257195 0.026119272420888535 -2.1610208087280823e-05 -2.1610208087280823e-05 -0.0077793621018257195 -2.1610208087280823e-05 0.0051321419736892948 0.0051321419736892948 0.020969478067001932 0.0051321419736892948 -0.0077793621018257195 -2.1610208087280823e-05 -0.03507999179796175 -0.0077793621018257195 -0.0077793621018257195
leaf_weight=34.840595029294491 20.070685051381588 224.0234904079698 94.879426123108715 142.31290639517829 734.93447568058036 282.39991935295984 126.51564098801464 25.02422334253788 50.043988607823849 73.201378524303436 60.116744696861133 16.865920923883099 13.031309322454034 2.7137585952877989
leaf_count=2481 118 6335 764 2644 8538 2501 906 119 268 2495 1997 484 132 90
internal_value=0 0.00324079 -0.000765387 -0.00189763 -0.000751031 0.00232933 0.00232933 0.00513214 -2.16102e-05 -2.16102e-05 -0.00540078 -0.00777936 -0.0160503 -0.0281715
internal_weight=0 551.518 1349.46 1078.02 903.093 531.448 271.439 307.424 144.923 868.253 133.318 174.924 32.611 19.5797
internal_count=29872 9073 20799 18861 15511 8955 1938 2620 1032 13030 4492 3350 706 574
is_linear=0
shrinkage=0.05


Tree=113
num_leaves=15
num_cat=0
split_feature=13 12 11 12 8 12 16 17 10 10 4 16 16 17
split_gain=2.94553 2.70279 2.34474 2.81499 2.19986 3.4889 2.51072 1.72029 1.7246 1.60975 1.68735 0.468393 0.245508 0.00892777
threshold=190.50000000000003 0.23915000000000003 131.50000000000003 0.028850000000000004 0.56045000000000011 0.077650000000000011 0.049650000000000007 0.32605000000000006 10.317350000000001 10.029300000000001 4.5000000000000009 0.32185000000000002 -0.036849999999999994 1.2316000000000003
decision_type=2 2 2 2 2 2 2 2 2 2 2 2 2 2
left_child=1 2 4 7 -1 12 -7 8 -4 -9 -10 -11 -6 -13
right_child=-2 -3 3 -5 5 6 -8 9 10 11 -12 13 -14 -15
leaf_value=0.00036622648914975405 0.017582793049220339 0.017582793049220339 0.00036622648914975405 0.00036622648914975405 0.0095142737250556164 0.017582793049220339 0.00036622648914975405 0.00036622648914975405 -0.019477849369398129 -0.019477849369398129 -0.00082693184470164754 -0.019477849369398129 0.00036622648914975405 -0.032685960448127251
leaf_weight=1628.4633989899885 23.276914305984974 14.782434303313492 15.52292489632964 17.945795754902065 6.6188832074403754 27.746746964752674 18.357231370173395 5.5577515843324354 20.222976684570312 39.513862525345758 20.739124890416861 1.3312078020535381 56.84446957660839 10.189617060124872
leaf_count=22773 119 501 107 706 34 171 131 397 164 2761 155 120 800 1071
internal_value=0 5.46479e-05 -0.000121531 -0.00654542 0.000366226 0.00741899 0.0175828 -0.0104494 -0.00416304 -0.0165426 -0.0110729 -0.0194778 0.000366226 -0.0306054
internal_weight=0 1883.84 1869.05 131.023 1738.03 109.567 46.104 113.077 56.485 56.5924 40.9621 51.0347 63.4634 11.5208
internal_count=30010 29891 29390 5481 23909 1136 302 4775 426 4349 319 3952 834 1191
is_linear=0
shrinkage=0.05


Tree=114
num_leaves=13
num_cat=0
split_feature=15 12 16 17 8 8 9 8 17 11 8 17
split_gain=2.43023 4.09323 1.7407 1.89178 1.05527 0.765175 0.521005 0.832371 0.932441 0.451259 0.16848 0.489975
threshold=0.091300000000000006 0.079150000000000012 0.41925000000000007 2.2620000000000005 0.36075000000000007 0.10045000000000003 42.000000000000007 0.16895000000000002 2.7533500000000006 84.500000000000014 0.44265000000000004 2.2620000000000005
decision_type=2 2 2 2 2 2 2 2 2 2 2 2
left_child=2 9 5 4 -4 -1 7 -7 10 -2 11 -9
right_child=1 -3 3 -5 -6 6 -8 8 -10 -11 -12 -13
leaf_value=-0.0066308370661503011 0.010053658749832233 0.041349774387358228 -0.032265838446275487 -0.04140965748266931 -0.00039918053484428936 -0.0052968409647701047 6.8806442877422417e-05 -0.00039918053484428936 -0.0052968409647701047 6.8806442877422417e-05 6.8806442877422417e-05 -0.0052968409647701047
leaf_weight=47.003359798807651 10.315768525004392 8.3549708174541575 1.7399273356422775 4.4119595335796475 1.723071035929024 137.3648857565131 532.06567634316161 661.3079068409279 34.889084949623793 6.4621074949391177 450.78046476235613 15.319853069959207
leaf_count=932 157 66 116 301 86 2788 8572 7912 2895 143 4784 1287
internal_value=0 0.0148491 -0.000503753 -0.0225957 -0.000399181 -0.000399181 -0.000235741 -0.000399181 -0.000399181 6.88064e-05 -0.000399181 -0.000399181
internal_weight=0 25.1328 1886.61 7.87496 3.463 1878.73 1831.73 1299.66 1162.3 16.7779 1127.41 676.628
internal_count=30039 366 29673 503 202 29170 28238 19666 16878 300 13983 9199
is_linear=0
shrinkage=0.05


Tree=115
num_leaves=15
num_cat=0
split_feature=16 0 12 13 10 10 0 10 10 0 7 8 9 10
split_gain=2.83841 3.11158 5.52544 2.34562 1.65187 2.9682 1.87907 4.27383 2.66204 2.63118 1.64451 1.73286 2.41269 1.28261
threshold=0.41925000000000007 700.00000000000011 0.11345000000000001 178.50000000000003 10.625650000000002 9.8146000000000004 1259.5000000000002 11.475250000000001 10.607650000000001 1192.5000000000002 0.24595000000000003 0.22875000000000004 42.000000000000007 10.612250000000001
decision_type=2 10 2 2 2 2 8 2 2 8 2 2 2 2
left_child=1 2 3 4 -1 -3 8 10 9 -7 11 12 -8 -14
right_child=-2 5 -4 -5 -6 6 7 -9 -10 -11 -12 -13 13 -15
leaf_value=0.0090586778168253567 -0.028000557447569203 0.0090586778168253567 0.036688462917832378 0.036688462917832378 -8.5098167129750392e-05 0.0047928677220095764 -0.028000557447569203 -0.028000557447569203 -0.0016281948806698369 -0.0016281948806698369 -0.0016281948806698369 -0.0016281948806698369 -0.0016281948806698369 -0.025067407529190379
leaf_weight=60.505364508368075 7.7874047053046516 70.956990068778396 13.714010128751395 3.8398370519280425 59.125771763734519 453.20948196575046 15.210353081580253 12.683755152858792 694.17371365986764 119.36443792749196 375.2733800818678 8.4184037132654321 4.9535897891037148 4.8972438662312925
leaf_count=1594 505 885 112 20 1778 3003 2029 636 5035 988 11333 941 537 598
internal_value=0 0.000482359 0.00770689 0.00421899 0.0028123 -8.50982e-05 -0.000510141 -0.00339801 0.000452551 0.00297363 -0.00246605 -0.0129267 -0.0199373 -0.00162819
internal_weight=0 1896.33 137.185 123.471 119.631 1759.14 1688.18 421.437 1266.75 572.574 408.753 33.4796 25.0612 9.85083
internal_count=29994 29489 3504 3392 3372 25985 25100 16074 9026 3991 15438 4105 3164 1135
is_linear=0
shrinkage=0.05


Tree=116
num_leaves=15
num_cat=0
split_feature=0 12 11 17 8 16 15 13 6 6 10 9 12 9
split_gain=2.63582 6.12205 4.57446 3.24399 2.59544 2.5598 2.46284 1.82715 1.23758 1.16589 0.87657 2.5885 0.757131 0.548429
threshold=700.00000000000011 0.12525000000000003 8.5000000000000018 0.029550000000000003 0.10045000000000003 -0.063449999999999993 0.079050000000000023 178.50000000000003 0.96005000000000007 0.6240500000000001 10.450350000000002 54.000000000000007 0.063150000000000026 30.000000000000004
decision_type=10 2 2 2 2 2 2 2 2 2 2 2 2 2
left_child=1 2 -1 -4 5 -2 7 8 10 -7 11 13 -11 -5
right_child=4 -3 3 6 -6 9 -8 -9 -10 12 -12 -13 -14 -15
leaf_value=0.047006062289071733 7.3189819719336104e-05 0.047006062289071733 0.045752353972795715 7.3189819719336104e-05 7.3189819719336104e-05 -0.03498019628191873 0.040183784406330858 0.032749674828267371 0.030006861851591338 -0.021912961422567628 7.3189819719336104e-05 0.030006861851591338 -0.0058621112863980257 0.0083153487222294327
leaf_weight=3.1751940995454779 4.2506760060787192 7.8748372700065365 3.1994105055928221 14.400096134282647 1716.6003587241285 7.5452695013955227 2.9149586018174878 3.280836045742034 2.6767922937870017 12.850770361721517 80.330289483070374 5.2969983285292974 17.873717274516821 23.452957464382052
leaf_count=19 18 83 16 420 25176 506 62 18 15 149 2569 157 133 655
internal_value=0 0.0067237 0.00411704 0.00248448 -0.000232482 -0.012291 0.0011033 7.31898e-05 7.31898e-05 -0.0181582 7.31898e-05 0.00800309 -0.0130546 0.00280564
internal_weight=0 146.602 138.728 135.552 1759.12 42.5204 132.353 129.438 126.157 38.2698 123.48 43.1501 30.7245 37.8531
internal_count=29996 4014 3931 3912 25982 806 3896 3834 3816 788 3801 1232 282 1075
is_linear=0
shrinkage=0.05


Tree=117
num_leaves=15
num_cat=0
split_feature=0 12 15 6 12 11 10 10 9 3 3 12 0 10
split_gain=3.003 6.56909 2.6722 2.63049 3.54391 2.32097 3.61288 1.83935 2.18881 3.02963 1.38761 0.954309 0.725808 0.511023
threshold=700.00000000000011 0.11345000000000001 0.079350000000000018 0.18785000000000004 0.012250000000000002 89.500000000000014 10.126750000000001 10.625650000000002 54.000000000000007 42.500000000000007 5.5000000000000009 0.24915000000000004 1481.5000000000002 10.490450000000001
decision_type=10 2 2 2 2 2 2 2 2 2 2 2 10 2
left_child=1 2 7 4 -2 -6 -7 8 9 -1 12 -5 13 -8
right_child=3 -3 -4 11 5 6 10 -9 -10 -11 -12 -13 -14 -15
leaf_value=-5.9370053669271761e-05 -0.039646602384644389 0.038884671581128107 0.038884671581128107 -0.00016015397167410948 -0.00016015397167410948 -0.00016015397167410948 -0.00016015397167410948 -0.00016015397167410948 0.030743159805845056 0.030630680095147945 -0.00016015397167410948 0.014938218250285393 -0.035038456823903288 -0.021651404298442103
leaf_weight=49.563428692519665 8.1791894026100618 13.508499279618261 2.8731222599744788 1710.2757257465273 17.579717826563865 4.3039394468069103 2.672081945464031 62.576389576308429 8.6764222476631385 8.5979176834225637 0.94248340255580743 9.4658245258033258 15.093235241016371 5.8314684149809182
leaf_count=1547 866 114 67 20896 1515 315 129 2017 229 44 93 305 1603 351
internal_value=0 0.00693487 0.00340507 -0.000506316 -0.01121 -0.00546945 -0.0156271 0.00215112 0.0086747 0.00491856 -0.0253236 -0.000160154 -0.0284179 -0.0142164
internal_weight=0 145.796 132.287 1774.34 54.6021 46.4229 28.8432 129.414 66.8378 58.1613 24.5393 1719.74 23.5968 8.50355
internal_count=30091 4018 3904 26073 4872 4006 2491 3837 1820 1591 2176 21201 2083 480
is_linear=0
shrinkage=0.05


Tree=118
num_leaves=8
num_cat=0
split_feature=15 11 0 16 17 8 11
split_gain=3.07398 3.58356 1.73787 1.6664 1.96359 0.941652 0.591512
threshold=0.091300000000000006 84.500000000000014 1132.5000000000002 0.41925000000000007 2.2620000000000005 0.36075000000000007 18.500000000000004
decision_type=2 2 10 2 2 2 2
left_child=3 2 -2 6 5 -5 -1
right_child=1 -3 -4 4 -6 -7 -8
leaf_value=0.0010423673220890206 0.048251571061504704 -0.0004326458507680998 0.015379259565845061 -0.031598616952158314 -0.041377993958180648 -0.0004326458507680998 -0.0004326458507680998
leaf_weight=687.82078599184752 6.5414355080574813 6.7102087321691206 11.886414702050386 1.6495836954563849 4.4132008734159172 1.7087309230118988 1176.895303964382
leaf_count=5050 71 156 135 118 318 87 24027
internal_value=0 0.0168334 0.0289311 -0.000432646 -0.0222264 -0.000432646 -0.000432646
internal_weight=0 25.1381 18.4279 1872.49 7.77152 3.35831 1864.72
internal_count=29962 362 206 29600 523 205 29077
is_linear=0
shrinkage=0.05


end of trees

feature_importances:
dsr=274
bureau_score=205
bureau_utilisation=172
log_income=171
loan_to_income=128
income_cv=119
avg_balance_to_income=94
savings_rate=85
employment_months=78
negative_balance_days=72
gambling_share=69
term_months=47
max_dpd_24m=37
inquiries_6m=29
delinquency_count_24m=27
active_loans=12
bureau_hit=10
nsf_count=10

parameters:
[boosting: gbdt]
[objective: binary]
[metric: binary_logloss]
[tree_learner: serial]
[device_type: cpu]
[data_sample_strategy: bagging]
[data: ]
[valid: ]
[num_iterations: 600]
[learning_rate: 0.05]
[num_leaves: 15]
[num_threads: 1]
[seed: 20260924]
[deterministic: 1]
[force_col_wise: 0]
[force_row_wise: 0]
[histogram_pool_size: -1]
[max_depth: -1]
[min_data_in_leaf: 80]
[min_sum_hessian_in_leaf: 0.001]
[bagging_fraction: 0.9]
[pos_bagging_fraction: 1]
[neg_bagging_fraction: 1]
[bagging_freq: 1]
[bagging_seed: 30830]
[feature_fraction: 0.9]
[feature_fraction_bynode: 1]
[feature_fraction_seed: 26541]
[extra_trees: 0]
[extra_seed: 23432]
[early_stopping_round: 0]
[first_metric_only: 0]
[max_delta_step: 0]
[lambda_l1: 0]
[lambda_l2: 1]
[linear_lambda: 0]
[min_gain_to_split: 0]
[drop_rate: 0.1]
[max_drop: 50]
[skip_drop: 0.5]
[xgboost_dart_mode: 0]
[uniform_drop: 0]
[drop_seed: 28709]
[top_rate: 0.2]
[other_rate: 0.1]
[min_data_per_group: 100]
[max_cat_threshold: 32]
[cat_l2: 10]
[cat_smooth: 10]
[max_cat_to_onehot: 4]
[top_k: 20]
[monotone_constraints: -1,0,1,1,1,1,1,1,1,1,-1,-1,1,1,1,1,-1,-1]
[monotone_constraints_method: advanced]
[monotone_penalty: 0]
[feature_contri: ]
[forcedsplits_filename: ]
[refit_decay_rate: 0.9]
[cegb_tradeoff: 1]
[cegb_penalty_split: 0]
[cegb_penalty_feature_lazy: ]
[cegb_penalty_feature_coupled: ]
[path_smooth: 0]
[interaction_constraints: ]
[verbosity: -1]
[saved_feature_importance_type: 0]
[use_quantized_grad: 0]
[num_grad_quant_bins: 4]
[quant_train_renew_leaf: 0]
[stochastic_rounding: 1]
[linear_tree: 0]
[max_bin: 255]
[max_bin_by_feature: ]
[min_data_in_bin: 3]
[bin_construct_sample_cnt: 200000]
[data_random_seed: 5099]
[is_enable_sparse: 1]
[enable_bundle: 1]
[use_missing: 1]
[zero_as_missing: 0]
[feature_pre_filter: 1]
[pre_partition: 0]
[two_round: 0]
[header: 0]
[label_column: ]
[weight_column: ]
[group_column: ]
[ignore_column: ]
[categorical_feature: ]
[forcedbins_filename: ]
[precise_float_parser: 0]
[parser_config_file: ]
[objective_seed: 14780]
[num_class: 1]
[is_unbalance: 0]
[scale_pos_weight: 1]
[sigmoid: 1]
[boost_from_average: 1]
[reg_sqrt: 0]
[alpha: 0.9]
[fair_c: 1]
[poisson_max_delta_step: 0.7]
[tweedie_variance_power: 1.5]
[lambdarank_truncation_level: 30]
[lambdarank_norm: 1]
[label_gain: ]
[lambdarank_position_bias_regularization: 0]
[eval_at: ]
[multi_error_top_k: 1]
[auc_mu_weights: ]
[num_machines: 1]
[local_listen_port: 12400]
[time_out: 120]
[machine_list_filename: ]
[machines: ]
[gpu_platform_id: -1]
[gpu_device_id: -1]
[gpu_use_dp: 0]
[num_gpu: 1]

end of parameters

pandas_categorical:[]
